port,port_id,date_time,tide_height_m,tide_type,created_at,height_m,datetime_utc,datetime_ist,state
diamond_harbour,6fdb84c4-1459-4f5a-960e-a5c50acfdeba,2026-06-30T20:14:00.000Z,1.430,LOW,,1.43,2026-06-30 20:14:00,2026-07-01 01:44:00,Low
diamond_harbour,6fdb84c4-1459-4f5a-960e-a5c50acfdeba,2026-07-01T00:51:00.000Z,5.820,HIGH,,5.82,2026-07-01 00:51:00,2026-07-01 06:21:00,High
diamond_harbour,6fdb84c4-1459-4f5a-960e-a5c50acfdeba,2026-07-01T08:34:00.000Z,1.570,LOW,,1.57,2026-07-01 08:34:00,2026-07-01 14:04:00,Low
diamond_harbour,6fdb84c4-1459-4f5a-960e-a5c50acfdeba,2026-07-01T13:12:00.000Z,5.320,HIGH,,5.32,2026-07-01 13:12:00,2026-07-01 18:42:00,High
diamond_harbour,6fdb84c4-1459-4f5a-960e-a5c50acfdeba,2026-07-01T20:45:00.000Z,1.430,LOW,,1.43,2026-07-01 20:45:00,2026-07-02 02:15:00,Low
diamond_harbour,6fdb84c4-1459-4f5a-960e-a5c50acfdeba,2026-07-02T01:19:00.000Z,5.840,HIGH,,5.84,2026-07-02 01:19:00,2026-07-02 06:49:00,High
diamond_harbour,6fdb84c4-1459-4f5a-960e-a5c50acfdeba,2026-07-02T09:08:00.000Z,1.550,LOW,,1.55,2026-07-02 09:08:00,2026-07-02 14:38:00,Low
diamond_harbour,6fdb84c4-1459-4f5a-960e-a5c50acfdeba,2026-07-02T13:42:00.000Z,5.360,HIGH,,5.36,2026-07-02 13:42:00,2026-07-02 19:12:00,High
diamond_harbour,6fdb84c4-1459-4f5a-960e-a5c50acfdeba,2026-07-02T21:18:00.000Z,1.470,LOW,,1.47,2026-07-02 21:18:00,2026-07-03 02:48:00,Low
diamond_harbour,6fdb84c4-1459-4f5a-960e-a5c50acfdeba,2026-07-03T01:53:00.000Z,5.800,HIGH,,5.8,2026-07-03 01:53:00,2026-07-03 07:23:00,High
diamond_harbour,6fdb84c4-1459-4f5a-960e-a5c50acfdeba,2026-07-03T09:44:00.000Z,1.540,LOW,,1.54,2026-07-03 09:44:00,2026-07-03 15:14:00,Low
diamond_harbour,6fdb84c4-1459-4f5a-960e-a5c50acfdeba,2026-07-03T14:17:00.000Z,5.360,HIGH,,5.36,2026-07-03 14:17:00,2026-07-03 19:47:00,High
diamond_harbour,6fdb84c4-1459-4f5a-960e-a5c50acfdeba,2026-07-03T21:51:00.000Z,1.550,LOW,,1.55,2026-07-03 21:51:00,2026-07-04 03:21:00,Low
diamond_harbour,6fdb84c4-1459-4f5a-960e-a5c50acfdeba,2026-07-04T02:29:00.000Z,5.710,HIGH,,5.71,2026-07-04 02:29:00,2026-07-04 07:59:00,High
diamond_harbour,6fdb84c4-1459-4f5a-960e-a5c50acfdeba,2026-07-04T10:20:00.000Z,1.560,LOW,,1.56,2026-07-04 10:20:00,2026-07-04 15:50:00,Low
diamond_harbour,6fdb84c4-1459-4f5a-960e-a5c50acfdeba,2026-07-04T14:54:00.000Z,5.330,HIGH,,5.33,2026-07-04 14:54:00,2026-07-04 20:24:00,High
diamond_harbour,6fdb84c4-1459-4f5a-960e-a5c50acfdeba,2026-07-04T22:23:00.000Z,1.650,LOW,,1.65,2026-07-04 22:23:00,2026-07-05 03:53:00,Low
diamond_harbour,6fdb84c4-1459-4f5a-960e-a5c50acfdeba,2026-07-05T03:07:00.000Z,5.610,HIGH,,5.61,2026-07-05 03:07:00,2026-07-05 08:37:00,High
diamond_harbour,6fdb84c4-1459-4f5a-960e-a5c50acfdeba,2026-07-05T10:55:00.000Z,1.580,LOW,,1.58,2026-07-05 10:55:00,2026-07-05 16:25:00,Low
diamond_harbour,6fdb84c4-1459-4f5a-960e-a5c50acfdeba,2026-07-05T15:33:00.000Z,5.300,HIGH,,5.3,2026-07-05 15:33:00,2026-07-05 21:03:00,High
diamond_harbour,6fdb84c4-1459-4f5a-960e-a5c50acfdeba,2026-07-05T22:56:00.000Z,1.760,LOW,,1.76,2026-07-05 22:56:00,2026-07-06 04:26:00,Low
diamond_harbour,6fdb84c4-1459-4f5a-960e-a5c50acfdeba,2026-07-06T03:47:00.000Z,5.490,HIGH,,5.49,2026-07-06 03:47:00,2026-07-06 09:17:00,High
diamond_harbour,6fdb84c4-1459-4f5a-960e-a5c50acfdeba,2026-07-06T11:28:00.000Z,1.610,LOW,,1.61,2026-07-06 11:28:00,2026-07-06 16:58:00,Low
diamond_harbour,6fdb84c4-1459-4f5a-960e-a5c50acfdeba,2026-07-06T16:16:00.000Z,5.260,HIGH,,5.26,2026-07-06 16:16:00,2026-07-06 21:46:00,High
diamond_harbour,6fdb84c4-1459-4f5a-960e-a5c50acfdeba,2026-07-06T23:34:00.000Z,1.880,LOW,,1.88,2026-07-06 23:34:00,2026-07-07 05:04:00,Low
diamond_harbour,6fdb84c4-1459-4f5a-960e-a5c50acfdeba,2026-07-07T04:32:00.000Z,5.350,HIGH,,5.35,2026-07-07 04:32:00,2026-07-07 10:02:00,High
diamond_harbour,6fdb84c4-1459-4f5a-960e-a5c50acfdeba,2026-07-07T12:06:00.000Z,1.660,LOW,,1.66,2026-07-07 12:06:00,2026-07-07 17:36:00,Low
diamond_harbour,6fdb84c4-1459-4f5a-960e-a5c50acfdeba,2026-07-07T17:06:00.000Z,5.190,HIGH,,5.19,2026-07-07 17:06:00,2026-07-07 22:36:00,High
diamond_harbour,6fdb84c4-1459-4f5a-960e-a5c50acfdeba,2026-07-08T00:22:00.000Z,2.010,LOW,,2.01,2026-07-08 00:22:00,2026-07-08 05:52:00,Low
diamond_harbour,6fdb84c4-1459-4f5a-960e-a5c50acfdeba,2026-07-08T05:27:00.000Z,5.160,HIGH,,5.16,2026-07-08 05:27:00,2026-07-08 10:57:00,High
diamond_harbour,6fdb84c4-1459-4f5a-960e-a5c50acfdeba,2026-07-08T12:55:00.000Z,1.740,LOW,,1.74,2026-07-08 12:55:00,2026-07-08 18:25:00,Low
diamond_harbour,6fdb84c4-1459-4f5a-960e-a5c50acfdeba,2026-07-08T18:13:00.000Z,5.120,HIGH,,5.12,2026-07-08 18:13:00,2026-07-08 23:43:00,High
diamond_harbour,6fdb84c4-1459-4f5a-960e-a5c50acfdeba,2026-07-09T01:28:00.000Z,2.110,LOW,,2.11,2026-07-09 01:28:00,2026-07-09 06:58:00,Low
diamond_harbour,6fdb84c4-1459-4f5a-960e-a5c50acfdeba,2026-07-09T06:43:00.000Z,4.980,HIGH,,4.98,2026-07-09 06:43:00,2026-07-09 12:13:00,High
diamond_harbour,6fdb84c4-1459-4f5a-960e-a5c50acfdeba,2026-07-09T14:06:00.000Z,1.800,LOW,,1.8,2026-07-09 14:06:00,2026-07-09 19:36:00,Low
diamond_harbour,6fdb84c4-1459-4f5a-960e-a5c50acfdeba,2026-07-09T19:39:00.000Z,5.170,HIGH,,5.17,2026-07-09 19:39:00,2026-07-10 01:09:00,High
diamond_harbour,6fdb84c4-1459-4f5a-960e-a5c50acfdeba,2026-07-10T02:56:00.000Z,2.080,LOW,,2.08,2026-07-10 02:56:00,2026-07-10 08:26:00,Low
diamond_harbour,6fdb84c4-1459-4f5a-960e-a5c50acfdeba,2026-07-10T08:08:00.000Z,4.960,HIGH,,4.96,2026-07-10 08:08:00,2026-07-10 13:38:00,High
diamond_harbour,6fdb84c4-1459-4f5a-960e-a5c50acfdeba,2026-07-10T15:33:00.000Z,1.750,LOW,,1.75,2026-07-10 15:33:00,2026-07-10 21:03:00,Low
diamond_harbour,6fdb84c4-1459-4f5a-960e-a5c50acfdeba,2026-07-10T20:54:00.000Z,5.390,HIGH,,5.39,2026-07-10 20:54:00,2026-07-11 02:24:00,High
diamond_harbour,6fdb84c4-1459-4f5a-960e-a5c50acfdeba,2026-07-11T04:29:00.000Z,1.890,LOW,,1.89,2026-07-11 04:29:00,2026-07-11 09:59:00,Low
diamond_harbour,6fdb84c4-1459-4f5a-960e-a5c50acfdeba,2026-07-11T09:23:00.000Z,5.100,HIGH,,5.1,2026-07-11 09:23:00,2026-07-11 14:53:00,High
diamond_harbour,6fdb84c4-1459-4f5a-960e-a5c50acfdeba,2026-07-11T17:00:00.000Z,1.570,LOW,,1.57,2026-07-11 17:00:00,2026-07-11 22:30:00,Low
diamond_harbour,6fdb84c4-1459-4f5a-960e-a5c50acfdeba,2026-07-11T21:57:00.000Z,5.710,HIGH,,5.71,2026-07-11 21:57:00,2026-07-12 03:27:00,High
diamond_harbour,6fdb84c4-1459-4f5a-960e-a5c50acfdeba,2026-07-12T05:53:00.000Z,1.620,LOW,,1.62,2026-07-12 05:53:00,2026-07-12 11:23:00,Low
diamond_harbour,6fdb84c4-1459-4f5a-960e-a5c50acfdeba,2026-07-12T10:27:00.000Z,5.360,HIGH,,5.36,2026-07-12 10:27:00,2026-07-12 15:57:00,High
diamond_harbour,6fdb84c4-1459-4f5a-960e-a5c50acfdeba,2026-07-12T18:16:00.000Z,1.340,LOW,,1.34,2026-07-12 18:16:00,2026-07-12 23:46:00,Low
diamond_harbour,6fdb84c4-1459-4f5a-960e-a5c50acfdeba,2026-07-12T22:50:00.000Z,6.060,HIGH,,6.06,2026-07-12 22:50:00,2026-07-13 04:20:00,High
diamond_harbour,6fdb84c4-1459-4f5a-960e-a5c50acfdeba,2026-07-13T07:01:00.000Z,1.360,LOW,,1.36,2026-07-13 07:01:00,2026-07-13 12:31:00,Low
diamond_harbour,6fdb84c4-1459-4f5a-960e-a5c50acfdeba,2026-07-13T11:21:00.000Z,5.650,HIGH,,5.65,2026-07-13 11:21:00,2026-07-13 16:51:00,High
diamond_harbour,6fdb84c4-1459-4f5a-960e-a5c50acfdeba,2026-07-13T19:23:00.000Z,1.140,LOW,,1.14,2026-07-13 19:23:00,2026-07-14 00:53:00,Low
diamond_harbour,6fdb84c4-1459-4f5a-960e-a5c50acfdeba,2026-07-13T23:36:00.000Z,6.340,HIGH,,6.34,2026-07-13 23:36:00,2026-07-14 05:06:00,High
diamond_harbour,6fdb84c4-1459-4f5a-960e-a5c50acfdeba,2026-07-14T07:59:00.000Z,1.160,LOW,,1.16,2026-07-14 07:59:00,2026-07-14 13:29:00,Low
diamond_harbour,6fdb84c4-1459-4f5a-960e-a5c50acfdeba,2026-07-14T12:08:00.000Z,5.900,HIGH,,5.9,2026-07-14 12:08:00,2026-07-14 17:38:00,High
diamond_harbour,6fdb84c4-1459-4f5a-960e-a5c50acfdeba,2026-07-14T20:18:00.000Z,1.030,LOW,,1.03,2026-07-14 20:18:00,2026-07-15 01:48:00,Low
diamond_harbour,6fdb84c4-1459-4f5a-960e-a5c50acfdeba,2026-07-15T00:20:00.000Z,6.500,HIGH,,6.5,2026-07-15 00:20:00,2026-07-15 05:50:00,High
diamond_harbour,6fdb84c4-1459-4f5a-960e-a5c50acfdeba,2026-07-15T08:50:00.000Z,1.050,LOW,,1.05,2026-07-15 08:50:00,2026-07-15 14:20:00,Low
diamond_harbour,6fdb84c4-1459-4f5a-960e-a5c50acfdeba,2026-07-15T12:53:00.000Z,6.030,HIGH,,6.03,2026-07-15 12:53:00,2026-07-15 18:23:00,High
diamond_harbour,6fdb84c4-1459-4f5a-960e-a5c50acfdeba,2026-07-15T21:05:00.000Z,1.030,LOW,,1.03,2026-07-15 21:05:00,2026-07-16 02:35:00,Low
diamond_harbour,6fdb84c4-1459-4f5a-960e-a5c50acfdeba,2026-07-16T01:03:00.000Z,6.490,HIGH,,6.49,2026-07-16 01:03:00,2026-07-16 06:33:00,High
diamond_harbour,6fdb84c4-1459-4f5a-960e-a5c50acfdeba,2026-07-16T09:33:00.000Z,1.070,LOW,,1.07,2026-07-16 09:33:00,2026-07-16 15:03:00,Low
diamond_harbour,6fdb84c4-1459-4f5a-960e-a5c50acfdeba,2026-07-16T13:37:00.000Z,6.020,HIGH,,6.02,2026-07-16 13:37:00,2026-07-16 19:07:00,High
diamond_harbour,6fdb84c4-1459-4f5a-960e-a5c50acfdeba,2026-07-16T21:47:00.000Z,1.140,LOW,,1.14,2026-07-16 21:47:00,2026-07-17 03:17:00,Low
diamond_harbour,6fdb84c4-1459-4f5a-960e-a5c50acfdeba,2026-07-17T01:49:00.000Z,6.310,HIGH,,6.31,2026-07-17 01:49:00,2026-07-17 07:19:00,High
diamond_harbour,6fdb84c4-1459-4f5a-960e-a5c50acfdeba,2026-07-17T10:12:00.000Z,1.160,LOW,,1.16,2026-07-17 10:12:00,2026-07-17 15:42:00,Low
diamond_harbour,6fdb84c4-1459-4f5a-960e-a5c50acfdeba,2026-07-17T14:22:00.000Z,5.890,HIGH,,5.89,2026-07-17 14:22:00,2026-07-17 19:52:00,High
diamond_harbour,6fdb84c4-1459-4f5a-960e-a5c50acfdeba,2026-07-17T22:20:00.000Z,1.330,LOW,,1.33,2026-07-17 22:20:00,2026-07-18 03:50:00,Low
diamond_harbour,6fdb84c4-1459-4f5a-960e-a5c50acfdeba,2026-07-18T02:35:00.000Z,6.040,HIGH,,6.04,2026-07-18 02:35:00,2026-07-18 08:05:00,High
diamond_harbour,6fdb84c4-1459-4f5a-960e-a5c50acfdeba,2026-07-18T10:44:00.000Z,1.330,LOW,,1.33,2026-07-18 10:44:00,2026-07-18 16:14:00,Low
diamond_harbour,6fdb84c4-1459-4f5a-960e-a5c50acfdeba,2026-07-18T15:05:00.000Z,5.690,HIGH,,5.69,2026-07-18 15:05:00,2026-07-18 20:35:00,High
diamond_harbour,6fdb84c4-1459-4f5a-960e-a5c50acfdeba,2026-07-18T22:48:00.000Z,1.550,LOW,,1.55,2026-07-18 22:48:00,2026-07-19 04:18:00,Low
diamond_harbour,6fdb84c4-1459-4f5a-960e-a5c50acfdeba,2026-07-19T03:19:00.000Z,5.720,HIGH,,5.72,2026-07-19 03:19:00,2026-07-19 08:49:00,High
diamond_harbour,6fdb84c4-1459-4f5a-960e-a5c50acfdeba,2026-07-19T11:09:00.000Z,1.500,LOW,,1.5,2026-07-19 11:09:00,2026-07-19 16:39:00,Low
diamond_harbour,6fdb84c4-1459-4f5a-960e-a5c50acfdeba,2026-07-19T15:46:00.000Z,5.470,HIGH,,5.47,2026-07-19 15:46:00,2026-07-19 21:16:00,High
diamond_harbour,6fdb84c4-1459-4f5a-960e-a5c50acfdeba,2026-07-19T23:13:00.000Z,1.770,LOW,,1.77,2026-07-19 23:13:00,2026-07-20 04:43:00,Low
diamond_harbour,6fdb84c4-1459-4f5a-960e-a5c50acfdeba,2026-07-20T03:59:00.000Z,5.410,HIGH,,5.41,2026-07-20 03:59:00,2026-07-20 09:29:00,High
diamond_harbour,6fdb84c4-1459-4f5a-960e-a5c50acfdeba,2026-07-20T11:32:00.000Z,1.670,LOW,,1.67,2026-07-20 11:32:00,2026-07-20 17:02:00,Low
diamond_harbour,6fdb84c4-1459-4f5a-960e-a5c50acfdeba,2026-07-20T16:25:00.000Z,5.240,HIGH,,5.24,2026-07-20 16:25:00,2026-07-20 21:55:00,High
diamond_harbour,6fdb84c4-1459-4f5a-960e-a5c50acfdeba,2026-07-20T23:36:00.000Z,1.990,LOW,,1.99,2026-07-20 23:36:00,2026-07-21 05:06:00,Low
diamond_harbour,6fdb84c4-1459-4f5a-960e-a5c50acfdeba,2026-07-21T04:36:00.000Z,5.100,HIGH,,5.1,2026-07-21 04:36:00,2026-07-21 10:06:00,High
diamond_harbour,6fdb84c4-1459-4f5a-960e-a5c50acfdeba,2026-07-21T11:56:00.000Z,1.870,LOW,,1.87,2026-07-21 11:56:00,2026-07-21 17:26:00,Low
diamond_harbour,6fdb84c4-1459-4f5a-960e-a5c50acfdeba,2026-07-21T17:08:00.000Z,4.990,HIGH,,4.99,2026-07-21 17:08:00,2026-07-21 22:38:00,High
diamond_harbour,6fdb84c4-1459-4f5a-960e-a5c50acfdeba,2026-07-22T00:09:00.000Z,2.240,LOW,,2.24,2026-07-22 00:09:00,2026-07-22 05:39:00,Low
diamond_harbour,6fdb84c4-1459-4f5a-960e-a5c50acfdeba,2026-07-22T05:22:00.000Z,4.780,HIGH,,4.78,2026-07-22 05:22:00,2026-07-22 10:52:00,High
diamond_harbour,6fdb84c4-1459-4f5a-960e-a5c50acfdeba,2026-07-22T12:34:00.000Z,2.090,LOW,,2.09,2026-07-22 12:34:00,2026-07-22 18:04:00,Low
diamond_harbour,6fdb84c4-1459-4f5a-960e-a5c50acfdeba,2026-07-22T18:14:00.000Z,4.760,HIGH,,4.76,2026-07-22 18:14:00,2026-07-22 23:44:00,High
diamond_harbour,6fdb84c4-1459-4f5a-960e-a5c50acfdeba,2026-07-23T01:15:00.000Z,2.450,LOW,,2.45,2026-07-23 01:15:00,2026-07-23 06:45:00,Low
diamond_harbour,6fdb84c4-1459-4f5a-960e-a5c50acfdeba,2026-07-23T06:35:00.000Z,4.500,HIGH,,4.5,2026-07-23 06:35:00,2026-07-23 12:05:00,High
diamond_harbour,6fdb84c4-1459-4f5a-960e-a5c50acfdeba,2026-07-23T13:52:00.000Z,2.260,LOW,,2.26,2026-07-23 13:52:00,2026-07-23 19:22:00,Low
diamond_harbour,6fdb84c4-1459-4f5a-960e-a5c50acfdeba,2026-07-23T19:54:00.000Z,4.700,HIGH,,4.7,2026-07-23 19:54:00,2026-07-24 01:24:00,High
diamond_harbour,6fdb84c4-1459-4f5a-960e-a5c50acfdeba,2026-07-24T03:01:00.000Z,2.470,LOW,,2.47,2026-07-24 03:01:00,2026-07-24 08:31:00,Low
diamond_harbour,6fdb84c4-1459-4f5a-960e-a5c50acfdeba,2026-07-24T08:29:00.000Z,4.420,HIGH,,4.42,2026-07-24 08:29:00,2026-07-24 13:59:00,High
diamond_harbour,6fdb84c4-1459-4f5a-960e-a5c50acfdeba,2026-07-24T15:32:00.000Z,2.220,LOW,,2.22,2026-07-24 15:32:00,2026-07-24 21:02:00,Low
diamond_harbour,6fdb84c4-1459-4f5a-960e-a5c50acfdeba,2026-07-24T21:26:00.000Z,4.880,HIGH,,4.88,2026-07-24 21:26:00,2026-07-25 02:56:00,High
diamond_harbour,6fdb84c4-1459-4f5a-960e-a5c50acfdeba,2026-07-25T04:34:00.000Z,2.270,LOW,,2.27,2026-07-25 04:34:00,2026-07-25 10:04:00,Low
diamond_harbour,6fdb84c4-1459-4f5a-960e-a5c50acfdeba,2026-07-25T09:59:00.000Z,4.580,HIGH,,4.58,2026-07-25 09:59:00,2026-07-25 15:29:00,High
diamond_harbour,6fdb84c4-1459-4f5a-960e-a5c50acfdeba,2026-07-25T16:53:00.000Z,2.010,LOW,,2.01,2026-07-25 16:53:00,2026-07-25 22:23:00,Low
diamond_harbour,6fdb84c4-1459-4f5a-960e-a5c50acfdeba,2026-07-25T22:23:00.000Z,5.150,HIGH,,5.15,2026-07-25 22:23:00,2026-07-26 03:53:00,High
diamond_harbour,6fdb84c4-1459-4f5a-960e-a5c50acfdeba,2026-07-26T05:41:00.000Z,2.010,LOW,,2.01,2026-07-26 05:41:00,2026-07-26 11:11:00,Low
diamond_harbour,6fdb84c4-1459-4f5a-960e-a5c50acfdeba,2026-07-26T10:53:00.000Z,4.810,HIGH,,4.81,2026-07-26 10:53:00,2026-07-26 16:23:00,High
diamond_harbour,6fdb84c4-1459-4f5a-960e-a5c50acfdeba,2026-07-26T17:57:00.000Z,1.780,LOW,,1.78,2026-07-26 17:57:00,2026-07-26 23:27:00,Low
diamond_harbour,6fdb84c4-1459-4f5a-960e-a5c50acfdeba,2026-07-26T23:08:00.000Z,5.430,HIGH,,5.43,2026-07-26 23:08:00,2026-07-27 04:38:00,High
diamond_harbour,6fdb84c4-1459-4f5a-960e-a5c50acfdeba,2026-07-27T06:35:00.000Z,1.790,LOW,,1.79,2026-07-27 06:35:00,2026-07-27 12:05:00,Low
diamond_harbour,6fdb84c4-1459-4f5a-960e-a5c50acfdeba,2026-07-27T11:33:00.000Z,5.040,HIGH,,5.04,2026-07-27 11:33:00,2026-07-27 17:03:00,High
diamond_harbour,6fdb84c4-1459-4f5a-960e-a5c50acfdeba,2026-07-27T18:50:00.000Z,1.590,LOW,,1.59,2026-07-27 18:50:00,2026-07-28 00:20:00,Low
diamond_harbour,6fdb84c4-1459-4f5a-960e-a5c50acfdeba,2026-07-27T23:43:00.000Z,5.670,HIGH,,5.67,2026-07-27 23:43:00,2026-07-28 05:13:00,High
diamond_harbour,6fdb84c4-1459-4f5a-960e-a5c50acfdeba,2026-07-28T07:18:00.000Z,1.610,LOW,,1.61,2026-07-28 07:18:00,2026-07-28 12:48:00,Low
diamond_harbour,6fdb84c4-1459-4f5a-960e-a5c50acfdeba,2026-07-28T12:04:00.000Z,5.260,HIGH,,5.26,2026-07-28 12:04:00,2026-07-28 17:34:00,High
diamond_harbour,6fdb84c4-1459-4f5a-960e-a5c50acfdeba,2026-07-28T19:32:00.000Z,1.450,LOW,,1.45,2026-07-28 19:32:00,2026-07-29 01:02:00,Low
diamond_harbour,6fdb84c4-1459-4f5a-960e-a5c50acfdeba,2026-07-29T00:11:00.000Z,5.890,HIGH,,5.89,2026-07-29 00:11:00,2026-07-29 05:41:00,High
diamond_harbour,6fdb84c4-1459-4f5a-960e-a5c50acfdeba,2026-07-29T07:54:00.000Z,1.470,LOW,,1.47,2026-07-29 07:54:00,2026-07-29 13:24:00,Low
diamond_harbour,6fdb84c4-1459-4f5a-960e-a5c50acfdeba,2026-07-29T12:28:00.000Z,5.480,HIGH,,5.48,2026-07-29 12:28:00,2026-07-29 17:58:00,High
diamond_harbour,6fdb84c4-1459-4f5a-960e-a5c50acfdeba,2026-07-29T20:07:00.000Z,1.360,LOW,,1.36,2026-07-29 20:07:00,2026-07-30 01:37:00,Low
diamond_harbour,6fdb84c4-1459-4f5a-960e-a5c50acfdeba,2026-07-30T00:32:00.000Z,6.060,HIGH,,6.06,2026-07-30 00:32:00,2026-07-30 06:02:00,High
diamond_harbour,6fdb84c4-1459-4f5a-960e-a5c50acfdeba,2026-07-30T08:25:00.000Z,1.360,LOW,,1.36,2026-07-30 08:25:00,2026-07-30 13:55:00,Low
diamond_harbour,6fdb84c4-1459-4f5a-960e-a5c50acfdeba,2026-07-30T12:50:00.000Z,5.670,HIGH,,5.67,2026-07-30 12:50:00,2026-07-30 18:20:00,High
diamond_harbour,6fdb84c4-1459-4f5a-960e-a5c50acfdeba,2026-07-30T20:37:00.000Z,1.290,LOW,,1.29,2026-07-30 20:37:00,2026-07-31 02:07:00,Low
diamond_harbour,6fdb84c4-1459-4f5a-960e-a5c50acfdeba,2026-07-31T00:55:00.000Z,6.160,HIGH,,6.16,2026-07-31 00:55:00,2026-07-31 06:25:00,High
diamond_harbour,6fdb84c4-1459-4f5a-960e-a5c50acfdeba,2026-07-31T08:56:00.000Z,1.270,LOW,,1.27,2026-07-31 08:56:00,2026-07-31 14:26:00,Low
diamond_harbour,6fdb84c4-1459-4f5a-960e-a5c50acfdeba,2026-07-31T13:15:00.000Z,5.820,HIGH,,5.82,2026-07-31 13:15:00,2026-07-31 18:45:00,High
diamond_harbour,6fdb84c4-1459-4f5a-960e-a5c50acfdeba,2026-07-31T21:09:00.000Z,1.270,LOW,,1.27,2026-07-31 21:09:00,2026-08-01 02:39:00,Low
diamond_harbour,6fdb84c4-1459-4f5a-960e-a5c50acfdeba,2026-08-01T01:24:00.000Z,6.160,HIGH,,6.16,2026-08-01 01:24:00,2026-08-01 06:54:00,High
diamond_harbour,6fdb84c4-1459-4f5a-960e-a5c50acfdeba,2026-08-01T09:30:00.000Z,1.230,LOW,,1.23,2026-08-01 09:30:00,2026-08-01 15:00:00,Low
diamond_harbour,6fdb84c4-1459-4f5a-960e-a5c50acfdeba,2026-08-01T13:46:00.000Z,5.880,HIGH,,5.88,2026-08-01 13:46:00,2026-08-01 19:16:00,High
diamond_harbour,6fdb84c4-1459-4f5a-960e-a5c50acfdeba,2026-08-01T21:43:00.000Z,1.300,LOW,,1.3,2026-08-01 21:43:00,2026-08-02 03:13:00,Low
diamond_harbour,6fdb84c4-1459-4f5a-960e-a5c50acfdeba,2026-08-02T01:59:00.000Z,6.080,HIGH,,6.08,2026-08-02 01:59:00,2026-08-02 07:29:00,High
diamond_harbour,6fdb84c4-1459-4f5a-960e-a5c50acfdeba,2026-08-02T10:03:00.000Z,1.240,LOW,,1.24,2026-08-02 10:03:00,2026-08-02 15:33:00,Low
diamond_harbour,6fdb84c4-1459-4f5a-960e-a5c50acfdeba,2026-08-02T14:20:00.000Z,5.870,HIGH,,5.87,2026-08-02 14:20:00,2026-08-02 19:50:00,High
diamond_harbour,6fdb84c4-1459-4f5a-960e-a5c50acfdeba,2026-08-02T22:14:00.000Z,1.390,LOW,,1.39,2026-08-02 22:14:00,2026-08-03 03:44:00,Low
diamond_harbour,6fdb84c4-1459-4f5a-960e-a5c50acfdeba,2026-08-03T02:36:00.000Z,5.930,HIGH,,5.93,2026-08-03 02:36:00,2026-08-03 08:06:00,High
diamond_harbour,6fdb84c4-1459-4f5a-960e-a5c50acfdeba,2026-08-03T10:34:00.000Z,1.290,LOW,,1.29,2026-08-03 10:34:00,2026-08-03 16:04:00,Low
diamond_harbour,6fdb84c4-1459-4f5a-960e-a5c50acfdeba,2026-08-03T14:59:00.000Z,5.800,HIGH,,5.8,2026-08-03 14:59:00,2026-08-03 20:29:00,High
diamond_harbour,6fdb84c4-1459-4f5a-960e-a5c50acfdeba,2026-08-03T22:43:00.000Z,1.520,LOW,,1.52,2026-08-03 22:43:00,2026-08-04 04:13:00,Low
diamond_harbour,6fdb84c4-1459-4f5a-960e-a5c50acfdeba,2026-08-04T03:15:00.000Z,5.750,HIGH,,5.75,2026-08-04 03:15:00,2026-08-04 08:45:00,High
diamond_harbour,6fdb84c4-1459-4f5a-960e-a5c50acfdeba,2026-08-04T11:04:00.000Z,1.380,LOW,,1.38,2026-08-04 11:04:00,2026-08-04 16:34:00,Low
diamond_harbour,6fdb84c4-1459-4f5a-960e-a5c50acfdeba,2026-08-04T15:39:00.000Z,5.670,HIGH,,5.67,2026-08-04 15:39:00,2026-08-04 21:09:00,High
diamond_harbour,6fdb84c4-1459-4f5a-960e-a5c50acfdeba,2026-08-04T23:12:00.000Z,1.700,LOW,,1.7,2026-08-04 23:12:00,2026-08-05 04:42:00,Low
diamond_harbour,6fdb84c4-1459-4f5a-960e-a5c50acfdeba,2026-08-05T03:55:00.000Z,5.510,HIGH,,5.51,2026-08-05 03:55:00,2026-08-05 09:25:00,High
diamond_harbour,6fdb84c4-1459-4f5a-960e-a5c50acfdeba,2026-08-05T11:35:00.000Z,1.520,LOW,,1.52,2026-08-05 11:35:00,2026-08-05 17:05:00,Low
diamond_harbour,6fdb84c4-1459-4f5a-960e-a5c50acfdeba,2026-08-05T16:22:00.000Z,5.460,HIGH,,5.46,2026-08-05 16:22:00,2026-08-05 21:52:00,High
diamond_harbour,6fdb84c4-1459-4f5a-960e-a5c50acfdeba,2026-08-05T23:50:00.000Z,1.930,LOW,,1.93,2026-08-05 23:50:00,2026-08-06 05:20:00,Low
diamond_harbour,6fdb84c4-1459-4f5a-960e-a5c50acfdeba,2026-08-06T04:44:00.000Z,5.190,HIGH,,5.19,2026-08-06 04:44:00,2026-08-06 10:14:00,High
diamond_harbour,6fdb84c4-1459-4f5a-960e-a5c50acfdeba,2026-08-06T12:16:00.000Z,1.740,LOW,,1.74,2026-08-06 12:16:00,2026-08-06 17:46:00,Low
diamond_harbour,6fdb84c4-1459-4f5a-960e-a5c50acfdeba,2026-08-06T17:22:00.000Z,5.180,HIGH,,5.18,2026-08-06 17:22:00,2026-08-06 22:52:00,High
diamond_harbour,6fdb84c4-1459-4f5a-960e-a5c50acfdeba,2026-08-07T00:50:00.000Z,2.170,LOW,,2.17,2026-08-07 00:50:00,2026-08-07 06:20:00,Low
diamond_harbour,6fdb84c4-1459-4f5a-960e-a5c50acfdeba,2026-08-07T05:58:00.000Z,4.840,HIGH,,4.84,2026-08-07 05:58:00,2026-08-07 11:28:00,High
diamond_harbour,6fdb84c4-1459-4f5a-960e-a5c50acfdeba,2026-08-07T13:28:00.000Z,1.960,LOW,,1.96,2026-08-07 13:28:00,2026-08-07 18:58:00,Low
diamond_harbour,6fdb84c4-1459-4f5a-960e-a5c50acfdeba,2026-08-07T19:10:00.000Z,5.030,HIGH,,5.03,2026-08-07 19:10:00,2026-08-08 00:40:00,High
diamond_harbour,6fdb84c4-1459-4f5a-960e-a5c50acfdeba,2026-08-08T02:36:00.000Z,2.250,LOW,,2.25,2026-08-08 02:36:00,2026-08-08 08:06:00,Low
diamond_harbour,6fdb84c4-1459-4f5a-960e-a5c50acfdeba,2026-08-08T07:53:00.000Z,4.730,HIGH,,4.73,2026-08-08 07:53:00,2026-08-08 13:23:00,High
diamond_harbour,6fdb84c4-1459-4f5a-960e-a5c50acfdeba,2026-08-08T15:18:00.000Z,1.970,LOW,,1.97,2026-08-08 15:18:00,2026-08-08 20:48:00,Low
diamond_harbour,6fdb84c4-1459-4f5a-960e-a5c50acfdeba,2026-08-08T20:48:00.000Z,5.220,HIGH,,5.22,2026-08-08 20:48:00,2026-08-09 02:18:00,High
diamond_harbour,6fdb84c4-1459-4f5a-960e-a5c50acfdeba,2026-08-09T04:29:00.000Z,2.000,LOW,,2.0,2026-08-09 04:29:00,2026-08-09 09:59:00,Low
diamond_harbour,6fdb84c4-1459-4f5a-960e-a5c50acfdeba,2026-08-09T09:27:00.000Z,4.960,HIGH,,4.96,2026-08-09 09:27:00,2026-08-09 14:57:00,High
diamond_harbour,6fdb84c4-1459-4f5a-960e-a5c50acfdeba,2026-08-09T16:57:00.000Z,1.710,LOW,,1.71,2026-08-09 16:57:00,2026-08-09 22:27:00,Low
diamond_harbour,6fdb84c4-1459-4f5a-960e-a5c50acfdeba,2026-08-09T22:01:00.000Z,5.610,HIGH,,5.61,2026-08-09 22:01:00,2026-08-10 03:31:00,High
diamond_harbour,6fdb84c4-1459-4f5a-960e-a5c50acfdeba,2026-08-10T05:56:00.000Z,1.600,LOW,,1.6,2026-08-10 05:56:00,2026-08-10 11:26:00,Low
diamond_harbour,6fdb84c4-1459-4f5a-960e-a5c50acfdeba,2026-08-10T10:35:00.000Z,5.360,HIGH,,5.36,2026-08-10 10:35:00,2026-08-10 16:05:00,High
diamond_harbour,6fdb84c4-1459-4f5a-960e-a5c50acfdeba,2026-08-10T18:17:00.000Z,1.380,LOW,,1.38,2026-08-10 18:17:00,2026-08-10 23:47:00,Low
diamond_harbour,6fdb84c4-1459-4f5a-960e-a5c50acfdeba,2026-08-10T22:54:00.000Z,6.030,HIGH,,6.03,2026-08-10 22:54:00,2026-08-11 04:24:00,High
diamond_harbour,6fdb84c4-1459-4f5a-960e-a5c50acfdeba,2026-08-11T07:02:00.000Z,1.240,LOW,,1.24,2026-08-11 07:02:00,2026-08-11 12:32:00,Low
diamond_harbour,6fdb84c4-1459-4f5a-960e-a5c50acfdeba,2026-08-11T11:24:00.000Z,5.770,HIGH,,5.77,2026-08-11 11:24:00,2026-08-11 16:54:00,High
diamond_harbour,6fdb84c4-1459-4f5a-960e-a5c50acfdeba,2026-08-11T19:22:00.000Z,1.100,LOW,,1.1,2026-08-11 19:22:00,2026-08-12 00:52:00,Low
diamond_harbour,6fdb84c4-1459-4f5a-960e-a5c50acfdeba,2026-08-11T23:36:00.000Z,6.370,HIGH,,6.37,2026-08-11 23:36:00,2026-08-12 05:06:00,High
diamond_harbour,6fdb84c4-1459-4f5a-960e-a5c50acfdeba,2026-08-12T07:55:00.000Z,0.980,LOW,,0.98,2026-08-12 07:55:00,2026-08-12 13:25:00,Low
diamond_harbour,6fdb84c4-1459-4f5a-960e-a5c50acfdeba,2026-08-12T12:04:00.000Z,6.100,HIGH,,6.1,2026-08-12 12:04:00,2026-08-12 17:34:00,High
diamond_harbour,6fdb84c4-1459-4f5a-960e-a5c50acfdeba,2026-08-12T20:13:00.000Z,0.950,LOW,,0.95,2026-08-12 20:13:00,2026-08-13 01:43:00,Low
diamond_harbour,6fdb84c4-1459-4f5a-960e-a5c50acfdeba,2026-08-13T00:12:00.000Z,6.560,HIGH,,6.56,2026-08-13 00:12:00,2026-08-13 05:42:00,High
diamond_harbour,6fdb84c4-1459-4f5a-960e-a5c50acfdeba,2026-08-13T08:38:00.000Z,0.860,LOW,,0.86,2026-08-13 08:38:00,2026-08-13 14:08:00,Low
diamond_harbour,6fdb84c4-1459-4f5a-960e-a5c50acfdeba,2026-08-13T12:37:00.000Z,6.290,HIGH,,6.29,2026-08-13 12:37:00,2026-08-13 18:07:00,High
diamond_harbour,6fdb84c4-1459-4f5a-960e-a5c50acfdeba,2026-08-13T20:54:00.000Z,0.930,LOW,,0.93,2026-08-13 20:54:00,2026-08-14 02:24:00,Low
diamond_harbour,6fdb84c4-1459-4f5a-960e-a5c50acfdeba,2026-08-14T00:45:00.000Z,6.570,HIGH,,6.57,2026-08-14 00:45:00,2026-08-14 06:15:00,High
diamond_harbour,6fdb84c4-1459-4f5a-960e-a5c50acfdeba,2026-08-14T09:13:00.000Z,0.880,LOW,,0.88,2026-08-14 09:13:00,2026-08-14 14:43:00,Low
diamond_harbour,6fdb84c4-1459-4f5a-960e-a5c50acfdeba,2026-08-14T13:09:00.000Z,6.310,HIGH,,6.31,2026-08-14 13:09:00,2026-08-14 18:39:00,High
diamond_harbour,6fdb84c4-1459-4f5a-960e-a5c50acfdeba,2026-08-14T21:28:00.000Z,1.030,LOW,,1.03,2026-08-14 21:28:00,2026-08-15 02:58:00,Low
diamond_harbour,6fdb84c4-1459-4f5a-960e-a5c50acfdeba,2026-08-15T01:22:00.000Z,6.410,HIGH,,6.41,2026-08-15 01:22:00,2026-08-15 06:52:00,High
diamond_harbour,6fdb84c4-1459-4f5a-960e-a5c50acfdeba,2026-08-15T09:44:00.000Z,1.010,LOW,,1.01,2026-08-15 09:44:00,2026-08-15 15:14:00,Low
diamond_harbour,6fdb84c4-1459-4f5a-960e-a5c50acfdeba,2026-08-15T13:43:00.000Z,6.190,HIGH,,6.19,2026-08-15 13:43:00,2026-08-15 19:13:00,High
diamond_harbour,6fdb84c4-1459-4f5a-960e-a5c50acfdeba,2026-08-15T21:57:00.000Z,1.220,LOW,,1.22,2026-08-15 21:57:00,2026-08-16 03:27:00,Low
diamond_harbour,6fdb84c4-1459-4f5a-960e-a5c50acfdeba,2026-08-16T01:59:00.000Z,6.140,HIGH,,6.14,2026-08-16 01:59:00,2026-08-16 07:29:00,High
diamond_harbour,6fdb84c4-1459-4f5a-960e-a5c50acfdeba,2026-08-16T10:08:00.000Z,1.190,LOW,,1.19,2026-08-16 10:08:00,2026-08-16 15:38:00,Low
diamond_harbour,6fdb84c4-1459-4f5a-960e-a5c50acfdeba,2026-08-16T14:20:00.000Z,5.980,HIGH,,5.98,2026-08-16 14:20:00,2026-08-16 19:50:00,High
diamond_harbour,6fdb84c4-1459-4f5a-960e-a5c50acfdeba,2026-08-16T22:19:00.000Z,1.420,LOW,,1.42,2026-08-16 22:19:00,2026-08-17 03:49:00,Low
diamond_harbour,6fdb84c4-1459-4f5a-960e-a5c50acfdeba,2026-08-17T02:36:00.000Z,5.830,HIGH,,5.83,2026-08-17 02:36:00,2026-08-17 08:06:00,High
diamond_harbour,6fdb84c4-1459-4f5a-960e-a5c50acfdeba,2026-08-17T10:28:00.000Z,1.370,LOW,,1.37,2026-08-17 10:28:00,2026-08-17 15:58:00,Low
diamond_harbour,6fdb84c4-1459-4f5a-960e-a5c50acfdeba,2026-08-17T14:55:00.000Z,5.740,HIGH,,5.74,2026-08-17 14:55:00,2026-08-17 20:25:00,High
diamond_harbour,6fdb84c4-1459-4f5a-960e-a5c50acfdeba,2026-08-17T22:37:00.000Z,1.630,LOW,,1.63,2026-08-17 22:37:00,2026-08-18 04:07:00,Low
diamond_harbour,6fdb84c4-1459-4f5a-960e-a5c50acfdeba,2026-08-18T03:10:00.000Z,5.500,HIGH,,5.5,2026-08-18 03:10:00,2026-08-18 08:40:00,High
diamond_harbour,6fdb84c4-1459-4f5a-960e-a5c50acfdeba,2026-08-18T10:46:00.000Z,1.560,LOW,,1.56,2026-08-18 10:46:00,2026-08-18 16:16:00,Low
diamond_harbour,6fdb84c4-1459-4f5a-960e-a5c50acfdeba,2026-08-18T15:30:00.000Z,5.460,HIGH,,5.46,2026-08-18 15:30:00,2026-08-18 21:00:00,High
diamond_harbour,6fdb84c4-1459-4f5a-960e-a5c50acfdeba,2026-08-18T22:53:00.000Z,1.860,LOW,,1.86,2026-08-18 22:53:00,2026-08-19 04:23:00,Low
diamond_harbour,6fdb84c4-1459-4f5a-960e-a5c50acfdeba,2026-08-19T03:41:00.000Z,5.170,HIGH,,5.17,2026-08-19 03:41:00,2026-08-19 09:11:00,High
diamond_harbour,6fdb84c4-1459-4f5a-960e-a5c50acfdeba,2026-08-19T11:02:00.000Z,1.790,LOW,,1.79,2026-08-19 11:02:00,2026-08-19 16:32:00,Low
diamond_harbour,6fdb84c4-1459-4f5a-960e-a5c50acfdeba,2026-08-19T16:03:00.000Z,5.130,HIGH,,5.13,2026-08-19 16:03:00,2026-08-19 21:33:00,High
diamond_harbour,6fdb84c4-1459-4f5a-960e-a5c50acfdeba,2026-08-19T23:15:00.000Z,2.150,LOW,,2.15,2026-08-19 23:15:00,2026-08-20 04:45:00,Low
diamond_harbour,6fdb84c4-1459-4f5a-960e-a5c50acfdeba,2026-08-20T04:12:00.000Z,4.790,HIGH,,4.79,2026-08-20 04:12:00,2026-08-20 09:42:00,High
diamond_harbour,6fdb84c4-1459-4f5a-960e-a5c50acfdeba,2026-08-20T11:26:00.000Z,2.090,LOW,,2.09,2026-08-20 11:26:00,2026-08-20 16:56:00,Low
diamond_harbour,6fdb84c4-1459-4f5a-960e-a5c50acfdeba,2026-08-20T16:48:00.000Z,4.760,HIGH,,4.76,2026-08-20 16:48:00,2026-08-20 22:18:00,High
diamond_harbour,6fdb84c4-1459-4f5a-960e-a5c50acfdeba,2026-08-20T23:57:00.000Z,2.470,LOW,,2.47,2026-08-20 23:57:00,2026-08-21 05:27:00,Low
diamond_harbour,6fdb84c4-1459-4f5a-960e-a5c50acfdeba,2026-08-21T05:01:00.000Z,4.400,HIGH,,4.4,2026-08-21 05:01:00,2026-08-21 10:31:00,High
diamond_harbour,6fdb84c4-1459-4f5a-960e-a5c50acfdeba,2026-08-21T12:26:00.000Z,2.390,LOW,,2.39,2026-08-21 12:26:00,2026-08-21 17:56:00,Low
diamond_harbour,6fdb84c4-1459-4f5a-960e-a5c50acfdeba,2026-08-21T18:55:00.000Z,4.490,HIGH,,4.49,2026-08-21 18:55:00,2026-08-22 00:25:00,High
diamond_harbour,6fdb84c4-1459-4f5a-960e-a5c50acfdeba,2026-08-22T02:06:00.000Z,2.630,LOW,,2.63,2026-08-22 02:06:00,2026-08-22 07:36:00,Low
diamond_harbour,6fdb84c4-1459-4f5a-960e-a5c50acfdeba,2026-08-22T07:44:00.000Z,4.180,HIGH,,4.18,2026-08-22 07:44:00,2026-08-22 13:14:00,High
diamond_harbour,6fdb84c4-1459-4f5a-960e-a5c50acfdeba,2026-08-22T14:51:00.000Z,2.420,LOW,,2.42,2026-08-22 14:51:00,2026-08-22 20:21:00,Low
diamond_harbour,6fdb84c4-1459-4f5a-960e-a5c50acfdeba,2026-08-22T21:04:00.000Z,4.680,HIGH,,4.68,2026-08-22 21:04:00,2026-08-23 02:34:00,High
diamond_harbour,6fdb84c4-1459-4f5a-960e-a5c50acfdeba,2026-08-23T04:12:00.000Z,2.360,LOW,,2.36,2026-08-23 04:12:00,2026-08-23 09:42:00,Low
diamond_harbour,6fdb84c4-1459-4f5a-960e-a5c50acfdeba,2026-08-23T09:48:00.000Z,4.440,HIGH,,4.44,2026-08-23 09:48:00,2026-08-23 15:18:00,High
diamond_harbour,6fdb84c4-1459-4f5a-960e-a5c50acfdeba,2026-08-23T16:29:00.000Z,2.120,LOW,,2.12,2026-08-23 16:29:00,2026-08-23 21:59:00,Low
diamond_harbour,6fdb84c4-1459-4f5a-960e-a5c50acfdeba,2026-08-23T22:02:00.000Z,5.030,HIGH,,5.03,2026-08-23 22:02:00,2026-08-24 03:32:00,High
diamond_harbour,6fdb84c4-1459-4f5a-960e-a5c50acfdeba,2026-08-24T05:20:00.000Z,2.000,LOW,,2.0,2026-08-24 05:20:00,2026-08-24 10:50:00,Low
diamond_harbour,6fdb84c4-1459-4f5a-960e-a5c50acfdeba,2026-08-24T10:36:00.000Z,4.790,HIGH,,4.79,2026-08-24 10:36:00,2026-08-24 16:06:00,High
diamond_harbour,6fdb84c4-1459-4f5a-960e-a5c50acfdeba,2026-08-24T17:36:00.000Z,1.800,LOW,,1.8,2026-08-24 17:36:00,2026-08-24 23:06:00,Low
diamond_harbour,6fdb84c4-1459-4f5a-960e-a5c50acfdeba,2026-08-24T22:46:00.000Z,5.380,HIGH,,5.38,2026-08-24 22:46:00,2026-08-25 04:16:00,High
diamond_harbour,6fdb84c4-1459-4f5a-960e-a5c50acfdeba,2026-08-25T06:14:00.000Z,1.690,LOW,,1.69,2026-08-25 06:14:00,2026-08-25 11:44:00,Low
diamond_harbour,6fdb84c4-1459-4f5a-960e-a5c50acfdeba,2026-08-25T11:14:00.000Z,5.120,HIGH,,5.12,2026-08-25 11:14:00,2026-08-25 16:44:00,High
diamond_harbour,6fdb84c4-1459-4f5a-960e-a5c50acfdeba,2026-08-25T18:31:00.000Z,1.540,LOW,,1.54,2026-08-25 18:31:00,2026-08-26 00:01:00,Low
diamond_harbour,6fdb84c4-1459-4f5a-960e-a5c50acfdeba,2026-08-25T23:21:00.000Z,5.700,HIGH,,5.7,2026-08-25 23:21:00,2026-08-26 04:51:00,High
diamond_harbour,6fdb84c4-1459-4f5a-960e-a5c50acfdeba,2026-08-26T07:01:00.000Z,1.440,LOW,,1.44,2026-08-26 07:01:00,2026-08-26 12:31:00,Low
diamond_harbour,6fdb84c4-1459-4f5a-960e-a5c50acfdeba,2026-08-26T11:42:00.000Z,5.450,HIGH,,5.45,2026-08-26 11:42:00,2026-08-26 17:12:00,High
diamond_harbour,6fdb84c4-1459-4f5a-960e-a5c50acfdeba,2026-08-26T19:17:00.000Z,1.350,LOW,,1.35,2026-08-26 19:17:00,2026-08-27 00:47:00,Low
diamond_harbour,6fdb84c4-1459-4f5a-960e-a5c50acfdeba,2026-08-26T23:47:00.000Z,5.970,HIGH,,5.97,2026-08-26 23:47:00,2026-08-27 05:17:00,High
diamond_harbour,6fdb84c4-1459-4f5a-960e-a5c50acfdeba,2026-08-27T07:39:00.000Z,1.250,LOW,,1.25,2026-08-27 07:39:00,2026-08-27 13:09:00,Low
diamond_harbour,6fdb84c4-1459-4f5a-960e-a5c50acfdeba,2026-08-27T12:03:00.000Z,5.770,HIGH,,5.77,2026-08-27 12:03:00,2026-08-27 17:33:00,High
diamond_harbour,6fdb84c4-1459-4f5a-960e-a5c50acfdeba,2026-08-27T19:54:00.000Z,1.210,LOW,,1.21,2026-08-27 19:54:00,2026-08-28 01:24:00,Low
diamond_harbour,6fdb84c4-1459-4f5a-960e-a5c50acfdeba,2026-08-28T00:08:00.000Z,6.200,HIGH,,6.2,2026-08-28 00:08:00,2026-08-28 05:38:00,High
diamond_harbour,6fdb84c4-1459-4f5a-960e-a5c50acfdeba,2026-08-28T08:11:00.000Z,1.090,LOW,,1.09,2026-08-28 08:11:00,2026-08-28 13:41:00,Low
diamond_harbour,6fdb84c4-1459-4f5a-960e-a5c50acfdeba,2026-08-28T12:21:00.000Z,6.060,HIGH,,6.06,2026-08-28 12:21:00,2026-08-28 17:51:00,High
diamond_harbour,6fdb84c4-1459-4f5a-960e-a5c50acfdeba,2026-08-28T20:25:00.000Z,1.100,LOW,,1.1,2026-08-28 20:25:00,2026-08-29 01:55:00,Low
diamond_harbour,6fdb84c4-1459-4f5a-960e-a5c50acfdeba,2026-08-29T00:28:00.000Z,6.350,HIGH,,6.35,2026-08-29 00:28:00,2026-08-29 05:58:00,High
diamond_harbour,6fdb84c4-1459-4f5a-960e-a5c50acfdeba,2026-08-29T08:41:00.000Z,0.980,LOW,,0.98,2026-08-29 08:41:00,2026-08-29 14:11:00,Low
diamond_harbour,6fdb84c4-1459-4f5a-960e-a5c50acfdeba,2026-08-29T12:42:00.000Z,6.270,HIGH,,6.27,2026-08-29 12:42:00,2026-08-29 18:12:00,High
diamond_harbour,6fdb84c4-1459-4f5a-960e-a5c50acfdeba,2026-08-29T20:57:00.000Z,1.040,LOW,,1.04,2026-08-29 20:57:00,2026-08-30 02:27:00,Low
diamond_harbour,6fdb84c4-1459-4f5a-960e-a5c50acfdeba,2026-08-30T00:55:00.000Z,6.390,HIGH,,6.39,2026-08-30 00:55:00,2026-08-30 06:25:00,High
diamond_harbour,6fdb84c4-1459-4f5a-960e-a5c50acfdeba,2026-08-30T09:12:00.000Z,0.930,LOW,,0.93,2026-08-30 09:12:00,2026-08-30 14:42:00,Low
diamond_harbour,6fdb84c4-1459-4f5a-960e-a5c50acfdeba,2026-08-30T13:11:00.000Z,6.350,HIGH,,6.35,2026-08-30 13:11:00,2026-08-30 18:41:00,High
diamond_harbour,6fdb84c4-1459-4f5a-960e-a5c50acfdeba,2026-08-30T21:29:00.000Z,1.060,LOW,,1.06,2026-08-30 21:29:00,2026-08-31 02:59:00,Low
diamond_harbour,6fdb84c4-1459-4f5a-960e-a5c50acfdeba,2026-08-31T01:29:00.000Z,6.290,HIGH,,6.29,2026-08-31 01:29:00,2026-08-31 06:59:00,High
diamond_harbour,6fdb84c4-1459-4f5a-960e-a5c50acfdeba,2026-08-31T09:44:00.000Z,0.960,LOW,,0.96,2026-08-31 09:44:00,2026-08-31 15:14:00,Low
diamond_harbour,6fdb84c4-1459-4f5a-960e-a5c50acfdeba,2026-08-31T13:47:00.000Z,6.300,HIGH,,6.3,2026-08-31 13:47:00,2026-08-31 19:17:00,High
diamond_harbour,6fdb84c4-1459-4f5a-960e-a5c50acfdeba,2026-08-31T22:00:00.000Z,1.160,LOW,,1.16,2026-08-31 22:00:00,2026-09-01 03:30:00,Low
diamond_harbour,6fdb84c4-1459-4f5a-960e-a5c50acfdeba,2026-09-01T02:08:00.000Z,6.090,HIGH,,6.09,2026-09-01 02:08:00,2026-09-01 07:38:00,High
diamond_harbour,6fdb84c4-1459-4f5a-960e-a5c50acfdeba,2026-09-01T10:14:00.000Z,1.070,LOW,,1.07,2026-09-01 10:14:00,2026-09-01 15:44:00,Low
diamond_harbour,6fdb84c4-1459-4f5a-960e-a5c50acfdeba,2026-09-01T14:26:00.000Z,6.130,HIGH,,6.13,2026-09-01 14:26:00,2026-09-01 19:56:00,High
diamond_harbour,6fdb84c4-1459-4f5a-960e-a5c50acfdeba,2026-09-01T22:29:00.000Z,1.340,LOW,,1.34,2026-09-01 22:29:00,2026-09-02 03:59:00,Low
diamond_harbour,6fdb84c4-1459-4f5a-960e-a5c50acfdeba,2026-09-02T02:48:00.000Z,5.810,HIGH,,5.81,2026-09-02 02:48:00,2026-09-02 08:18:00,High
diamond_harbour,6fdb84c4-1459-4f5a-960e-a5c50acfdeba,2026-09-02T10:42:00.000Z,1.250,LOW,,1.25,2026-09-02 10:42:00,2026-09-02 16:12:00,Low
diamond_harbour,6fdb84c4-1459-4f5a-960e-a5c50acfdeba,2026-09-02T15:08:00.000Z,5.860,HIGH,,5.86,2026-09-02 15:08:00,2026-09-02 20:38:00,High
diamond_harbour,6fdb84c4-1459-4f5a-960e-a5c50acfdeba,2026-09-02T22:56:00.000Z,1.600,LOW,,1.6,2026-09-02 22:56:00,2026-09-03 04:26:00,Low
diamond_harbour,6fdb84c4-1459-4f5a-960e-a5c50acfdeba,2026-09-03T03:31:00.000Z,5.460,HIGH,,5.46,2026-09-03 03:31:00,2026-09-03 09:01:00,High
diamond_harbour,6fdb84c4-1459-4f5a-960e-a5c50acfdeba,2026-09-03T11:11:00.000Z,1.510,LOW,,1.51,2026-09-03 11:11:00,2026-09-03 16:41:00,Low
diamond_harbour,6fdb84c4-1459-4f5a-960e-a5c50acfdeba,2026-09-03T15:52:00.000Z,5.500,HIGH,,5.5,2026-09-03 15:52:00,2026-09-03 21:22:00,High
diamond_harbour,6fdb84c4-1459-4f5a-960e-a5c50acfdeba,2026-09-03T23:31:00.000Z,1.920,LOW,,1.92,2026-09-03 23:31:00,2026-09-04 05:01:00,Low
diamond_harbour,6fdb84c4-1459-4f5a-960e-a5c50acfdeba,2026-09-04T04:20:00.000Z,5.030,HIGH,,5.03,2026-09-04 04:20:00,2026-09-04 09:50:00,High
diamond_harbour,6fdb84c4-1459-4f5a-960e-a5c50acfdeba,2026-09-04T11:53:00.000Z,1.840,LOW,,1.84,2026-09-04 11:53:00,2026-09-04 17:23:00,Low
diamond_harbour,6fdb84c4-1459-4f5a-960e-a5c50acfdeba,2026-09-04T16:54:00.000Z,5.060,HIGH,,5.06,2026-09-04 16:54:00,2026-09-04 22:24:00,High
diamond_harbour,6fdb84c4-1459-4f5a-960e-a5c50acfdeba,2026-09-05T00:34:00.000Z,2.240,LOW,,2.24,2026-09-05 00:34:00,2026-09-05 06:04:00,Low
diamond_harbour,6fdb84c4-1459-4f5a-960e-a5c50acfdeba,2026-09-05T05:48:00.000Z,4.600,HIGH,,4.6,2026-09-05 05:48:00,2026-09-05 11:18:00,High
diamond_harbour,6fdb84c4-1459-4f5a-960e-a5c50acfdeba,2026-09-05T13:13:00.000Z,2.150,LOW,,2.15,2026-09-05 13:13:00,2026-09-05 18:43:00,Low
diamond_harbour,6fdb84c4-1459-4f5a-960e-a5c50acfdeba,2026-09-05T19:09:00.000Z,4.830,HIGH,,4.83,2026-09-05 19:09:00,2026-09-06 00:39:00,High
diamond_harbour,6fdb84c4-1459-4f5a-960e-a5c50acfdeba,2026-09-06T02:52:00.000Z,2.280,LOW,,2.28,2026-09-06 02:52:00,2026-09-06 08:22:00,Low
diamond_harbour,6fdb84c4-1459-4f5a-960e-a5c50acfdeba,2026-09-06T08:07:00.000Z,4.570,HIGH,,4.57,2026-09-06 08:07:00,2026-09-06 13:37:00,High
diamond_harbour,6fdb84c4-1459-4f5a-960e-a5c50acfdeba,2026-09-06T15:26:00.000Z,2.090,LOW,,2.09,2026-09-06 15:26:00,2026-09-06 20:56:00,Low
diamond_harbour,6fdb84c4-1459-4f5a-960e-a5c50acfdeba,2026-09-06T20:57:00.000Z,5.100,HIGH,,5.1,2026-09-06 20:57:00,2026-09-07 02:27:00,High
diamond_harbour,6fdb84c4-1459-4f5a-960e-a5c50acfdeba,2026-09-07T04:40:00.000Z,1.890,LOW,,1.89,2026-09-07 04:40:00,2026-09-07 10:10:00,Low
diamond_harbour,6fdb84c4-1459-4f5a-960e-a5c50acfdeba,2026-09-07T09:44:00.000Z,4.970,HIGH,,4.97,2026-09-07 09:44:00,2026-09-07 15:14:00,High
diamond_harbour,6fdb84c4-1459-4f5a-960e-a5c50acfdeba,2026-09-07T17:03:00.000Z,1.720,LOW,,1.72,2026-09-07 17:03:00,2026-09-07 22:33:00,Low
diamond_harbour,6fdb84c4-1459-4f5a-960e-a5c50acfdeba,2026-09-07T22:05:00.000Z,5.550,HIGH,,5.55,2026-09-07 22:05:00,2026-09-08 03:35:00,High
diamond_harbour,6fdb84c4-1459-4f5a-960e-a5c50acfdeba,2026-09-08T05:54:00.000Z,1.440,LOW,,1.44,2026-09-08 05:54:00,2026-09-08 11:24:00,Low
diamond_harbour,6fdb84c4-1459-4f5a-960e-a5c50acfdeba,2026-09-08T10:41:00.000Z,5.470,HIGH,,5.47,2026-09-08 10:41:00,2026-09-08 16:11:00,High
diamond_harbour,6fdb84c4-1459-4f5a-960e-a5c50acfdeba,2026-09-08T18:16:00.000Z,1.340,LOW,,1.34,2026-09-08 18:16:00,2026-09-08 23:46:00,Low
diamond_harbour,6fdb84c4-1459-4f5a-960e-a5c50acfdeba,2026-09-08T22:51:00.000Z,5.960,HIGH,,5.96,2026-09-08 22:51:00,2026-09-09 04:21:00,High
diamond_harbour,6fdb84c4-1459-4f5a-960e-a5c50acfdeba,2026-09-09T06:54:00.000Z,1.090,LOW,,1.09,2026-09-09 06:54:00,2026-09-09 12:24:00,Low
diamond_harbour,6fdb84c4-1459-4f5a-960e-a5c50acfdeba,2026-09-09T11:20:00.000Z,5.900,HIGH,,5.9,2026-09-09 11:20:00,2026-09-09 16:50:00,High
diamond_harbour,6fdb84c4-1459-4f5a-960e-a5c50acfdeba,2026-09-09T19:13:00.000Z,1.070,LOW,,1.07,2026-09-09 19:13:00,2026-09-10 00:43:00,Low
diamond_harbour,6fdb84c4-1459-4f5a-960e-a5c50acfdeba,2026-09-09T23:28:00.000Z,6.260,HIGH,,6.26,2026-09-09 23:28:00,2026-09-10 04:58:00,High
diamond_harbour,6fdb84c4-1459-4f5a-960e-a5c50acfdeba,2026-09-10T07:41:00.000Z,0.880,LOW,,0.88,2026-09-10 07:41:00,2026-09-10 13:11:00,Low
diamond_harbour,6fdb84c4-1459-4f5a-960e-a5c50acfdeba,2026-09-10T11:50:00.000Z,6.220,HIGH,,6.22,2026-09-10 11:50:00,2026-09-10 17:20:00,High
diamond_harbour,6fdb84c4-1459-4f5a-960e-a5c50acfdeba,2026-09-10T19:59:00.000Z,0.930,LOW,,0.93,2026-09-10 19:59:00,2026-09-11 01:29:00,Low
diamond_harbour,6fdb84c4-1459-4f5a-960e-a5c50acfdeba,2026-09-10T23:58:00.000Z,6.410,HIGH,,6.41,2026-09-10 23:58:00,2026-09-11 05:28:00,High
diamond_harbour,6fdb84c4-1459-4f5a-960e-a5c50acfdeba,2026-09-11T08:18:00.000Z,0.800,LOW,,0.8,2026-09-11 08:18:00,2026-09-11 13:48:00,Low
diamond_harbour,6fdb84c4-1459-4f5a-960e-a5c50acfdeba,2026-09-11T12:15:00.000Z,6.390,HIGH,,6.39,2026-09-11 12:15:00,2026-09-11 17:45:00,High
diamond_harbour,6fdb84c4-1459-4f5a-960e-a5c50acfdeba,2026-09-11T20:33:00.000Z,0.930,LOW,,0.93,2026-09-11 20:33:00,2026-09-12 02:03:00,Low
diamond_harbour,6fdb84c4-1459-4f5a-960e-a5c50acfdeba,2026-09-12T00:26:00.000Z,6.410,HIGH,,6.41,2026-09-12 00:26:00,2026-09-12 05:56:00,High
diamond_harbour,6fdb84c4-1459-4f5a-960e-a5c50acfdeba,2026-09-12T08:47:00.000Z,0.850,LOW,,0.85,2026-09-12 08:47:00,2026-09-12 14:17:00,Low
diamond_harbour,6fdb84c4-1459-4f5a-960e-a5c50acfdeba,2026-09-12T12:40:00.000Z,6.410,HIGH,,6.41,2026-09-12 12:40:00,2026-09-12 18:10:00,High
diamond_harbour,6fdb84c4-1459-4f5a-960e-a5c50acfdeba,2026-09-12T21:02:00.000Z,1.020,LOW,,1.02,2026-09-12 21:02:00,2026-09-13 02:32:00,Low
diamond_harbour,6fdb84c4-1459-4f5a-960e-a5c50acfdeba,2026-09-13T00:55:00.000Z,6.270,HIGH,,6.27,2026-09-13 00:55:00,2026-09-13 06:25:00,High
diamond_harbour,6fdb84c4-1459-4f5a-960e-a5c50acfdeba,2026-09-13T09:10:00.000Z,0.970,LOW,,0.97,2026-09-13 09:10:00,2026-09-13 14:40:00,Low
diamond_harbour,6fdb84c4-1459-4f5a-960e-a5c50acfdeba,2026-09-13T13:08:00.000Z,6.300,HIGH,,6.3,2026-09-13 13:08:00,2026-09-13 18:38:00,High
diamond_harbour,6fdb84c4-1459-4f5a-960e-a5c50acfdeba,2026-09-13T21:27:00.000Z,1.180,LOW,,1.18,2026-09-13 21:27:00,2026-09-14 02:57:00,Low
diamond_harbour,6fdb84c4-1459-4f5a-960e-a5c50acfdeba,2026-09-14T01:28:00.000Z,6.030,HIGH,,6.03,2026-09-14 01:28:00,2026-09-14 06:58:00,High
diamond_harbour,6fdb84c4-1459-4f5a-960e-a5c50acfdeba,2026-09-14T09:32:00.000Z,1.120,LOW,,1.12,2026-09-14 09:32:00,2026-09-14 15:02:00,Low
diamond_harbour,6fdb84c4-1459-4f5a-960e-a5c50acfdeba,2026-09-14T13:40:00.000Z,6.100,HIGH,,6.1,2026-09-14 13:40:00,2026-09-14 19:10:00,High
diamond_harbour,6fdb84c4-1459-4f5a-960e-a5c50acfdeba,2026-09-14T21:49:00.000Z,1.350,LOW,,1.35,2026-09-14 21:49:00,2026-09-15 03:19:00,Low
diamond_harbour,6fdb84c4-1459-4f5a-960e-a5c50acfdeba,2026-09-15T02:03:00.000Z,5.750,HIGH,,5.75,2026-09-15 02:03:00,2026-09-15 07:33:00,High
diamond_harbour,6fdb84c4-1459-4f5a-960e-a5c50acfdeba,2026-09-15T09:51:00.000Z,1.290,LOW,,1.29,2026-09-15 09:51:00,2026-09-15 15:21:00,Low
diamond_harbour,6fdb84c4-1459-4f5a-960e-a5c50acfdeba,2026-09-15T14:16:00.000Z,5.840,HIGH,,5.84,2026-09-15 14:16:00,2026-09-15 19:46:00,High
diamond_harbour,6fdb84c4-1459-4f5a-960e-a5c50acfdeba,2026-09-15T22:07:00.000Z,1.540,LOW,,1.54,2026-09-15 22:07:00,2026-09-16 03:37:00,Low
diamond_harbour,6fdb84c4-1459-4f5a-960e-a5c50acfdeba,2026-09-16T02:34:00.000Z,5.450,HIGH,,5.45,2026-09-16 02:34:00,2026-09-16 08:04:00,High
diamond_harbour,6fdb84c4-1459-4f5a-960e-a5c50acfdeba,2026-09-16T10:10:00.000Z,1.490,LOW,,1.49,2026-09-16 10:10:00,2026-09-16 15:40:00,Low
diamond_harbour,6fdb84c4-1459-4f5a-960e-a5c50acfdeba,2026-09-16T14:49:00.000Z,5.540,HIGH,,5.54,2026-09-16 14:49:00,2026-09-16 20:19:00,High
diamond_harbour,6fdb84c4-1459-4f5a-960e-a5c50acfdeba,2026-09-16T22:23:00.000Z,1.770,LOW,,1.77,2026-09-16 22:23:00,2026-09-17 03:53:00,Low
diamond_harbour,6fdb84c4-1459-4f5a-960e-a5c50acfdeba,2026-09-17T03:04:00.000Z,5.120,HIGH,,5.12,2026-09-17 03:04:00,2026-09-17 08:34:00,High
diamond_harbour,6fdb84c4-1459-4f5a-960e-a5c50acfdeba,2026-09-17T10:24:00.000Z,1.740,LOW,,1.74,2026-09-17 10:24:00,2026-09-17 15:54:00,Low
diamond_harbour,6fdb84c4-1459-4f5a-960e-a5c50acfdeba,2026-09-17T15:20:00.000Z,5.180,HIGH,,5.18,2026-09-17 15:20:00,2026-09-17 20:50:00,High
diamond_harbour,6fdb84c4-1459-4f5a-960e-a5c50acfdeba,2026-09-17T22:40:00.000Z,2.060,LOW,,2.06,2026-09-17 22:40:00,2026-09-18 04:10:00,Low
diamond_harbour,6fdb84c4-1459-4f5a-960e-a5c50acfdeba,2026-09-18T03:31:00.000Z,4.750,HIGH,,4.75,2026-09-18 03:31:00,2026-09-18 09:01:00,High
diamond_harbour,6fdb84c4-1459-4f5a-960e-a5c50acfdeba,2026-09-18T10:39:00.000Z,2.040,LOW,,2.04,2026-09-18 10:39:00,2026-09-18 16:09:00,Low
diamond_harbour,6fdb84c4-1459-4f5a-960e-a5c50acfdeba,2026-09-18T15:56:00.000Z,4.780,HIGH,,4.78,2026-09-18 15:56:00,2026-09-18 21:26:00,High
diamond_harbour,6fdb84c4-1459-4f5a-960e-a5c50acfdeba,2026-09-18T23:11:00.000Z,2.390,LOW,,2.39,2026-09-18 23:11:00,2026-09-19 04:41:00,Low
diamond_harbour,6fdb84c4-1459-4f5a-960e-a5c50acfdeba,2026-09-19T04:08:00.000Z,4.360,HIGH,,4.36,2026-09-19 04:08:00,2026-09-19 09:38:00,High
diamond_harbour,6fdb84c4-1459-4f5a-960e-a5c50acfdeba,2026-09-19T11:18:00.000Z,2.380,LOW,,2.38,2026-09-19 11:18:00,2026-09-19 16:48:00,Low
diamond_harbour,6fdb84c4-1459-4f5a-960e-a5c50acfdeba,2026-09-19T17:13:00.000Z,4.400,HIGH,,4.4,2026-09-19 17:13:00,2026-09-19 22:43:00,High
diamond_harbour,6fdb84c4-1459-4f5a-960e-a5c50acfdeba,2026-09-20T00:41:00.000Z,2.630,LOW,,2.63,2026-09-20 00:41:00,2026-09-20 06:11:00,Low
diamond_harbour,6fdb84c4-1459-4f5a-960e-a5c50acfdeba,2026-09-20T06:16:00.000Z,4.030,HIGH,,4.03,2026-09-20 06:16:00,2026-09-20 11:46:00,High
diamond_harbour,6fdb84c4-1459-4f5a-960e-a5c50acfdeba,2026-09-20T13:48:00.000Z,2.560,LOW,,2.56,2026-09-20 13:48:00,2026-09-20 19:18:00,Low
diamond_harbour,6fdb84c4-1459-4f5a-960e-a5c50acfdeba,2026-09-20T20:15:00.000Z,4.480,HIGH,,4.48,2026-09-20 20:15:00,2026-09-21 01:45:00,High
diamond_harbour,6fdb84c4-1459-4f5a-960e-a5c50acfdeba,2026-09-21T03:33:00.000Z,2.400,LOW,,2.4,2026-09-21 03:33:00,2026-09-21 09:03:00,Low
diamond_harbour,6fdb84c4-1459-4f5a-960e-a5c50acfdeba,2026-09-21T09:16:00.000Z,4.290,HIGH,,4.29,2026-09-21 09:16:00,2026-09-21 14:46:00,High
diamond_harbour,6fdb84c4-1459-4f5a-960e-a5c50acfdeba,2026-09-21T15:53:00.000Z,2.250,LOW,,2.25,2026-09-21 15:53:00,2026-09-21 21:23:00,Low
diamond_harbour,6fdb84c4-1459-4f5a-960e-a5c50acfdeba,2026-09-21T21:24:00.000Z,4.840,HIGH,,4.84,2026-09-21 21:24:00,2026-09-22 02:54:00,High
diamond_harbour,6fdb84c4-1459-4f5a-960e-a5c50acfdeba,2026-09-22T04:42:00.000Z,2.010,LOW,,2.01,2026-09-22 04:42:00,2026-09-22 10:12:00,Low
diamond_harbour,6fdb84c4-1459-4f5a-960e-a5c50acfdeba,2026-09-22T10:06:00.000Z,4.720,HIGH,,4.72,2026-09-22 10:06:00,2026-09-22 15:36:00,High
diamond_harbour,6fdb84c4-1459-4f5a-960e-a5c50acfdeba,2026-09-22T17:03:00.000Z,1.880,LOW,,1.88,2026-09-22 17:03:00,2026-09-22 22:33:00,Low
diamond_harbour,6fdb84c4-1459-4f5a-960e-a5c50acfdeba,2026-09-22T22:11:00.000Z,5.220,HIGH,,5.22,2026-09-22 22:11:00,2026-09-23 03:41:00,High
diamond_harbour,6fdb84c4-1459-4f5a-960e-a5c50acfdeba,2026-09-23T05:40:00.000Z,1.640,LOW,,1.64,2026-09-23 05:40:00,2026-09-23 11:10:00,Low
diamond_harbour,6fdb84c4-1459-4f5a-960e-a5c50acfdeba,2026-09-23T10:44:00.000Z,5.150,HIGH,,5.15,2026-09-23 10:44:00,2026-09-23 16:14:00,High
diamond_harbour,6fdb84c4-1459-4f5a-960e-a5c50acfdeba,2026-09-23T18:03:00.000Z,1.570,LOW,,1.57,2026-09-23 18:03:00,2026-09-23 23:33:00,Low
diamond_harbour,6fdb84c4-1459-4f5a-960e-a5c50acfdeba,2026-09-23T22:48:00.000Z,5.560,HIGH,,5.56,2026-09-23 22:48:00,2026-09-24 04:18:00,High
diamond_harbour,6fdb84c4-1459-4f5a-960e-a5c50acfdeba,2026-09-24T06:31:00.000Z,1.350,LOW,,1.35,2026-09-24 06:31:00,2026-09-24 12:01:00,Low
diamond_harbour,6fdb84c4-1459-4f5a-960e-a5c50acfdeba,2026-09-24T11:11:00.000Z,5.570,HIGH,,5.57,2026-09-24 11:11:00,2026-09-24 16:41:00,High
diamond_harbour,6fdb84c4-1459-4f5a-960e-a5c50acfdeba,2026-09-24T18:52:00.000Z,1.320,LOW,,1.32,2026-09-24 18:52:00,2026-09-25 00:22:00,Low
diamond_harbour,6fdb84c4-1459-4f5a-960e-a5c50acfdeba,2026-09-24T23:17:00.000Z,5.860,HIGH,,5.86,2026-09-24 23:17:00,2026-09-25 04:47:00,High
diamond_harbour,6fdb84c4-1459-4f5a-960e-a5c50acfdeba,2026-09-25T07:14:00.000Z,1.120,LOW,,1.12,2026-09-25 07:14:00,2026-09-25 12:44:00,Low
diamond_harbour,6fdb84c4-1459-4f5a-960e-a5c50acfdeba,2026-09-25T11:33:00.000Z,5.950,HIGH,,5.95,2026-09-25 11:33:00,2026-09-25 17:03:00,High
diamond_harbour,6fdb84c4-1459-4f5a-960e-a5c50acfdeba,2026-09-25T19:33:00.000Z,1.130,LOW,,1.13,2026-09-25 19:33:00,2026-09-26 01:03:00,Low
diamond_harbour,6fdb84c4-1459-4f5a-960e-a5c50acfdeba,2026-09-25T23:40:00.000Z,6.120,HIGH,,6.12,2026-09-25 23:40:00,2026-09-26 05:10:00,High
diamond_harbour,6fdb84c4-1459-4f5a-960e-a5c50acfdeba,2026-09-26T07:49:00.000Z,0.930,LOW,,0.93,2026-09-26 07:49:00,2026-09-26 13:19:00,Low
diamond_harbour,6fdb84c4-1459-4f5a-960e-a5c50acfdeba,2026-09-26T11:51:00.000Z,6.290,HIGH,,6.29,2026-09-26 11:51:00,2026-09-26 17:21:00,High
diamond_harbour,6fdb84c4-1459-4f5a-960e-a5c50acfdeba,2026-09-26T20:08:00.000Z,0.990,LOW,,0.99,2026-09-26 20:08:00,2026-09-27 01:38:00,Low
diamond_harbour,6fdb84c4-1459-4f5a-960e-a5c50acfdeba,2026-09-27T00:04:00.000Z,6.290,HIGH,,6.29,2026-09-27 00:04:00,2026-09-27 05:34:00,High
diamond_harbour,6fdb84c4-1459-4f5a-960e-a5c50acfdeba,2026-09-27T08:21:00.000Z,0.800,LOW,,0.8,2026-09-27 08:21:00,2026-09-27 13:51:00,Low
diamond_harbour,6fdb84c4-1459-4f5a-960e-a5c50acfdeba,2026-09-27T12:12:00.000Z,6.520,HIGH,,6.52,2026-09-27 12:12:00,2026-09-27 17:42:00,High
diamond_harbour,6fdb84c4-1459-4f5a-960e-a5c50acfdeba,2026-09-27T20:41:00.000Z,0.910,LOW,,0.91,2026-09-27 20:41:00,2026-09-28 02:11:00,Low
diamond_harbour,6fdb84c4-1459-4f5a-960e-a5c50acfdeba,2026-09-28T00:32:00.000Z,6.350,HIGH,,6.35,2026-09-28 00:32:00,2026-09-28 06:02:00,High
diamond_harbour,6fdb84c4-1459-4f5a-960e-a5c50acfdeba,2026-09-28T08:52:00.000Z,0.760,LOW,,0.76,2026-09-28 08:52:00,2026-09-28 14:22:00,Low
diamond_harbour,6fdb84c4-1459-4f5a-960e-a5c50acfdeba,2026-09-28T12:42:00.000Z,6.590,HIGH,,6.59,2026-09-28 12:42:00,2026-09-28 18:12:00,High
diamond_harbour,6fdb84c4-1459-4f5a-960e-a5c50acfdeba,2026-09-28T21:14:00.000Z,0.930,LOW,,0.93,2026-09-28 21:14:00,2026-09-29 02:44:00,Low
diamond_harbour,6fdb84c4-1459-4f5a-960e-a5c50acfdeba,2026-09-29T01:08:00.000Z,6.260,HIGH,,6.26,2026-09-29 01:08:00,2026-09-29 06:38:00,High
diamond_harbour,6fdb84c4-1459-4f5a-960e-a5c50acfdeba,2026-09-29T09:25:00.000Z,0.820,LOW,,0.82,2026-09-29 09:25:00,2026-09-29 14:55:00,Low
diamond_harbour,6fdb84c4-1459-4f5a-960e-a5c50acfdeba,2026-09-29T13:20:00.000Z,6.470,HIGH,,6.47,2026-09-29 13:20:00,2026-09-29 18:50:00,High
diamond_harbour,6fdb84c4-1459-4f5a-960e-a5c50acfdeba,2026-09-29T21:47:00.000Z,1.060,LOW,,1.06,2026-09-29 21:47:00,2026-09-30 03:17:00,Low
diamond_harbour,6fdb84c4-1459-4f5a-960e-a5c50acfdeba,2026-09-30T01:51:00.000Z,6.020,HIGH,,6.02,2026-09-30 01:51:00,2026-09-30 07:21:00,High
diamond_harbour,6fdb84c4-1459-4f5a-960e-a5c50acfdeba,2026-09-30T09:58:00.000Z,1.000,LOW,,1.0,2026-09-30 09:58:00,2026-09-30 15:28:00,Low
diamond_harbour,6fdb84c4-1459-4f5a-960e-a5c50acfdeba,2026-09-30T14:04:00.000Z,6.200,HIGH,,6.2,2026-09-30 14:04:00,2026-09-30 19:34:00,High
haldia,ef43eb28-8fe3-400d-a837-6d5a69e5ab59,2026-06-30T19:17:00.000Z,1.360,LOW,,1.36,2026-06-30 19:17:00,2026-07-01 00:47:00,Low
haldia,ef43eb28-8fe3-400d-a837-6d5a69e5ab59,2026-07-01T00:19:00.000Z,5.620,HIGH,,5.62,2026-07-01 00:19:00,2026-07-01 05:49:00,High
haldia,ef43eb28-8fe3-400d-a837-6d5a69e5ab59,2026-07-01T07:36:00.000Z,1.530,LOW,,1.53,2026-07-01 07:36:00,2026-07-01 13:06:00,Low
haldia,ef43eb28-8fe3-400d-a837-6d5a69e5ab59,2026-07-01T12:36:00.000Z,5.110,HIGH,,5.11,2026-07-01 12:36:00,2026-07-01 18:06:00,High
haldia,ef43eb28-8fe3-400d-a837-6d5a69e5ab59,2026-07-01T19:47:00.000Z,1.350,LOW,,1.35,2026-07-01 19:47:00,2026-07-02 01:17:00,Low
haldia,ef43eb28-8fe3-400d-a837-6d5a69e5ab59,2026-07-02T00:49:00.000Z,5.650,HIGH,,5.65,2026-07-02 00:49:00,2026-07-02 06:19:00,High
haldia,ef43eb28-8fe3-400d-a837-6d5a69e5ab59,2026-07-02T08:11:00.000Z,1.490,LOW,,1.49,2026-07-02 08:11:00,2026-07-02 13:41:00,Low
haldia,ef43eb28-8fe3-400d-a837-6d5a69e5ab59,2026-07-02T13:08:00.000Z,5.160,HIGH,,5.16,2026-07-02 13:08:00,2026-07-02 18:38:00,High
haldia,ef43eb28-8fe3-400d-a837-6d5a69e5ab59,2026-07-02T20:19:00.000Z,1.390,LOW,,1.39,2026-07-02 20:19:00,2026-07-03 01:49:00,Low
haldia,ef43eb28-8fe3-400d-a837-6d5a69e5ab59,2026-07-03T01:24:00.000Z,5.620,HIGH,,5.62,2026-07-03 01:24:00,2026-07-03 06:54:00,High
haldia,ef43eb28-8fe3-400d-a837-6d5a69e5ab59,2026-07-03T08:49:00.000Z,1.480,LOW,,1.48,2026-07-03 08:49:00,2026-07-03 14:19:00,Low
haldia,ef43eb28-8fe3-400d-a837-6d5a69e5ab59,2026-07-03T13:44:00.000Z,5.170,HIGH,,5.17,2026-07-03 13:44:00,2026-07-03 19:14:00,High
haldia,ef43eb28-8fe3-400d-a837-6d5a69e5ab59,2026-07-03T20:51:00.000Z,1.470,LOW,,1.47,2026-07-03 20:51:00,2026-07-04 02:21:00,Low
haldia,ef43eb28-8fe3-400d-a837-6d5a69e5ab59,2026-07-04T02:01:00.000Z,5.550,HIGH,,5.55,2026-07-04 02:01:00,2026-07-04 07:31:00,High
haldia,ef43eb28-8fe3-400d-a837-6d5a69e5ab59,2026-07-04T09:24:00.000Z,1.480,LOW,,1.48,2026-07-04 09:24:00,2026-07-04 14:54:00,Low
haldia,ef43eb28-8fe3-400d-a837-6d5a69e5ab59,2026-07-04T14:22:00.000Z,5.160,HIGH,,5.16,2026-07-04 14:22:00,2026-07-04 19:52:00,High
haldia,ef43eb28-8fe3-400d-a837-6d5a69e5ab59,2026-07-04T21:22:00.000Z,1.570,LOW,,1.57,2026-07-04 21:22:00,2026-07-05 02:52:00,Low
haldia,ef43eb28-8fe3-400d-a837-6d5a69e5ab59,2026-07-05T02:39:00.000Z,5.450,HIGH,,5.45,2026-07-05 02:39:00,2026-07-05 08:09:00,High
haldia,ef43eb28-8fe3-400d-a837-6d5a69e5ab59,2026-07-05T09:57:00.000Z,1.500,LOW,,1.5,2026-07-05 09:57:00,2026-07-05 15:27:00,Low
haldia,ef43eb28-8fe3-400d-a837-6d5a69e5ab59,2026-07-05T15:00:00.000Z,5.130,HIGH,,5.13,2026-07-05 15:00:00,2026-07-05 20:30:00,High
haldia,ef43eb28-8fe3-400d-a837-6d5a69e5ab59,2026-07-05T21:54:00.000Z,1.690,LOW,,1.69,2026-07-05 21:54:00,2026-07-06 03:24:00,Low
haldia,ef43eb28-8fe3-400d-a837-6d5a69e5ab59,2026-07-06T03:19:00.000Z,5.340,HIGH,,5.34,2026-07-06 03:19:00,2026-07-06 08:49:00,High
haldia,ef43eb28-8fe3-400d-a837-6d5a69e5ab59,2026-07-06T10:28:00.000Z,1.520,LOW,,1.52,2026-07-06 10:28:00,2026-07-06 15:58:00,Low
haldia,ef43eb28-8fe3-400d-a837-6d5a69e5ab59,2026-07-06T15:44:00.000Z,5.100,HIGH,,5.1,2026-07-06 15:44:00,2026-07-06 21:14:00,High
haldia,ef43eb28-8fe3-400d-a837-6d5a69e5ab59,2026-07-06T22:32:00.000Z,1.820,LOW,,1.82,2026-07-06 22:32:00,2026-07-07 04:02:00,Low
haldia,ef43eb28-8fe3-400d-a837-6d5a69e5ab59,2026-07-07T04:03:00.000Z,5.200,HIGH,,5.2,2026-07-07 04:03:00,2026-07-07 09:33:00,High
haldia,ef43eb28-8fe3-400d-a837-6d5a69e5ab59,2026-07-07T11:05:00.000Z,1.580,LOW,,1.58,2026-07-07 11:05:00,2026-07-07 16:35:00,Low
haldia,ef43eb28-8fe3-400d-a837-6d5a69e5ab59,2026-07-07T16:34:00.000Z,5.040,HIGH,,5.04,2026-07-07 16:34:00,2026-07-07 22:04:00,High
haldia,ef43eb28-8fe3-400d-a837-6d5a69e5ab59,2026-07-07T23:23:00.000Z,1.960,LOW,,1.96,2026-07-07 23:23:00,2026-07-08 04:53:00,Low
haldia,ef43eb28-8fe3-400d-a837-6d5a69e5ab59,2026-07-08T04:59:00.000Z,5.010,HIGH,,5.01,2026-07-08 04:59:00,2026-07-08 10:29:00,High
haldia,ef43eb28-8fe3-400d-a837-6d5a69e5ab59,2026-07-08T11:56:00.000Z,1.670,LOW,,1.67,2026-07-08 11:56:00,2026-07-08 17:26:00,Low
haldia,ef43eb28-8fe3-400d-a837-6d5a69e5ab59,2026-07-08T17:41:00.000Z,4.980,HIGH,,4.98,2026-07-08 17:41:00,2026-07-08 23:11:00,High
haldia,ef43eb28-8fe3-400d-a837-6d5a69e5ab59,2026-07-09T00:33:00.000Z,2.070,LOW,,2.07,2026-07-09 00:33:00,2026-07-09 06:03:00,Low
haldia,ef43eb28-8fe3-400d-a837-6d5a69e5ab59,2026-07-09T06:14:00.000Z,4.830,HIGH,,4.83,2026-07-09 06:14:00,2026-07-09 11:44:00,High
haldia,ef43eb28-8fe3-400d-a837-6d5a69e5ab59,2026-07-09T13:09:00.000Z,1.740,LOW,,1.74,2026-07-09 13:09:00,2026-07-09 18:39:00,Low
haldia,ef43eb28-8fe3-400d-a837-6d5a69e5ab59,2026-07-09T19:09:00.000Z,5.030,HIGH,,5.03,2026-07-09 19:09:00,2026-07-10 00:39:00,High
haldia,ef43eb28-8fe3-400d-a837-6d5a69e5ab59,2026-07-10T02:05:00.000Z,2.050,LOW,,2.05,2026-07-10 02:05:00,2026-07-10 07:35:00,Low
haldia,ef43eb28-8fe3-400d-a837-6d5a69e5ab59,2026-07-10T07:39:00.000Z,4.810,HIGH,,4.81,2026-07-10 07:39:00,2026-07-10 13:09:00,High
haldia,ef43eb28-8fe3-400d-a837-6d5a69e5ab59,2026-07-10T14:38:00.000Z,1.690,LOW,,1.69,2026-07-10 14:38:00,2026-07-10 20:08:00,Low
haldia,ef43eb28-8fe3-400d-a837-6d5a69e5ab59,2026-07-10T20:25:00.000Z,5.260,HIGH,,5.26,2026-07-10 20:25:00,2026-07-11 01:55:00,High
haldia,ef43eb28-8fe3-400d-a837-6d5a69e5ab59,2026-07-11T03:38:00.000Z,1.860,LOW,,1.86,2026-07-11 03:38:00,2026-07-11 09:08:00,Low
haldia,ef43eb28-8fe3-400d-a837-6d5a69e5ab59,2026-07-11T08:53:00.000Z,4.960,HIGH,,4.96,2026-07-11 08:53:00,2026-07-11 14:23:00,High
haldia,ef43eb28-8fe3-400d-a837-6d5a69e5ab59,2026-07-11T16:06:00.000Z,1.510,LOW,,1.51,2026-07-11 16:06:00,2026-07-11 21:36:00,Low
haldia,ef43eb28-8fe3-400d-a837-6d5a69e5ab59,2026-07-11T21:30:00.000Z,5.580,HIGH,,5.58,2026-07-11 21:30:00,2026-07-12 03:00:00,High
haldia,ef43eb28-8fe3-400d-a837-6d5a69e5ab59,2026-07-12T05:00:00.000Z,1.580,LOW,,1.58,2026-07-12 05:00:00,2026-07-12 10:30:00,Low
haldia,ef43eb28-8fe3-400d-a837-6d5a69e5ab59,2026-07-12T09:57:00.000Z,5.200,HIGH,,5.2,2026-07-12 09:57:00,2026-07-12 15:27:00,High
haldia,ef43eb28-8fe3-400d-a837-6d5a69e5ab59,2026-07-12T17:21:00.000Z,1.260,LOW,,1.26,2026-07-12 17:21:00,2026-07-12 22:51:00,Low
haldia,ef43eb28-8fe3-400d-a837-6d5a69e5ab59,2026-07-12T22:24:00.000Z,5.920,HIGH,,5.92,2026-07-12 22:24:00,2026-07-13 03:54:00,High
haldia,ef43eb28-8fe3-400d-a837-6d5a69e5ab59,2026-07-13T06:04:00.000Z,1.300,LOW,,1.3,2026-07-13 06:04:00,2026-07-13 11:34:00,Low
haldia,ef43eb28-8fe3-400d-a837-6d5a69e5ab59,2026-07-13T10:51:00.000Z,5.480,HIGH,,5.48,2026-07-13 10:51:00,2026-07-13 16:21:00,High
haldia,ef43eb28-8fe3-400d-a837-6d5a69e5ab59,2026-07-13T18:24:00.000Z,1.040,LOW,,1.04,2026-07-13 18:24:00,2026-07-13 23:54:00,Low
haldia,ef43eb28-8fe3-400d-a837-6d5a69e5ab59,2026-07-13T23:11:00.000Z,6.190,HIGH,,6.19,2026-07-13 23:11:00,2026-07-14 04:41:00,High
haldia,ef43eb28-8fe3-400d-a837-6d5a69e5ab59,2026-07-14T06:58:00.000Z,1.090,LOW,,1.09,2026-07-14 06:58:00,2026-07-14 12:28:00,Low
haldia,ef43eb28-8fe3-400d-a837-6d5a69e5ab59,2026-07-14T11:39:00.000Z,5.710,HIGH,,5.71,2026-07-14 11:39:00,2026-07-14 17:09:00,High
haldia,ef43eb28-8fe3-400d-a837-6d5a69e5ab59,2026-07-14T19:17:00.000Z,0.920,LOW,,0.92,2026-07-14 19:17:00,2026-07-15 00:47:00,Low
haldia,ef43eb28-8fe3-400d-a837-6d5a69e5ab59,2026-07-14T23:57:00.000Z,6.330,HIGH,,6.33,2026-07-14 23:57:00,2026-07-15 05:27:00,High
haldia,ef43eb28-8fe3-400d-a837-6d5a69e5ab59,2026-07-15T07:46:00.000Z,0.980,LOW,,0.98,2026-07-15 07:46:00,2026-07-15 13:16:00,Low
haldia,ef43eb28-8fe3-400d-a837-6d5a69e5ab59,2026-07-15T12:26:00.000Z,5.830,HIGH,,5.83,2026-07-15 12:26:00,2026-07-15 17:56:00,High
haldia,ef43eb28-8fe3-400d-a837-6d5a69e5ab59,2026-07-15T20:01:00.000Z,0.920,LOW,,0.92,2026-07-15 20:01:00,2026-07-16 01:31:00,Low
haldia,ef43eb28-8fe3-400d-a837-6d5a69e5ab59,2026-07-16T00:42:00.000Z,6.310,HIGH,,6.31,2026-07-16 00:42:00,2026-07-16 06:12:00,High
haldia,ef43eb28-8fe3-400d-a837-6d5a69e5ab59,2026-07-16T08:29:00.000Z,0.980,LOW,,0.98,2026-07-16 08:29:00,2026-07-16 13:59:00,Low
haldia,ef43eb28-8fe3-400d-a837-6d5a69e5ab59,2026-07-16T13:11:00.000Z,5.820,HIGH,,5.82,2026-07-16 13:11:00,2026-07-16 18:41:00,High
haldia,ef43eb28-8fe3-400d-a837-6d5a69e5ab59,2026-07-16T20:42:00.000Z,1.040,LOW,,1.04,2026-07-16 20:42:00,2026-07-17 02:12:00,Low
haldia,ef43eb28-8fe3-400d-a837-6d5a69e5ab59,2026-07-17T01:28:00.000Z,6.130,HIGH,,6.13,2026-07-17 01:28:00,2026-07-17 06:58:00,High
haldia,ef43eb28-8fe3-400d-a837-6d5a69e5ab59,2026-07-17T09:09:00.000Z,1.080,LOW,,1.08,2026-07-17 09:09:00,2026-07-17 14:39:00,Low
haldia,ef43eb28-8fe3-400d-a837-6d5a69e5ab59,2026-07-17T13:56:00.000Z,5.700,HIGH,,5.7,2026-07-17 13:56:00,2026-07-17 19:26:00,High
haldia,ef43eb28-8fe3-400d-a837-6d5a69e5ab59,2026-07-17T21:17:00.000Z,1.240,LOW,,1.24,2026-07-17 21:17:00,2026-07-18 02:47:00,Low
haldia,ef43eb28-8fe3-400d-a837-6d5a69e5ab59,2026-07-18T02:12:00.000Z,5.850,HIGH,,5.85,2026-07-18 02:12:00,2026-07-18 07:42:00,High
haldia,ef43eb28-8fe3-400d-a837-6d5a69e5ab59,2026-07-18T09:43:00.000Z,1.240,LOW,,1.24,2026-07-18 09:43:00,2026-07-18 15:13:00,Low
haldia,ef43eb28-8fe3-400d-a837-6d5a69e5ab59,2026-07-18T14:38:00.000Z,5.510,HIGH,,5.51,2026-07-18 14:38:00,2026-07-18 20:08:00,High
haldia,ef43eb28-8fe3-400d-a837-6d5a69e5ab59,2026-07-18T21:46:00.000Z,1.470,LOW,,1.47,2026-07-18 21:46:00,2026-07-19 03:16:00,Low
haldia,ef43eb28-8fe3-400d-a837-6d5a69e5ab59,2026-07-19T02:54:00.000Z,5.540,HIGH,,5.54,2026-07-19 02:54:00,2026-07-19 08:24:00,High
haldia,ef43eb28-8fe3-400d-a837-6d5a69e5ab59,2026-07-19T10:09:00.000Z,1.420,LOW,,1.42,2026-07-19 10:09:00,2026-07-19 15:39:00,Low
haldia,ef43eb28-8fe3-400d-a837-6d5a69e5ab59,2026-07-19T15:16:00.000Z,5.290,HIGH,,5.29,2026-07-19 15:16:00,2026-07-19 20:46:00,High
haldia,ef43eb28-8fe3-400d-a837-6d5a69e5ab59,2026-07-19T22:11:00.000Z,1.710,LOW,,1.71,2026-07-19 22:11:00,2026-07-20 03:41:00,Low
haldia,ef43eb28-8fe3-400d-a837-6d5a69e5ab59,2026-07-20T03:31:00.000Z,5.220,HIGH,,5.22,2026-07-20 03:31:00,2026-07-20 09:01:00,High
haldia,ef43eb28-8fe3-400d-a837-6d5a69e5ab59,2026-07-20T10:32:00.000Z,1.600,LOW,,1.6,2026-07-20 10:32:00,2026-07-20 16:02:00,Low
haldia,ef43eb28-8fe3-400d-a837-6d5a69e5ab59,2026-07-20T15:52:00.000Z,5.070,HIGH,,5.07,2026-07-20 15:52:00,2026-07-20 21:22:00,High
haldia,ef43eb28-8fe3-400d-a837-6d5a69e5ab59,2026-07-20T22:36:00.000Z,1.960,LOW,,1.96,2026-07-20 22:36:00,2026-07-21 04:06:00,Low
haldia,ef43eb28-8fe3-400d-a837-6d5a69e5ab59,2026-07-21T04:06:00.000Z,4.910,HIGH,,4.91,2026-07-21 04:06:00,2026-07-21 09:36:00,High
haldia,ef43eb28-8fe3-400d-a837-6d5a69e5ab59,2026-07-21T10:57:00.000Z,1.810,LOW,,1.81,2026-07-21 10:57:00,2026-07-21 16:27:00,Low
haldia,ef43eb28-8fe3-400d-a837-6d5a69e5ab59,2026-07-21T16:33:00.000Z,4.830,HIGH,,4.83,2026-07-21 16:33:00,2026-07-21 22:03:00,High
haldia,ef43eb28-8fe3-400d-a837-6d5a69e5ab59,2026-07-21T23:12:00.000Z,2.230,LOW,,2.23,2026-07-21 23:12:00,2026-07-22 04:42:00,Low
haldia,ef43eb28-8fe3-400d-a837-6d5a69e5ab59,2026-07-22T04:52:00.000Z,4.590,HIGH,,4.59,2026-07-22 04:52:00,2026-07-22 10:22:00,High
haldia,ef43eb28-8fe3-400d-a837-6d5a69e5ab59,2026-07-22T11:37:00.000Z,2.060,LOW,,2.06,2026-07-22 11:37:00,2026-07-22 17:07:00,Low
haldia,ef43eb28-8fe3-400d-a837-6d5a69e5ab59,2026-07-22T17:40:00.000Z,4.600,HIGH,,4.6,2026-07-22 17:40:00,2026-07-22 23:10:00,High
haldia,ef43eb28-8fe3-400d-a837-6d5a69e5ab59,2026-07-23T00:21:00.000Z,2.460,LOW,,2.46,2026-07-23 00:21:00,2026-07-23 05:51:00,Low
haldia,ef43eb28-8fe3-400d-a837-6d5a69e5ab59,2026-07-23T06:07:00.000Z,4.320,HIGH,,4.32,2026-07-23 06:07:00,2026-07-23 11:37:00,High
haldia,ef43eb28-8fe3-400d-a837-6d5a69e5ab59,2026-07-23T12:58:00.000Z,2.250,LOW,,2.25,2026-07-23 12:58:00,2026-07-23 18:28:00,Low
haldia,ef43eb28-8fe3-400d-a837-6d5a69e5ab59,2026-07-23T19:22:00.000Z,4.540,HIGH,,4.54,2026-07-23 19:22:00,2026-07-24 00:52:00,High
haldia,ef43eb28-8fe3-400d-a837-6d5a69e5ab59,2026-07-24T02:11:00.000Z,2.490,LOW,,2.49,2026-07-24 02:11:00,2026-07-24 07:41:00,Low
haldia,ef43eb28-8fe3-400d-a837-6d5a69e5ab59,2026-07-24T08:02:00.000Z,4.260,HIGH,,4.26,2026-07-24 08:02:00,2026-07-24 13:32:00,High
haldia,ef43eb28-8fe3-400d-a837-6d5a69e5ab59,2026-07-24T14:41:00.000Z,2.220,LOW,,2.22,2026-07-24 14:41:00,2026-07-24 20:11:00,Low
haldia,ef43eb28-8fe3-400d-a837-6d5a69e5ab59,2026-07-24T20:56:00.000Z,4.730,HIGH,,4.73,2026-07-24 20:56:00,2026-07-25 02:26:00,High
haldia,ef43eb28-8fe3-400d-a837-6d5a69e5ab59,2026-07-25T03:45:00.000Z,2.290,LOW,,2.29,2026-07-25 03:45:00,2026-07-25 09:15:00,Low
haldia,ef43eb28-8fe3-400d-a837-6d5a69e5ab59,2026-07-25T09:31:00.000Z,4.430,HIGH,,4.43,2026-07-25 09:31:00,2026-07-25 15:01:00,High
haldia,ef43eb28-8fe3-400d-a837-6d5a69e5ab59,2026-07-25T16:04:00.000Z,2.020,LOW,,2.02,2026-07-25 16:04:00,2026-07-25 21:34:00,Low
haldia,ef43eb28-8fe3-400d-a837-6d5a69e5ab59,2026-07-25T21:53:00.000Z,5.010,HIGH,,5.01,2026-07-25 21:53:00,2026-07-26 03:23:00,High
haldia,ef43eb28-8fe3-400d-a837-6d5a69e5ab59,2026-07-26T04:53:00.000Z,2.030,LOW,,2.03,2026-07-26 04:53:00,2026-07-26 10:23:00,Low
haldia,ef43eb28-8fe3-400d-a837-6d5a69e5ab59,2026-07-26T10:23:00.000Z,4.660,HIGH,,4.66,2026-07-26 10:23:00,2026-07-26 15:53:00,High
haldia,ef43eb28-8fe3-400d-a837-6d5a69e5ab59,2026-07-26T17:08:00.000Z,1.770,LOW,,1.77,2026-07-26 17:08:00,2026-07-26 22:38:00,Low
haldia,ef43eb28-8fe3-400d-a837-6d5a69e5ab59,2026-07-26T22:37:00.000Z,5.280,HIGH,,5.28,2026-07-26 22:37:00,2026-07-27 04:07:00,High
haldia,ef43eb28-8fe3-400d-a837-6d5a69e5ab59,2026-07-27T05:43:00.000Z,1.780,LOW,,1.78,2026-07-27 05:43:00,2026-07-27 11:13:00,Low
haldia,ef43eb28-8fe3-400d-a837-6d5a69e5ab59,2026-07-27T11:00:00.000Z,4.880,HIGH,,4.88,2026-07-27 11:00:00,2026-07-27 16:30:00,High
haldia,ef43eb28-8fe3-400d-a837-6d5a69e5ab59,2026-07-27T17:58:00.000Z,1.560,LOW,,1.56,2026-07-27 17:58:00,2026-07-27 23:28:00,Low
haldia,ef43eb28-8fe3-400d-a837-6d5a69e5ab59,2026-07-27T23:11:00.000Z,5.520,HIGH,,5.52,2026-07-27 23:11:00,2026-07-28 04:41:00,High
haldia,ef43eb28-8fe3-400d-a837-6d5a69e5ab59,2026-07-28T06:22:00.000Z,1.570,LOW,,1.57,2026-07-28 06:22:00,2026-07-28 11:52:00,Low
haldia,ef43eb28-8fe3-400d-a837-6d5a69e5ab59,2026-07-28T11:28:00.000Z,5.080,HIGH,,5.08,2026-07-28 11:28:00,2026-07-28 16:58:00,High
haldia,ef43eb28-8fe3-400d-a837-6d5a69e5ab59,2026-07-28T18:36:00.000Z,1.390,LOW,,1.39,2026-07-28 18:36:00,2026-07-29 00:06:00,Low
haldia,ef43eb28-8fe3-400d-a837-6d5a69e5ab59,2026-07-28T23:37:00.000Z,5.720,HIGH,,5.72,2026-07-28 23:37:00,2026-07-29 05:07:00,High
haldia,ef43eb28-8fe3-400d-a837-6d5a69e5ab59,2026-07-29T06:56:00.000Z,1.410,LOW,,1.41,2026-07-29 06:56:00,2026-07-29 12:26:00,Low
haldia,ef43eb28-8fe3-400d-a837-6d5a69e5ab59,2026-07-29T11:52:00.000Z,5.270,HIGH,,5.27,2026-07-29 11:52:00,2026-07-29 17:22:00,High
haldia,ef43eb28-8fe3-400d-a837-6d5a69e5ab59,2026-07-29T19:09:00.000Z,1.270,LOW,,1.27,2026-07-29 19:09:00,2026-07-30 00:39:00,Low
haldia,ef43eb28-8fe3-400d-a837-6d5a69e5ab59,2026-07-29T23:59:00.000Z,5.880,HIGH,,5.88,2026-07-29 23:59:00,2026-07-30 05:29:00,High
haldia,ef43eb28-8fe3-400d-a837-6d5a69e5ab59,2026-07-30T07:26:00.000Z,1.270,LOW,,1.27,2026-07-30 07:26:00,2026-07-30 12:56:00,Low
haldia,ef43eb28-8fe3-400d-a837-6d5a69e5ab59,2026-07-30T12:15:00.000Z,5.450,HIGH,,5.45,2026-07-30 12:15:00,2026-07-30 17:45:00,High
haldia,ef43eb28-8fe3-400d-a837-6d5a69e5ab59,2026-07-30T19:38:00.000Z,1.180,LOW,,1.18,2026-07-30 19:38:00,2026-07-31 01:08:00,Low
haldia,ef43eb28-8fe3-400d-a837-6d5a69e5ab59,2026-07-31T00:24:00.000Z,5.970,HIGH,,5.97,2026-07-31 00:24:00,2026-07-31 05:54:00,High
haldia,ef43eb28-8fe3-400d-a837-6d5a69e5ab59,2026-07-31T07:59:00.000Z,1.170,LOW,,1.17,2026-07-31 07:59:00,2026-07-31 13:29:00,Low
haldia,ef43eb28-8fe3-400d-a837-6d5a69e5ab59,2026-07-31T12:43:00.000Z,5.580,HIGH,,5.58,2026-07-31 12:43:00,2026-07-31 18:13:00,High
haldia,ef43eb28-8fe3-400d-a837-6d5a69e5ab59,2026-07-31T20:10:00.000Z,1.150,LOW,,1.15,2026-07-31 20:10:00,2026-08-01 01:40:00,Low
haldia,ef43eb28-8fe3-400d-a837-6d5a69e5ab59,2026-08-01T00:54:00.000Z,5.970,HIGH,,5.97,2026-08-01 00:54:00,2026-08-01 06:24:00,High
haldia,ef43eb28-8fe3-400d-a837-6d5a69e5ab59,2026-08-01T08:34:00.000Z,1.120,LOW,,1.12,2026-08-01 08:34:00,2026-08-01 14:04:00,Low
haldia,ef43eb28-8fe3-400d-a837-6d5a69e5ab59,2026-08-01T13:17:00.000Z,5.650,HIGH,,5.65,2026-08-01 13:17:00,2026-08-01 18:47:00,High
haldia,ef43eb28-8fe3-400d-a837-6d5a69e5ab59,2026-08-01T20:43:00.000Z,1.170,LOW,,1.17,2026-08-01 20:43:00,2026-08-02 02:13:00,Low
haldia,ef43eb28-8fe3-400d-a837-6d5a69e5ab59,2026-08-02T01:31:00.000Z,5.880,HIGH,,5.88,2026-08-02 01:31:00,2026-08-02 07:01:00,High
haldia,ef43eb28-8fe3-400d-a837-6d5a69e5ab59,2026-08-02T09:07:00.000Z,1.110,LOW,,1.11,2026-08-02 09:07:00,2026-08-02 14:37:00,Low
haldia,ef43eb28-8fe3-400d-a837-6d5a69e5ab59,2026-08-02T13:52:00.000Z,5.650,HIGH,,5.65,2026-08-02 13:52:00,2026-08-02 19:22:00,High
haldia,ef43eb28-8fe3-400d-a837-6d5a69e5ab59,2026-08-02T21:13:00.000Z,1.260,LOW,,1.26,2026-08-02 21:13:00,2026-08-03 02:43:00,Low
haldia,ef43eb28-8fe3-400d-a837-6d5a69e5ab59,2026-08-03T02:08:00.000Z,5.730,HIGH,,5.73,2026-08-03 02:08:00,2026-08-03 07:38:00,High
haldia,ef43eb28-8fe3-400d-a837-6d5a69e5ab59,2026-08-03T09:36:00.000Z,1.150,LOW,,1.15,2026-08-03 09:36:00,2026-08-03 15:06:00,Low
haldia,ef43eb28-8fe3-400d-a837-6d5a69e5ab59,2026-08-03T14:30:00.000Z,5.590,HIGH,,5.59,2026-08-03 14:30:00,2026-08-03 20:00:00,High
haldia,ef43eb28-8fe3-400d-a837-6d5a69e5ab59,2026-08-03T21:40:00.000Z,1.400,LOW,,1.4,2026-08-03 21:40:00,2026-08-04 03:10:00,Low
haldia,ef43eb28-8fe3-400d-a837-6d5a69e5ab59,2026-08-04T02:47:00.000Z,5.550,HIGH,,5.55,2026-08-04 02:47:00,2026-08-04 08:17:00,High
haldia,ef43eb28-8fe3-400d-a837-6d5a69e5ab59,2026-08-04T10:02:00.000Z,1.240,LOW,,1.24,2026-08-04 10:02:00,2026-08-04 15:32:00,Low
haldia,ef43eb28-8fe3-400d-a837-6d5a69e5ab59,2026-08-04T15:08:00.000Z,5.480,HIGH,,5.48,2026-08-04 15:08:00,2026-08-04 20:38:00,High
haldia,ef43eb28-8fe3-400d-a837-6d5a69e5ab59,2026-08-04T22:08:00.000Z,1.600,LOW,,1.6,2026-08-04 22:08:00,2026-08-05 03:38:00,Low
haldia,ef43eb28-8fe3-400d-a837-6d5a69e5ab59,2026-08-05T03:27:00.000Z,5.310,HIGH,,5.31,2026-08-05 03:27:00,2026-08-05 08:57:00,High
haldia,ef43eb28-8fe3-400d-a837-6d5a69e5ab59,2026-08-05T10:31:00.000Z,1.400,LOW,,1.4,2026-08-05 10:31:00,2026-08-05 16:01:00,Low
haldia,ef43eb28-8fe3-400d-a837-6d5a69e5ab59,2026-08-05T15:50:00.000Z,5.280,HIGH,,5.28,2026-08-05 15:50:00,2026-08-05 21:20:00,High
haldia,ef43eb28-8fe3-400d-a837-6d5a69e5ab59,2026-08-05T22:48:00.000Z,1.850,LOW,,1.85,2026-08-05 22:48:00,2026-08-06 04:18:00,Low
haldia,ef43eb28-8fe3-400d-a837-6d5a69e5ab59,2026-08-06T04:16:00.000Z,5.010,HIGH,,5.01,2026-08-06 04:16:00,2026-08-06 09:46:00,High
haldia,ef43eb28-8fe3-400d-a837-6d5a69e5ab59,2026-08-06T11:14:00.000Z,1.640,LOW,,1.64,2026-08-06 11:14:00,2026-08-06 16:44:00,Low
haldia,ef43eb28-8fe3-400d-a837-6d5a69e5ab59,2026-08-06T16:51:00.000Z,5.010,HIGH,,5.01,2026-08-06 16:51:00,2026-08-06 22:21:00,High
haldia,ef43eb28-8fe3-400d-a837-6d5a69e5ab59,2026-08-06T23:51:00.000Z,2.110,LOW,,2.11,2026-08-06 23:51:00,2026-08-07 05:21:00,Low
haldia,ef43eb28-8fe3-400d-a837-6d5a69e5ab59,2026-08-07T05:31:00.000Z,4.670,HIGH,,4.67,2026-08-07 05:31:00,2026-08-07 11:01:00,High
haldia,ef43eb28-8fe3-400d-a837-6d5a69e5ab59,2026-08-07T12:29:00.000Z,1.880,LOW,,1.88,2026-08-07 12:29:00,2026-08-07 17:59:00,Low
haldia,ef43eb28-8fe3-400d-a837-6d5a69e5ab59,2026-08-07T18:40:00.000Z,4.860,HIGH,,4.86,2026-08-07 18:40:00,2026-08-08 00:10:00,High
haldia,ef43eb28-8fe3-400d-a837-6d5a69e5ab59,2026-08-08T01:42:00.000Z,2.210,LOW,,2.21,2026-08-08 01:42:00,2026-08-08 07:12:00,Low
haldia,ef43eb28-8fe3-400d-a837-6d5a69e5ab59,2026-08-08T07:26:00.000Z,4.570,HIGH,,4.57,2026-08-08 07:26:00,2026-08-08 12:56:00,High
haldia,ef43eb28-8fe3-400d-a837-6d5a69e5ab59,2026-08-08T14:23:00.000Z,1.900,LOW,,1.9,2026-08-08 14:23:00,2026-08-08 19:53:00,Low
haldia,ef43eb28-8fe3-400d-a837-6d5a69e5ab59,2026-08-08T20:19:00.000Z,5.060,HIGH,,5.06,2026-08-08 20:19:00,2026-08-09 01:49:00,High
haldia,ef43eb28-8fe3-400d-a837-6d5a69e5ab59,2026-08-09T03:38:00.000Z,1.950,LOW,,1.95,2026-08-09 03:38:00,2026-08-09 09:08:00,Low
haldia,ef43eb28-8fe3-400d-a837-6d5a69e5ab59,2026-08-09T08:59:00.000Z,4.800,HIGH,,4.8,2026-08-09 08:59:00,2026-08-09 14:29:00,High
haldia,ef43eb28-8fe3-400d-a837-6d5a69e5ab59,2026-08-09T16:04:00.000Z,1.640,LOW,,1.64,2026-08-09 16:04:00,2026-08-09 21:34:00,Low
haldia,ef43eb28-8fe3-400d-a837-6d5a69e5ab59,2026-08-09T21:33:00.000Z,5.460,HIGH,,5.46,2026-08-09 21:33:00,2026-08-10 03:03:00,High
haldia,ef43eb28-8fe3-400d-a837-6d5a69e5ab59,2026-08-10T05:05:00.000Z,1.550,LOW,,1.55,2026-08-10 05:05:00,2026-08-10 10:35:00,Low
haldia,ef43eb28-8fe3-400d-a837-6d5a69e5ab59,2026-08-10T10:05:00.000Z,5.190,HIGH,,5.19,2026-08-10 10:05:00,2026-08-10 15:35:00,High
haldia,ef43eb28-8fe3-400d-a837-6d5a69e5ab59,2026-08-10T17:23:00.000Z,1.290,LOW,,1.29,2026-08-10 17:23:00,2026-08-10 22:53:00,Low
haldia,ef43eb28-8fe3-400d-a837-6d5a69e5ab59,2026-08-10T22:26:00.000Z,5.870,HIGH,,5.87,2026-08-10 22:26:00,2026-08-11 03:56:00,High
haldia,ef43eb28-8fe3-400d-a837-6d5a69e5ab59,2026-08-11T06:07:00.000Z,1.160,LOW,,1.16,2026-08-11 06:07:00,2026-08-11 11:37:00,Low
haldia,ef43eb28-8fe3-400d-a837-6d5a69e5ab59,2026-08-11T10:54:00.000Z,5.580,HIGH,,5.58,2026-08-11 10:54:00,2026-08-11 16:24:00,High
haldia,ef43eb28-8fe3-400d-a837-6d5a69e5ab59,2026-08-11T18:25:00.000Z,1.000,LOW,,1.0,2026-08-11 18:25:00,2026-08-11 23:55:00,Low
haldia,ef43eb28-8fe3-400d-a837-6d5a69e5ab59,2026-08-11T23:10:00.000Z,6.210,HIGH,,6.21,2026-08-11 23:10:00,2026-08-12 04:40:00,High
haldia,ef43eb28-8fe3-400d-a837-6d5a69e5ab59,2026-08-12T06:56:00.000Z,0.870,LOW,,0.87,2026-08-12 06:56:00,2026-08-12 12:26:00,Low
haldia,ef43eb28-8fe3-400d-a837-6d5a69e5ab59,2026-08-12T11:34:00.000Z,5.890,HIGH,,5.89,2026-08-12 11:34:00,2026-08-12 17:04:00,High
haldia,ef43eb28-8fe3-400d-a837-6d5a69e5ab59,2026-08-12T19:13:00.000Z,0.820,LOW,,0.82,2026-08-12 19:13:00,2026-08-13 00:43:00,Low
haldia,ef43eb28-8fe3-400d-a837-6d5a69e5ab59,2026-08-12T23:47:00.000Z,6.390,HIGH,,6.39,2026-08-12 23:47:00,2026-08-13 05:17:00,High
haldia,ef43eb28-8fe3-400d-a837-6d5a69e5ab59,2026-08-13T07:35:00.000Z,0.740,LOW,,0.74,2026-08-13 07:35:00,2026-08-13 13:05:00,Low
haldia,ef43eb28-8fe3-400d-a837-6d5a69e5ab59,2026-08-13T12:09:00.000Z,6.070,HIGH,,6.07,2026-08-13 12:09:00,2026-08-13 17:39:00,High
haldia,ef43eb28-8fe3-400d-a837-6d5a69e5ab59,2026-08-13T19:51:00.000Z,0.800,LOW,,0.8,2026-08-13 19:51:00,2026-08-14 01:21:00,Low
haldia,ef43eb28-8fe3-400d-a837-6d5a69e5ab59,2026-08-14T00:22:00.000Z,6.390,HIGH,,6.39,2026-08-14 00:22:00,2026-08-14 05:52:00,High
haldia,ef43eb28-8fe3-400d-a837-6d5a69e5ab59,2026-08-14T08:10:00.000Z,0.750,LOW,,0.75,2026-08-14 08:10:00,2026-08-14 13:40:00,Low
haldia,ef43eb28-8fe3-400d-a837-6d5a69e5ab59,2026-08-14T12:44:00.000Z,6.090,HIGH,,6.09,2026-08-14 12:44:00,2026-08-14 18:14:00,High
haldia,ef43eb28-8fe3-400d-a837-6d5a69e5ab59,2026-08-14T20:24:00.000Z,0.900,LOW,,0.9,2026-08-14 20:24:00,2026-08-15 01:54:00,Low
haldia,ef43eb28-8fe3-400d-a837-6d5a69e5ab59,2026-08-15T01:00:00.000Z,6.220,HIGH,,6.22,2026-08-15 01:00:00,2026-08-15 06:30:00,High
haldia,ef43eb28-8fe3-400d-a837-6d5a69e5ab59,2026-08-15T08:41:00.000Z,0.880,LOW,,0.88,2026-08-15 08:41:00,2026-08-15 14:11:00,Low
haldia,ef43eb28-8fe3-400d-a837-6d5a69e5ab59,2026-08-15T13:20:00.000Z,5.970,HIGH,,5.97,2026-08-15 13:20:00,2026-08-15 18:50:00,High
haldia,ef43eb28-8fe3-400d-a837-6d5a69e5ab59,2026-08-15T20:54:00.000Z,1.090,LOW,,1.09,2026-08-15 20:54:00,2026-08-16 02:24:00,Low
haldia,ef43eb28-8fe3-400d-a837-6d5a69e5ab59,2026-08-16T01:36:00.000Z,5.940,HIGH,,5.94,2026-08-16 01:36:00,2026-08-16 07:06:00,High
haldia,ef43eb28-8fe3-400d-a837-6d5a69e5ab59,2026-08-16T09:06:00.000Z,1.060,LOW,,1.06,2026-08-16 09:06:00,2026-08-16 14:36:00,Low
haldia,ef43eb28-8fe3-400d-a837-6d5a69e5ab59,2026-08-16T13:57:00.000Z,5.780,HIGH,,5.78,2026-08-16 13:57:00,2026-08-16 19:27:00,High
haldia,ef43eb28-8fe3-400d-a837-6d5a69e5ab59,2026-08-16T21:16:00.000Z,1.300,LOW,,1.3,2026-08-16 21:16:00,2026-08-17 02:46:00,Low
haldia,ef43eb28-8fe3-400d-a837-6d5a69e5ab59,2026-08-17T02:10:00.000Z,5.620,HIGH,,5.62,2026-08-17 02:10:00,2026-08-17 07:40:00,High
haldia,ef43eb28-8fe3-400d-a837-6d5a69e5ab59,2026-08-17T09:27:00.000Z,1.240,LOW,,1.24,2026-08-17 09:27:00,2026-08-17 14:57:00,Low
haldia,ef43eb28-8fe3-400d-a837-6d5a69e5ab59,2026-08-17T14:29:00.000Z,5.550,HIGH,,5.55,2026-08-17 14:29:00,2026-08-17 19:59:00,High
haldia,ef43eb28-8fe3-400d-a837-6d5a69e5ab59,2026-08-17T21:34:00.000Z,1.520,LOW,,1.52,2026-08-17 21:34:00,2026-08-18 03:04:00,Low
haldia,ef43eb28-8fe3-400d-a837-6d5a69e5ab59,2026-08-18T02:41:00.000Z,5.300,HIGH,,5.3,2026-08-18 02:41:00,2026-08-18 08:11:00,High
haldia,ef43eb28-8fe3-400d-a837-6d5a69e5ab59,2026-08-18T09:45:00.000Z,1.430,LOW,,1.43,2026-08-18 09:45:00,2026-08-18 15:15:00,Low
haldia,ef43eb28-8fe3-400d-a837-6d5a69e5ab59,2026-08-18T14:59:00.000Z,5.270,HIGH,,5.27,2026-08-18 14:59:00,2026-08-18 20:29:00,High
haldia,ef43eb28-8fe3-400d-a837-6d5a69e5ab59,2026-08-18T21:51:00.000Z,1.770,LOW,,1.77,2026-08-18 21:51:00,2026-08-19 03:21:00,Low
haldia,ef43eb28-8fe3-400d-a837-6d5a69e5ab59,2026-08-19T03:10:00.000Z,4.960,HIGH,,4.96,2026-08-19 03:10:00,2026-08-19 08:40:00,High
haldia,ef43eb28-8fe3-400d-a837-6d5a69e5ab59,2026-08-19T10:01:00.000Z,1.690,LOW,,1.69,2026-08-19 10:01:00,2026-08-19 15:31:00,Low
haldia,ef43eb28-8fe3-400d-a837-6d5a69e5ab59,2026-08-19T15:30:00.000Z,4.940,HIGH,,4.94,2026-08-19 15:30:00,2026-08-19 21:00:00,High
haldia,ef43eb28-8fe3-400d-a837-6d5a69e5ab59,2026-08-19T22:14:00.000Z,2.090,LOW,,2.09,2026-08-19 22:14:00,2026-08-20 03:44:00,Low
haldia,ef43eb28-8fe3-400d-a837-6d5a69e5ab59,2026-08-20T03:42:00.000Z,4.590,HIGH,,4.59,2026-08-20 03:42:00,2026-08-20 09:12:00,High
haldia,ef43eb28-8fe3-400d-a837-6d5a69e5ab59,2026-08-20T10:27:00.000Z,2.010,LOW,,2.01,2026-08-20 10:27:00,2026-08-20 15:57:00,Low
haldia,ef43eb28-8fe3-400d-a837-6d5a69e5ab59,2026-08-20T16:14:00.000Z,4.570,HIGH,,4.57,2026-08-20 16:14:00,2026-08-20 21:44:00,High
haldia,ef43eb28-8fe3-400d-a837-6d5a69e5ab59,2026-08-20T23:00:00.000Z,2.450,LOW,,2.45,2026-08-20 23:00:00,2026-08-21 04:30:00,Low
haldia,ef43eb28-8fe3-400d-a837-6d5a69e5ab59,2026-08-21T04:33:00.000Z,4.210,HIGH,,4.21,2026-08-21 04:33:00,2026-08-21 10:03:00,High
haldia,ef43eb28-8fe3-400d-a837-6d5a69e5ab59,2026-08-21T11:31:00.000Z,2.350,LOW,,2.35,2026-08-21 11:31:00,2026-08-21 17:01:00,Low
haldia,ef43eb28-8fe3-400d-a837-6d5a69e5ab59,2026-08-21T18:23:00.000Z,4.310,HIGH,,4.31,2026-08-21 18:23:00,2026-08-21 23:53:00,High
haldia,ef43eb28-8fe3-400d-a837-6d5a69e5ab59,2026-08-22T01:13:00.000Z,2.640,LOW,,2.64,2026-08-22 01:13:00,2026-08-22 06:43:00,Low
haldia,ef43eb28-8fe3-400d-a837-6d5a69e5ab59,2026-08-22T07:18:00.000Z,4.010,HIGH,,4.01,2026-08-22 07:18:00,2026-08-22 12:48:00,High
haldia,ef43eb28-8fe3-400d-a837-6d5a69e5ab59,2026-08-22T14:01:00.000Z,2.410,LOW,,2.41,2026-08-22 14:01:00,2026-08-22 19:31:00,Low
haldia,ef43eb28-8fe3-400d-a837-6d5a69e5ab59,2026-08-22T20:34:00.000Z,4.520,HIGH,,4.52,2026-08-22 20:34:00,2026-08-23 02:04:00,High
haldia,ef43eb28-8fe3-400d-a837-6d5a69e5ab59,2026-08-23T03:24:00.000Z,2.380,LOW,,2.38,2026-08-23 03:24:00,2026-08-23 08:54:00,Low
haldia,ef43eb28-8fe3-400d-a837-6d5a69e5ab59,2026-08-23T09:23:00.000Z,4.290,HIGH,,4.29,2026-08-23 09:23:00,2026-08-23 14:53:00,High
haldia,ef43eb28-8fe3-400d-a837-6d5a69e5ab59,2026-08-23T15:42:00.000Z,2.130,LOW,,2.13,2026-08-23 15:42:00,2026-08-23 21:12:00,Low
haldia,ef43eb28-8fe3-400d-a837-6d5a69e5ab59,2026-08-23T21:33:00.000Z,4.880,HIGH,,4.88,2026-08-23 21:33:00,2026-08-24 03:03:00,High
haldia,ef43eb28-8fe3-400d-a837-6d5a69e5ab59,2026-08-24T04:33:00.000Z,2.020,LOW,,2.02,2026-08-24 04:33:00,2026-08-24 10:03:00,Low
haldia,ef43eb28-8fe3-400d-a837-6d5a69e5ab59,2026-08-24T10:09:00.000Z,4.640,HIGH,,4.64,2026-08-24 10:09:00,2026-08-24 15:39:00,High
haldia,ef43eb28-8fe3-400d-a837-6d5a69e5ab59,2026-08-24T16:48:00.000Z,1.800,LOW,,1.8,2026-08-24 16:48:00,2026-08-24 22:18:00,Low
haldia,ef43eb28-8fe3-400d-a837-6d5a69e5ab59,2026-08-24T22:16:00.000Z,5.250,HIGH,,5.25,2026-08-24 22:16:00,2026-08-25 03:46:00,High
haldia,ef43eb28-8fe3-400d-a837-6d5a69e5ab59,2026-08-25T05:25:00.000Z,1.670,LOW,,1.67,2026-08-25 05:25:00,2026-08-25 10:55:00,Low
haldia,ef43eb28-8fe3-400d-a837-6d5a69e5ab59,2026-08-25T10:43:00.000Z,4.970,HIGH,,4.97,2026-08-25 10:43:00,2026-08-25 16:13:00,High
haldia,ef43eb28-8fe3-400d-a837-6d5a69e5ab59,2026-08-25T17:40:00.000Z,1.510,LOW,,1.51,2026-08-25 17:40:00,2026-08-25 23:10:00,Low
haldia,ef43eb28-8fe3-400d-a837-6d5a69e5ab59,2026-08-25T22:49:00.000Z,5.570,HIGH,,5.57,2026-08-25 22:49:00,2026-08-26 04:19:00,High
haldia,ef43eb28-8fe3-400d-a837-6d5a69e5ab59,2026-08-26T06:08:00.000Z,1.390,LOW,,1.39,2026-08-26 06:08:00,2026-08-26 11:38:00,Low
haldia,ef43eb28-8fe3-400d-a837-6d5a69e5ab59,2026-08-26T11:08:00.000Z,5.280,HIGH,,5.28,2026-08-26 11:08:00,2026-08-26 16:38:00,High
haldia,ef43eb28-8fe3-400d-a837-6d5a69e5ab59,2026-08-26T18:21:00.000Z,1.280,LOW,,1.28,2026-08-26 18:21:00,2026-08-26 23:51:00,Low
haldia,ef43eb28-8fe3-400d-a837-6d5a69e5ab59,2026-08-26T23:14:00.000Z,5.830,HIGH,,5.83,2026-08-26 23:14:00,2026-08-27 04:44:00,High
haldia,ef43eb28-8fe3-400d-a837-6d5a69e5ab59,2026-08-27T06:42:00.000Z,1.160,LOW,,1.16,2026-08-27 06:42:00,2026-08-27 12:12:00,Low
haldia,ef43eb28-8fe3-400d-a837-6d5a69e5ab59,2026-08-27T11:29:00.000Z,5.570,HIGH,,5.57,2026-08-27 11:29:00,2026-08-27 16:59:00,High
haldia,ef43eb28-8fe3-400d-a837-6d5a69e5ab59,2026-08-27T18:54:00.000Z,1.100,LOW,,1.1,2026-08-27 18:54:00,2026-08-28 00:24:00,Low
haldia,ef43eb28-8fe3-400d-a837-6d5a69e5ab59,2026-08-27T23:36:00.000Z,6.040,HIGH,,6.04,2026-08-27 23:36:00,2026-08-28 05:06:00,High
haldia,ef43eb28-8fe3-400d-a837-6d5a69e5ab59,2026-08-28T07:12:00.000Z,0.970,LOW,,0.97,2026-08-28 07:12:00,2026-08-28 12:42:00,Low
haldia,ef43eb28-8fe3-400d-a837-6d5a69e5ab59,2026-08-28T11:48:00.000Z,5.830,HIGH,,5.83,2026-08-28 11:48:00,2026-08-28 17:18:00,High
haldia,ef43eb28-8fe3-400d-a837-6d5a69e5ab59,2026-08-28T19:24:00.000Z,0.960,LOW,,0.96,2026-08-28 19:24:00,2026-08-29 00:54:00,Low
haldia,ef43eb28-8fe3-400d-a837-6d5a69e5ab59,2026-08-28T23:58:00.000Z,6.160,HIGH,,6.16,2026-08-28 23:58:00,2026-08-29 05:28:00,High
haldia,ef43eb28-8fe3-400d-a837-6d5a69e5ab59,2026-08-29T07:42:00.000Z,0.830,LOW,,0.83,2026-08-29 07:42:00,2026-08-29 13:12:00,Low
haldia,ef43eb28-8fe3-400d-a837-6d5a69e5ab59,2026-08-29T12:14:00.000Z,6.010,HIGH,,6.01,2026-08-29 12:14:00,2026-08-29 17:44:00,High
haldia,ef43eb28-8fe3-400d-a837-6d5a69e5ab59,2026-08-29T19:56:00.000Z,0.880,LOW,,0.88,2026-08-29 19:56:00,2026-08-30 01:26:00,Low
haldia,ef43eb28-8fe3-400d-a837-6d5a69e5ab59,2026-08-30T00:28:00.000Z,6.170,HIGH,,6.17,2026-08-30 00:28:00,2026-08-30 05:58:00,High
haldia,ef43eb28-8fe3-400d-a837-6d5a69e5ab59,2026-08-30T08:13:00.000Z,0.770,LOW,,0.77,2026-08-30 08:13:00,2026-08-30 13:43:00,Low
haldia,ef43eb28-8fe3-400d-a837-6d5a69e5ab59,2026-08-30T12:46:00.000Z,6.080,HIGH,,6.08,2026-08-30 12:46:00,2026-08-30 18:16:00,High
haldia,ef43eb28-8fe3-400d-a837-6d5a69e5ab59,2026-08-30T20:29:00.000Z,0.900,LOW,,0.9,2026-08-30 20:29:00,2026-08-31 01:59:00,Low
haldia,ef43eb28-8fe3-400d-a837-6d5a69e5ab59,2026-08-31T01:02:00.000Z,6.060,HIGH,,6.06,2026-08-31 01:02:00,2026-08-31 06:32:00,High
haldia,ef43eb28-8fe3-400d-a837-6d5a69e5ab59,2026-08-31T08:45:00.000Z,0.790,LOW,,0.79,2026-08-31 08:45:00,2026-08-31 14:15:00,Low
haldia,ef43eb28-8fe3-400d-a837-6d5a69e5ab59,2026-08-31T13:23:00.000Z,6.040,HIGH,,6.04,2026-08-31 13:23:00,2026-08-31 18:53:00,High
haldia,ef43eb28-8fe3-400d-a837-6d5a69e5ab59,2026-08-31T20:58:00.000Z,1.010,LOW,,1.01,2026-08-31 20:58:00,2026-09-01 02:28:00,Low
haldia,ef43eb28-8fe3-400d-a837-6d5a69e5ab59,2026-09-01T01:42:00.000Z,5.850,HIGH,,5.85,2026-09-01 01:42:00,2026-09-01 07:12:00,High
haldia,ef43eb28-8fe3-400d-a837-6d5a69e5ab59,2026-09-01T09:13:00.000Z,0.900,LOW,,0.9,2026-09-01 09:13:00,2026-09-01 14:43:00,Low
haldia,ef43eb28-8fe3-400d-a837-6d5a69e5ab59,2026-09-01T14:01:00.000Z,5.880,HIGH,,5.88,2026-09-01 14:01:00,2026-09-01 19:31:00,High
haldia,ef43eb28-8fe3-400d-a837-6d5a69e5ab59,2026-09-01T21:25:00.000Z,1.210,LOW,,1.21,2026-09-01 21:25:00,2026-09-02 02:55:00,Low
haldia,ef43eb28-8fe3-400d-a837-6d5a69e5ab59,2026-09-02T02:20:00.000Z,5.580,HIGH,,5.58,2026-09-02 02:20:00,2026-09-02 07:50:00,High
haldia,ef43eb28-8fe3-400d-a837-6d5a69e5ab59,2026-09-02T09:39:00.000Z,1.090,LOW,,1.09,2026-09-02 09:39:00,2026-09-02 15:09:00,Low
haldia,ef43eb28-8fe3-400d-a837-6d5a69e5ab59,2026-09-02T14:41:00.000Z,5.630,HIGH,,5.63,2026-09-02 14:41:00,2026-09-02 20:11:00,High
haldia,ef43eb28-8fe3-400d-a837-6d5a69e5ab59,2026-09-02T21:51:00.000Z,1.490,LOW,,1.49,2026-09-02 21:51:00,2026-09-03 03:21:00,Low
haldia,ef43eb28-8fe3-400d-a837-6d5a69e5ab59,2026-09-03T03:02:00.000Z,5.240,HIGH,,5.24,2026-09-03 03:02:00,2026-09-03 08:32:00,High
haldia,ef43eb28-8fe3-400d-a837-6d5a69e5ab59,2026-09-03T10:06:00.000Z,1.370,LOW,,1.37,2026-09-03 10:06:00,2026-09-03 15:36:00,Low
haldia,ef43eb28-8fe3-400d-a837-6d5a69e5ab59,2026-09-03T15:23:00.000Z,5.290,HIGH,,5.29,2026-09-03 15:23:00,2026-09-03 20:53:00,High
haldia,ef43eb28-8fe3-400d-a837-6d5a69e5ab59,2026-09-03T22:27:00.000Z,1.840,LOW,,1.84,2026-09-03 22:27:00,2026-09-04 03:57:00,Low
haldia,ef43eb28-8fe3-400d-a837-6d5a69e5ab59,2026-09-04T03:51:00.000Z,4.830,HIGH,,4.83,2026-09-04 03:51:00,2026-09-04 09:21:00,High
haldia,ef43eb28-8fe3-400d-a837-6d5a69e5ab59,2026-09-04T10:50:00.000Z,1.740,LOW,,1.74,2026-09-04 10:50:00,2026-09-04 16:20:00,Low
haldia,ef43eb28-8fe3-400d-a837-6d5a69e5ab59,2026-09-04T16:24:00.000Z,4.870,HIGH,,4.87,2026-09-04 16:24:00,2026-09-04 21:54:00,High
haldia,ef43eb28-8fe3-400d-a837-6d5a69e5ab59,2026-09-04T23:34:00.000Z,2.200,LOW,,2.2,2026-09-04 23:34:00,2026-09-05 05:04:00,Low
haldia,ef43eb28-8fe3-400d-a837-6d5a69e5ab59,2026-09-05T05:21:00.000Z,4.410,HIGH,,4.41,2026-09-05 05:21:00,2026-09-05 10:51:00,High
haldia,ef43eb28-8fe3-400d-a837-6d5a69e5ab59,2026-09-05T12:14:00.000Z,2.080,LOW,,2.08,2026-09-05 12:14:00,2026-09-05 17:44:00,Low
haldia,ef43eb28-8fe3-400d-a837-6d5a69e5ab59,2026-09-05T18:40:00.000Z,4.660,HIGH,,4.66,2026-09-05 18:40:00,2026-09-06 00:10:00,High
haldia,ef43eb28-8fe3-400d-a837-6d5a69e5ab59,2026-09-06T01:56:00.000Z,2.240,LOW,,2.24,2026-09-06 01:56:00,2026-09-06 07:26:00,Low
haldia,ef43eb28-8fe3-400d-a837-6d5a69e5ab59,2026-09-06T07:41:00.000Z,4.400,HIGH,,4.4,2026-09-06 07:41:00,2026-09-06 13:11:00,High
haldia,ef43eb28-8fe3-400d-a837-6d5a69e5ab59,2026-09-06T14:31:00.000Z,2.030,LOW,,2.03,2026-09-06 14:31:00,2026-09-06 20:01:00,Low
haldia,ef43eb28-8fe3-400d-a837-6d5a69e5ab59,2026-09-06T20:29:00.000Z,4.950,HIGH,,4.95,2026-09-06 20:29:00,2026-09-07 01:59:00,High
haldia,ef43eb28-8fe3-400d-a837-6d5a69e5ab59,2026-09-07T03:48:00.000Z,1.850,LOW,,1.85,2026-09-07 03:48:00,2026-09-07 09:18:00,Low
haldia,ef43eb28-8fe3-400d-a837-6d5a69e5ab59,2026-09-07T09:18:00.000Z,4.800,HIGH,,4.8,2026-09-07 09:18:00,2026-09-07 14:48:00,High
haldia,ef43eb28-8fe3-400d-a837-6d5a69e5ab59,2026-09-07T16:12:00.000Z,1.660,LOW,,1.66,2026-09-07 16:12:00,2026-09-07 21:42:00,Low
haldia,ef43eb28-8fe3-400d-a837-6d5a69e5ab59,2026-09-07T21:37:00.000Z,5.400,HIGH,,5.4,2026-09-07 21:37:00,2026-09-08 03:07:00,High
haldia,ef43eb28-8fe3-400d-a837-6d5a69e5ab59,2026-09-08T05:03:00.000Z,1.380,LOW,,1.38,2026-09-08 05:03:00,2026-09-08 10:33:00,Low
haldia,ef43eb28-8fe3-400d-a837-6d5a69e5ab59,2026-09-08T10:13:00.000Z,5.290,HIGH,,5.29,2026-09-08 10:13:00,2026-09-08 15:43:00,High
haldia,ef43eb28-8fe3-400d-a837-6d5a69e5ab59,2026-09-08T17:25:00.000Z,1.260,LOW,,1.26,2026-09-08 17:25:00,2026-09-08 22:55:00,Low
haldia,ef43eb28-8fe3-400d-a837-6d5a69e5ab59,2026-09-08T22:23:00.000Z,5.800,HIGH,,5.8,2026-09-08 22:23:00,2026-09-09 03:53:00,High
haldia,ef43eb28-8fe3-400d-a837-6d5a69e5ab59,2026-09-09T06:01:00.000Z,0.990,LOW,,0.99,2026-09-09 06:01:00,2026-09-09 11:31:00,Low
haldia,ef43eb28-8fe3-400d-a837-6d5a69e5ab59,2026-09-09T10:50:00.000Z,5.710,HIGH,,5.71,2026-09-09 10:50:00,2026-09-09 16:20:00,High
haldia,ef43eb28-8fe3-400d-a837-6d5a69e5ab59,2026-09-09T18:18:00.000Z,0.960,LOW,,0.96,2026-09-09 18:18:00,2026-09-09 23:48:00,Low
haldia,ef43eb28-8fe3-400d-a837-6d5a69e5ab59,2026-09-09T23:01:00.000Z,6.090,HIGH,,6.09,2026-09-09 23:01:00,2026-09-10 04:31:00,High
haldia,ef43eb28-8fe3-400d-a837-6d5a69e5ab59,2026-09-10T06:44:00.000Z,0.750,LOW,,0.75,2026-09-10 06:44:00,2026-09-10 12:14:00,Low
haldia,ef43eb28-8fe3-400d-a837-6d5a69e5ab59,2026-09-10T11:21:00.000Z,6.010,HIGH,,6.01,2026-09-10 11:21:00,2026-09-10 16:51:00,High
haldia,ef43eb28-8fe3-400d-a837-6d5a69e5ab59,2026-09-10T19:00:00.000Z,0.810,LOW,,0.81,2026-09-10 19:00:00,2026-09-11 00:30:00,Low
haldia,ef43eb28-8fe3-400d-a837-6d5a69e5ab59,2026-09-10T23:32:00.000Z,6.230,HIGH,,6.23,2026-09-10 23:32:00,2026-09-11 05:02:00,High
haldia,ef43eb28-8fe3-400d-a837-6d5a69e5ab59,2026-09-11T07:18:00.000Z,0.650,LOW,,0.65,2026-09-11 07:18:00,2026-09-11 12:48:00,Low
haldia,ef43eb28-8fe3-400d-a837-6d5a69e5ab59,2026-09-11T11:48:00.000Z,6.170,HIGH,,6.17,2026-09-11 11:48:00,2026-09-11 17:18:00,High
haldia,ef43eb28-8fe3-400d-a837-6d5a69e5ab59,2026-09-11T19:32:00.000Z,0.790,LOW,,0.79,2026-09-11 19:32:00,2026-09-12 01:02:00,Low
haldia,ef43eb28-8fe3-400d-a837-6d5a69e5ab59,2026-09-12T00:02:00.000Z,6.210,HIGH,,6.21,2026-09-12 00:02:00,2026-09-12 05:32:00,High
haldia,ef43eb28-8fe3-400d-a837-6d5a69e5ab59,2026-09-12T07:44:00.000Z,0.690,LOW,,0.69,2026-09-12 07:44:00,2026-09-12 13:14:00,Low
haldia,ef43eb28-8fe3-400d-a837-6d5a69e5ab59,2026-09-12T12:15:00.000Z,6.180,HIGH,,6.18,2026-09-12 12:15:00,2026-09-12 17:45:00,High
haldia,ef43eb28-8fe3-400d-a837-6d5a69e5ab59,2026-09-12T19:59:00.000Z,0.880,LOW,,0.88,2026-09-12 19:59:00,2026-09-13 01:29:00,Low
haldia,ef43eb28-8fe3-400d-a837-6d5a69e5ab59,2026-09-13T00:33:00.000Z,6.060,HIGH,,6.06,2026-09-13 00:33:00,2026-09-13 06:03:00,High
haldia,ef43eb28-8fe3-400d-a837-6d5a69e5ab59,2026-09-13T08:08:00.000Z,0.810,LOW,,0.81,2026-09-13 08:08:00,2026-09-13 13:38:00,Low
haldia,ef43eb28-8fe3-400d-a837-6d5a69e5ab59,2026-09-13T12:47:00.000Z,6.070,HIGH,,6.07,2026-09-13 12:47:00,2026-09-13 18:17:00,High
haldia,ef43eb28-8fe3-400d-a837-6d5a69e5ab59,2026-09-13T20:25:00.000Z,1.030,LOW,,1.03,2026-09-13 20:25:00,2026-09-14 01:55:00,Low
haldia,ef43eb28-8fe3-400d-a837-6d5a69e5ab59,2026-09-14T01:05:00.000Z,5.830,HIGH,,5.83,2026-09-14 01:05:00,2026-09-14 06:35:00,High
haldia,ef43eb28-8fe3-400d-a837-6d5a69e5ab59,2026-09-14T08:30:00.000Z,0.970,LOW,,0.97,2026-09-14 08:30:00,2026-09-14 14:00:00,Low
haldia,ef43eb28-8fe3-400d-a837-6d5a69e5ab59,2026-09-14T13:19:00.000Z,5.880,HIGH,,5.88,2026-09-14 13:19:00,2026-09-14 18:49:00,High
haldia,ef43eb28-8fe3-400d-a837-6d5a69e5ab59,2026-09-14T20:47:00.000Z,1.210,LOW,,1.21,2026-09-14 20:47:00,2026-09-15 02:17:00,Low
haldia,ef43eb28-8fe3-400d-a837-6d5a69e5ab59,2026-09-15T01:37:00.000Z,5.550,HIGH,,5.55,2026-09-15 01:37:00,2026-09-15 07:07:00,High
haldia,ef43eb28-8fe3-400d-a837-6d5a69e5ab59,2026-09-15T08:50:00.000Z,1.140,LOW,,1.14,2026-09-15 08:50:00,2026-09-15 14:20:00,Low
haldia,ef43eb28-8fe3-400d-a837-6d5a69e5ab59,2026-09-15T13:52:00.000Z,5.630,HIGH,,5.63,2026-09-15 13:52:00,2026-09-15 19:22:00,High
haldia,ef43eb28-8fe3-400d-a837-6d5a69e5ab59,2026-09-15T21:04:00.000Z,1.410,LOW,,1.41,2026-09-15 21:04:00,2026-09-16 02:34:00,Low
haldia,ef43eb28-8fe3-400d-a837-6d5a69e5ab59,2026-09-16T02:05:00.000Z,5.250,HIGH,,5.25,2026-09-16 02:05:00,2026-09-16 07:35:00,High
haldia,ef43eb28-8fe3-400d-a837-6d5a69e5ab59,2026-09-16T09:08:00.000Z,1.350,LOW,,1.35,2026-09-16 09:08:00,2026-09-16 14:38:00,Low
haldia,ef43eb28-8fe3-400d-a837-6d5a69e5ab59,2026-09-16T14:22:00.000Z,5.330,HIGH,,5.33,2026-09-16 14:22:00,2026-09-16 19:52:00,High
haldia,ef43eb28-8fe3-400d-a837-6d5a69e5ab59,2026-09-16T21:20:00.000Z,1.660,LOW,,1.66,2026-09-16 21:20:00,2026-09-17 02:50:00,Low
haldia,ef43eb28-8fe3-400d-a837-6d5a69e5ab59,2026-09-17T02:32:00.000Z,4.930,HIGH,,4.93,2026-09-17 02:32:00,2026-09-17 08:02:00,High
haldia,ef43eb28-8fe3-400d-a837-6d5a69e5ab59,2026-09-17T09:22:00.000Z,1.620,LOW,,1.62,2026-09-17 09:22:00,2026-09-17 14:52:00,Low
haldia,ef43eb28-8fe3-400d-a837-6d5a69e5ab59,2026-09-17T14:50:00.000Z,4.980,HIGH,,4.98,2026-09-17 14:50:00,2026-09-17 20:20:00,High
haldia,ef43eb28-8fe3-400d-a837-6d5a69e5ab59,2026-09-17T21:37:00.000Z,1.980,LOW,,1.98,2026-09-17 21:37:00,2026-09-18 03:07:00,Low
haldia,ef43eb28-8fe3-400d-a837-6d5a69e5ab59,2026-09-18T03:00:00.000Z,4.570,HIGH,,4.57,2026-09-18 03:00:00,2026-09-18 08:30:00,High
haldia,ef43eb28-8fe3-400d-a837-6d5a69e5ab59,2026-09-18T09:40:00.000Z,1.960,LOW,,1.96,2026-09-18 09:40:00,2026-09-18 15:10:00,Low
haldia,ef43eb28-8fe3-400d-a837-6d5a69e5ab59,2026-09-18T15:24:00.000Z,4.600,HIGH,,4.6,2026-09-18 15:24:00,2026-09-18 20:54:00,High
haldia,ef43eb28-8fe3-400d-a837-6d5a69e5ab59,2026-09-18T22:11:00.000Z,2.350,LOW,,2.35,2026-09-18 22:11:00,2026-09-19 03:41:00,Low
haldia,ef43eb28-8fe3-400d-a837-6d5a69e5ab59,2026-09-19T03:39:00.000Z,4.190,HIGH,,4.19,2026-09-19 03:39:00,2026-09-19 09:09:00,High
haldia,ef43eb28-8fe3-400d-a837-6d5a69e5ab59,2026-09-19T10:23:00.000Z,2.340,LOW,,2.34,2026-09-19 10:23:00,2026-09-19 15:53:00,Low
haldia,ef43eb28-8fe3-400d-a837-6d5a69e5ab59,2026-09-19T16:42:00.000Z,4.230,HIGH,,4.23,2026-09-19 16:42:00,2026-09-19 22:12:00,High
haldia,ef43eb28-8fe3-400d-a837-6d5a69e5ab59,2026-09-19T23:46:00.000Z,2.630,LOW,,2.63,2026-09-19 23:46:00,2026-09-20 05:16:00,Low
haldia,ef43eb28-8fe3-400d-a837-6d5a69e5ab59,2026-09-20T05:50:00.000Z,3.870,HIGH,,3.87,2026-09-20 05:50:00,2026-09-20 11:20:00,High
haldia,ef43eb28-8fe3-400d-a837-6d5a69e5ab59,2026-09-20T12:58:00.000Z,2.550,LOW,,2.55,2026-09-20 12:58:00,2026-09-20 18:28:00,Low
haldia,ef43eb28-8fe3-400d-a837-6d5a69e5ab59,2026-09-20T19:45:00.000Z,4.330,HIGH,,4.33,2026-09-20 19:45:00,2026-09-21 01:15:00,High
haldia,ef43eb28-8fe3-400d-a837-6d5a69e5ab59,2026-09-21T02:43:00.000Z,2.420,LOW,,2.42,2026-09-21 02:43:00,2026-09-21 08:13:00,Low
haldia,ef43eb28-8fe3-400d-a837-6d5a69e5ab59,2026-09-21T08:52:00.000Z,4.140,HIGH,,4.14,2026-09-21 08:52:00,2026-09-21 14:22:00,High
haldia,ef43eb28-8fe3-400d-a837-6d5a69e5ab59,2026-09-21T15:06:00.000Z,2.260,LOW,,2.26,2026-09-21 15:06:00,2026-09-21 20:36:00,Low
haldia,ef43eb28-8fe3-400d-a837-6d5a69e5ab59,2026-09-21T20:55:00.000Z,4.710,HIGH,,4.71,2026-09-21 20:55:00,2026-09-22 02:25:00,High
haldia,ef43eb28-8fe3-400d-a837-6d5a69e5ab59,2026-09-22T03:56:00.000Z,2.020,LOW,,2.02,2026-09-22 03:56:00,2026-09-22 09:26:00,Low
haldia,ef43eb28-8fe3-400d-a837-6d5a69e5ab59,2026-09-22T09:41:00.000Z,4.580,HIGH,,4.58,2026-09-22 09:41:00,2026-09-22 15:11:00,High
haldia,ef43eb28-8fe3-400d-a837-6d5a69e5ab59,2026-09-22T16:17:00.000Z,1.880,LOW,,1.88,2026-09-22 16:17:00,2026-09-22 21:47:00,Low
haldia,ef43eb28-8fe3-400d-a837-6d5a69e5ab59,2026-09-22T21:42:00.000Z,5.100,HIGH,,5.1,2026-09-22 21:42:00,2026-09-23 03:12:00,High
haldia,ef43eb28-8fe3-400d-a837-6d5a69e5ab59,2026-09-23T04:53:00.000Z,1.630,LOW,,1.63,2026-09-23 04:53:00,2026-09-23 10:23:00,Low
haldia,ef43eb28-8fe3-400d-a837-6d5a69e5ab59,2026-09-23T10:16:00.000Z,5.010,HIGH,,5.01,2026-09-23 10:16:00,2026-09-23 15:46:00,High
haldia,ef43eb28-8fe3-400d-a837-6d5a69e5ab59,2026-09-23T17:13:00.000Z,1.540,LOW,,1.54,2026-09-23 17:13:00,2026-09-23 22:43:00,Low
haldia,ef43eb28-8fe3-400d-a837-6d5a69e5ab59,2026-09-23T22:17:00.000Z,5.450,HIGH,,5.45,2026-09-23 22:17:00,2026-09-24 03:47:00,High
haldia,ef43eb28-8fe3-400d-a837-6d5a69e5ab59,2026-09-24T05:40:00.000Z,1.290,LOW,,1.29,2026-09-24 05:40:00,2026-09-24 11:10:00,Low
haldia,ef43eb28-8fe3-400d-a837-6d5a69e5ab59,2026-09-24T10:41:00.000Z,5.410,HIGH,,5.41,2026-09-24 10:41:00,2026-09-24 16:11:00,High
haldia,ef43eb28-8fe3-400d-a837-6d5a69e5ab59,2026-09-24T17:57:00.000Z,1.250,LOW,,1.25,2026-09-24 17:57:00,2026-09-24 23:27:00,Low
haldia,ef43eb28-8fe3-400d-a837-6d5a69e5ab59,2026-09-24T22:46:00.000Z,5.750,HIGH,,5.75,2026-09-24 22:46:00,2026-09-25 04:16:00,High
haldia,ef43eb28-8fe3-400d-a837-6d5a69e5ab59,2026-09-25T06:18:00.000Z,1.010,LOW,,1.01,2026-09-25 06:18:00,2026-09-25 11:48:00,Low
haldia,ef43eb28-8fe3-400d-a837-6d5a69e5ab59,2026-09-25T11:02:00.000Z,5.780,HIGH,,5.78,2026-09-25 11:02:00,2026-09-25 16:32:00,High
haldia,ef43eb28-8fe3-400d-a837-6d5a69e5ab59,2026-09-25T18:33:00.000Z,1.020,LOW,,1.02,2026-09-25 18:33:00,2026-09-26 00:03:00,Low
haldia,ef43eb28-8fe3-400d-a837-6d5a69e5ab59,2026-09-25T23:11:00.000Z,5.980,HIGH,,5.98,2026-09-25 23:11:00,2026-09-26 04:41:00,High
haldia,ef43eb28-8fe3-400d-a837-6d5a69e5ab59,2026-09-26T06:50:00.000Z,0.790,LOW,,0.79,2026-09-26 06:50:00,2026-09-26 12:20:00,Low
haldia,ef43eb28-8fe3-400d-a837-6d5a69e5ab59,2026-09-26T11:22:00.000Z,6.080,HIGH,,6.08,2026-09-26 11:22:00,2026-09-26 16:52:00,High
haldia,ef43eb28-8fe3-400d-a837-6d5a69e5ab59,2026-09-26T19:06:00.000Z,0.850,LOW,,0.85,2026-09-26 19:06:00,2026-09-27 00:36:00,Low
haldia,ef43eb28-8fe3-400d-a837-6d5a69e5ab59,2026-09-26T23:37:00.000Z,6.120,HIGH,,6.12,2026-09-26 23:37:00,2026-09-27 05:07:00,High
haldia,ef43eb28-8fe3-400d-a837-6d5a69e5ab59,2026-09-27T07:20:00.000Z,0.640,LOW,,0.64,2026-09-27 07:20:00,2026-09-27 12:50:00,Low
haldia,ef43eb28-8fe3-400d-a837-6d5a69e5ab59,2026-09-27T11:47:00.000Z,6.280,HIGH,,6.28,2026-09-27 11:47:00,2026-09-27 17:17:00,High
haldia,ef43eb28-8fe3-400d-a837-6d5a69e5ab59,2026-09-27T19:38:00.000Z,0.760,LOW,,0.76,2026-09-27 19:38:00,2026-09-28 01:08:00,Low
haldia,ef43eb28-8fe3-400d-a837-6d5a69e5ab59,2026-09-28T00:07:00.000Z,6.150,HIGH,,6.15,2026-09-28 00:07:00,2026-09-28 05:37:00,High
haldia,ef43eb28-8fe3-400d-a837-6d5a69e5ab59,2026-09-28T07:51:00.000Z,0.580,LOW,,0.58,2026-09-28 07:51:00,2026-09-28 13:21:00,Low
haldia,ef43eb28-8fe3-400d-a837-6d5a69e5ab59,2026-09-28T12:21:00.000Z,6.320,HIGH,,6.32,2026-09-28 12:21:00,2026-09-28 17:51:00,High
haldia,ef43eb28-8fe3-400d-a837-6d5a69e5ab59,2026-09-28T20:13:00.000Z,0.780,LOW,,0.78,2026-09-28 20:13:00,2026-09-29 01:43:00,Low
haldia,ef43eb28-8fe3-400d-a837-6d5a69e5ab59,2026-09-29T00:44:00.000Z,6.040,HIGH,,6.04,2026-09-29 00:44:00,2026-09-29 06:14:00,High
haldia,ef43eb28-8fe3-400d-a837-6d5a69e5ab59,2026-09-29T08:23:00.000Z,0.640,LOW,,0.64,2026-09-29 08:23:00,2026-09-29 13:53:00,Low
haldia,ef43eb28-8fe3-400d-a837-6d5a69e5ab59,2026-09-29T13:00:00.000Z,6.200,HIGH,,6.2,2026-09-29 13:00:00,2026-09-29 18:30:00,High
haldia,ef43eb28-8fe3-400d-a837-6d5a69e5ab59,2026-09-29T20:45:00.000Z,0.920,LOW,,0.92,2026-09-29 20:45:00,2026-09-30 02:15:00,Low
haldia,ef43eb28-8fe3-400d-a837-6d5a69e5ab59,2026-09-30T01:25:00.000Z,5.790,HIGH,,5.79,2026-09-30 01:25:00,2026-09-30 06:55:00,High
haldia,ef43eb28-8fe3-400d-a837-6d5a69e5ab59,2026-09-30T08:55:00.000Z,0.820,LOW,,0.82,2026-09-30 08:55:00,2026-09-30 14:25:00,Low
haldia,ef43eb28-8fe3-400d-a837-6d5a69e5ab59,2026-09-30T13:43:00.000Z,5.930,HIGH,,5.93,2026-09-30 13:43:00,2026-09-30 19:13:00,High
