port,datetime_ist,state,height_m,source_pdf,month
diamond_harbour,2026-07-01 07:14:00,Low,1.43,data\JULY 2026\DIAMOND HARBOUR.pdf,7
diamond_harbour,2026-07-01 11:51:00,High,5.82,data\JULY 2026\DIAMOND HARBOUR.pdf,7
diamond_harbour,2026-07-01 19:34:00,Low,1.57,data\JULY 2026\DIAMOND HARBOUR.pdf,7
diamond_harbour,2026-07-02 00:12:00,High,5.32,data\JULY 2026\DIAMOND HARBOUR.pdf,7
diamond_harbour,2026-07-02 07:45:00,Low,1.43,data\JULY 2026\DIAMOND HARBOUR.pdf,7
diamond_harbour,2026-07-02 12:19:00,High,5.84,data\JULY 2026\DIAMOND HARBOUR.pdf,7
diamond_harbour,2026-07-02 20:08:00,Low,1.55,data\JULY 2026\DIAMOND HARBOUR.pdf,7
diamond_harbour,2026-07-03 00:42:00,High,5.36,data\JULY 2026\DIAMOND HARBOUR.pdf,7
diamond_harbour,2026-07-03 08:18:00,Low,1.47,data\JULY 2026\DIAMOND HARBOUR.pdf,7
diamond_harbour,2026-07-03 12:53:00,High,5.8,data\JULY 2026\DIAMOND HARBOUR.pdf,7
diamond_harbour,2026-07-03 20:44:00,Low,1.54,data\JULY 2026\DIAMOND HARBOUR.pdf,7
diamond_harbour,2026-07-04 01:17:00,High,5.36,data\JULY 2026\DIAMOND HARBOUR.pdf,7
diamond_harbour,2026-07-04 08:51:00,Low,1.55,data\JULY 2026\DIAMOND HARBOUR.pdf,7
diamond_harbour,2026-07-04 13:29:00,High,5.71,data\JULY 2026\DIAMOND HARBOUR.pdf,7
diamond_harbour,2026-07-04 21:20:00,Low,1.56,data\JULY 2026\DIAMOND HARBOUR.pdf,7
diamond_harbour,2026-07-05 01:54:00,High,5.33,data\JULY 2026\DIAMOND HARBOUR.pdf,7
diamond_harbour,2026-07-05 09:23:00,Low,1.65,data\JULY 2026\DIAMOND HARBOUR.pdf,7
diamond_harbour,2026-07-05 14:07:00,High,5.61,data\JULY 2026\DIAMOND HARBOUR.pdf,7
diamond_harbour,2026-07-05 21:55:00,Low,1.58,data\JULY 2026\DIAMOND HARBOUR.pdf,7
diamond_harbour,2026-07-06 02:33:00,High,5.3,data\JULY 2026\DIAMOND HARBOUR.pdf,7
diamond_harbour,2026-07-06 09:56:00,Low,1.76,data\JULY 2026\DIAMOND HARBOUR.pdf,7
diamond_harbour,2026-07-06 14:47:00,High,5.49,data\JULY 2026\DIAMOND HARBOUR.pdf,7
diamond_harbour,2026-07-06 22:28:00,Low,1.61,data\JULY 2026\DIAMOND HARBOUR.pdf,7
diamond_harbour,2026-07-07 03:16:00,High,5.26,data\JULY 2026\DIAMOND HARBOUR.pdf,7
diamond_harbour,2026-07-07 10:34:00,Low,1.88,data\JULY 2026\DIAMOND HARBOUR.pdf,7
diamond_harbour,2026-07-07 15:32:00,High,5.35,data\JULY 2026\DIAMOND HARBOUR.pdf,7
diamond_harbour,2026-07-07 23:06:00,Low,1.66,data\JULY 2026\DIAMOND HARBOUR.pdf,7
diamond_harbour,2026-07-08 04:06:00,High,5.19,data\JULY 2026\DIAMOND HARBOUR.pdf,7
diamond_harbour,2026-07-08 11:22:00,Low,2.01,data\JULY 2026\DIAMOND HARBOUR.pdf,7
diamond_harbour,2026-07-08 16:27:00,High,5.16,data\JULY 2026\DIAMOND HARBOUR.pdf,7
diamond_harbour,2026-07-08 23:55:00,Low,1.74,data\JULY 2026\DIAMOND HARBOUR.pdf,7
diamond_harbour,2026-07-09 05:13:00,High,5.12,data\JULY 2026\DIAMOND HARBOUR.pdf,7
diamond_harbour,2026-07-09 12:28:00,Low,2.11,data\JULY 2026\DIAMOND HARBOUR.pdf,7
diamond_harbour,2026-07-09 17:43:00,High,4.98,data\JULY 2026\DIAMOND HARBOUR.pdf,7
diamond_harbour,2026-07-10 01:06:00,Low,1.8,data\JULY 2026\DIAMOND HARBOUR.pdf,7
diamond_harbour,2026-07-10 06:39:00,High,5.17,data\JULY 2026\DIAMOND HARBOUR.pdf,7
diamond_harbour,2026-07-10 13:56:00,Low,2.08,data\JULY 2026\DIAMOND HARBOUR.pdf,7
diamond_harbour,2026-07-10 19:08:00,High,4.96,data\JULY 2026\DIAMOND HARBOUR.pdf,7
diamond_harbour,2026-07-11 02:33:00,Low,1.75,data\JULY 2026\DIAMOND HARBOUR.pdf,7
diamond_harbour,2026-07-11 07:54:00,High,5.39,data\JULY 2026\DIAMOND HARBOUR.pdf,7
diamond_harbour,2026-07-11 15:29:00,Low,1.89,data\JULY 2026\DIAMOND HARBOUR.pdf,7
diamond_harbour,2026-07-11 20:23:00,High,5.1,data\JULY 2026\DIAMOND HARBOUR.pdf,7
diamond_harbour,2026-07-12 04:00:00,Low,1.57,data\JULY 2026\DIAMOND HARBOUR.pdf,7
diamond_harbour,2026-07-12 08:57:00,High,5.71,data\JULY 2026\DIAMOND HARBOUR.pdf,7
diamond_harbour,2026-07-12 16:53:00,Low,1.62,data\JULY 2026\DIAMOND HARBOUR.pdf,7
diamond_harbour,2026-07-12 21:27:00,High,5.36,data\JULY 2026\DIAMOND HARBOUR.pdf,7
diamond_harbour,2026-07-13 05:16:00,Low,1.34,data\JULY 2026\DIAMOND HARBOUR.pdf,7
diamond_harbour,2026-07-13 09:50:00,High,6.06,data\JULY 2026\DIAMOND HARBOUR.pdf,7
diamond_harbour,2026-07-13 18:01:00,Low,1.36,data\JULY 2026\DIAMOND HARBOUR.pdf,7
diamond_harbour,2026-07-13 22:21:00,High,5.65,data\JULY 2026\DIAMOND HARBOUR.pdf,7
diamond_harbour,2026-07-14 06:23:00,Low,1.14,data\JULY 2026\DIAMOND HARBOUR.pdf,7
diamond_harbour,2026-07-14 10:36:00,High,6.34,data\JULY 2026\DIAMOND HARBOUR.pdf,7
diamond_harbour,2026-07-14 18:59:00,Low,1.16,data\JULY 2026\DIAMOND HARBOUR.pdf,7
diamond_harbour,2026-07-14 23:08:00,High,5.9,data\JULY 2026\DIAMOND HARBOUR.pdf,7
diamond_harbour,2026-07-15 07:18:00,Low,1.03,data\JULY 2026\DIAMOND HARBOUR.pdf,7
diamond_harbour,2026-07-15 11:20:00,High,6.5,data\JULY 2026\DIAMOND HARBOUR.pdf,7
diamond_harbour,2026-07-15 19:50:00,Low,1.05,data\JULY 2026\DIAMOND HARBOUR.pdf,7
diamond_harbour,2026-07-15 23:53:00,High,6.03,data\JULY 2026\DIAMOND HARBOUR.pdf,7
diamond_harbour,2026-07-16 08:05:00,Low,1.03,data\JULY 2026\DIAMOND HARBOUR.pdf,7
diamond_harbour,2026-07-16 12:03:00,High,6.49,data\JULY 2026\DIAMOND HARBOUR.pdf,7
diamond_harbour,2026-07-16 20:33:00,Low,1.07,data\JULY 2026\DIAMOND HARBOUR.pdf,7
diamond_harbour,2026-07-17 00:37:00,High,6.02,data\JULY 2026\DIAMOND HARBOUR.pdf,7
diamond_harbour,2026-07-17 08:47:00,Low,1.14,data\JULY 2026\DIAMOND HARBOUR.pdf,7
diamond_harbour,2026-07-17 12:49:00,High,6.31,data\JULY 2026\DIAMOND HARBOUR.pdf,7
diamond_harbour,2026-07-17 21:12:00,Low,1.16,data\JULY 2026\DIAMOND HARBOUR.pdf,7
diamond_harbour,2026-07-18 01:22:00,High,5.89,data\JULY 2026\DIAMOND HARBOUR.pdf,7
diamond_harbour,2026-07-18 09:20:00,Low,1.33,data\JULY 2026\DIAMOND HARBOUR.pdf,7
diamond_harbour,2026-07-18 13:35:00,High,6.04,data\JULY 2026\DIAMOND HARBOUR.pdf,7
diamond_harbour,2026-07-18 21:44:00,Low,1.33,data\JULY 2026\DIAMOND HARBOUR.pdf,7
diamond_harbour,2026-07-19 02:05:00,High,5.69,data\JULY 2026\DIAMOND HARBOUR.pdf,7
diamond_harbour,2026-07-19 09:48:00,Low,1.55,data\JULY 2026\DIAMOND HARBOUR.pdf,7
diamond_harbour,2026-07-19 14:19:00,High,5.72,data\JULY 2026\DIAMOND HARBOUR.pdf,7
diamond_harbour,2026-07-19 22:09:00,Low,1.5,data\JULY 2026\DIAMOND HARBOUR.pdf,7
diamond_harbour,2026-07-20 02:46:00,High,5.47,data\JULY 2026\DIAMOND HARBOUR.pdf,7
diamond_harbour,2026-07-20 10:13:00,Low,1.77,data\JULY 2026\DIAMOND HARBOUR.pdf,7
diamond_harbour,2026-07-20 14:59:00,High,5.41,data\JULY 2026\DIAMOND HARBOUR.pdf,7
diamond_harbour,2026-07-20 22:32:00,Low,1.67,data\JULY 2026\DIAMOND HARBOUR.pdf,7
diamond_harbour,2026-07-21 03:25:00,High,5.24,data\JULY 2026\DIAMOND HARBOUR.pdf,7
diamond_harbour,2026-07-21 10:36:00,Low,1.99,data\JULY 2026\DIAMOND HARBOUR.pdf,7
diamond_harbour,2026-07-21 15:36:00,High,5.1,data\JULY 2026\DIAMOND HARBOUR.pdf,7
diamond_harbour,2026-07-21 22:56:00,Low,1.87,data\JULY 2026\DIAMOND HARBOUR.pdf,7
diamond_harbour,2026-07-22 04:08:00,High,4.99,data\JULY 2026\DIAMOND HARBOUR.pdf,7
diamond_harbour,2026-07-22 11:09:00,Low,2.24,data\JULY 2026\DIAMOND HARBOUR.pdf,7
diamond_harbour,2026-07-22 16:22:00,High,4.78,data\JULY 2026\DIAMOND HARBOUR.pdf,7
diamond_harbour,2026-07-22 23:34:00,Low,2.09,data\JULY 2026\DIAMOND HARBOUR.pdf,7
diamond_harbour,2026-07-23 05:14:00,High,4.76,data\JULY 2026\DIAMOND HARBOUR.pdf,7
diamond_harbour,2026-07-23 12:15:00,Low,2.45,data\JULY 2026\DIAMOND HARBOUR.pdf,7
diamond_harbour,2026-07-23 17:35:00,High,4.5,data\JULY 2026\DIAMOND HARBOUR.pdf,7
diamond_harbour,2026-07-24 00:52:00,Low,2.26,data\JULY 2026\DIAMOND HARBOUR.pdf,7
diamond_harbour,2026-07-24 06:54:00,High,4.7,data\JULY 2026\DIAMOND HARBOUR.pdf,7
diamond_harbour,2026-07-24 14:01:00,Low,2.47,data\JULY 2026\DIAMOND HARBOUR.pdf,7
diamond_harbour,2026-07-24 19:29:00,High,4.42,data\JULY 2026\DIAMOND HARBOUR.pdf,7
diamond_harbour,2026-07-25 02:32:00,Low,2.22,data\JULY 2026\DIAMOND HARBOUR.pdf,7
diamond_harbour,2026-07-25 08:26:00,High,4.88,data\JULY 2026\DIAMOND HARBOUR.pdf,7
diamond_harbour,2026-07-25 15:34:00,Low,2.27,data\JULY 2026\DIAMOND HARBOUR.pdf,7
diamond_harbour,2026-07-25 20:59:00,High,4.58,data\JULY 2026\DIAMOND HARBOUR.pdf,7
diamond_harbour,2026-07-26 03:53:00,Low,2.01,data\JULY 2026\DIAMOND HARBOUR.pdf,7
diamond_harbour,2026-07-26 09:23:00,High,5.15,data\JULY 2026\DIAMOND HARBOUR.pdf,7
diamond_harbour,2026-07-26 16:41:00,Low,2.01,data\JULY 2026\DIAMOND HARBOUR.pdf,7
diamond_harbour,2026-07-26 21:53:00,High,4.81,data\JULY 2026\DIAMOND HARBOUR.pdf,7
diamond_harbour,2026-07-27 04:57:00,Low,1.78,data\JULY 2026\DIAMOND HARBOUR.pdf,7
diamond_harbour,2026-07-27 10:08:00,High,5.43,data\JULY 2026\DIAMOND HARBOUR.pdf,7
diamond_harbour,2026-07-27 17:35:00,Low,1.79,data\JULY 2026\DIAMOND HARBOUR.pdf,7
diamond_harbour,2026-07-27 22:33:00,High,5.04,data\JULY 2026\DIAMOND HARBOUR.pdf,7
diamond_harbour,2026-07-28 05:50:00,Low,1.59,data\JULY 2026\DIAMOND HARBOUR.pdf,7
diamond_harbour,2026-07-28 10:43:00,High,5.67,data\JULY 2026\DIAMOND HARBOUR.pdf,7
diamond_harbour,2026-07-28 18:18:00,Low,1.61,data\JULY 2026\DIAMOND HARBOUR.pdf,7
diamond_harbour,2026-07-28 23:04:00,High,5.26,data\JULY 2026\DIAMOND HARBOUR.pdf,7
diamond_harbour,2026-07-29 06:32:00,Low,1.45,data\JULY 2026\DIAMOND HARBOUR.pdf,7
diamond_harbour,2026-07-29 11:11:00,High,5.89,data\JULY 2026\DIAMOND HARBOUR.pdf,7
diamond_harbour,2026-07-29 18:54:00,Low,1.47,data\JULY 2026\DIAMOND HARBOUR.pdf,7
diamond_harbour,2026-07-29 23:28:00,High,5.48,data\JULY 2026\DIAMOND HARBOUR.pdf,7
diamond_harbour,2026-07-30 07:07:00,Low,1.36,data\JULY 2026\DIAMOND HARBOUR.pdf,7
diamond_harbour,2026-07-30 11:32:00,High,6.06,data\JULY 2026\DIAMOND HARBOUR.pdf,7
diamond_harbour,2026-07-30 19:25:00,Low,1.36,data\JULY 2026\DIAMOND HARBOUR.pdf,7
diamond_harbour,2026-07-30 23:50:00,High,5.67,data\JULY 2026\DIAMOND HARBOUR.pdf,7
diamond_harbour,2026-07-31 07:37:00,Low,1.29,data\JULY 2026\DIAMOND HARBOUR.pdf,7
diamond_harbour,2026-07-31 11:55:00,High,6.16,data\JULY 2026\DIAMOND HARBOUR.pdf,7
diamond_harbour,2026-07-31 19:56:00,Low,1.27,data\JULY 2026\DIAMOND HARBOUR.pdf,7
diamond_harbour,2026-08-01 00:15:00,High,5.82,data\AUGUST 2026\DIAMOND HARBOUR.pdf,8
diamond_harbour,2026-08-01 08:09:00,Low,1.27,data\AUGUST 2026\DIAMOND HARBOUR.pdf,8
diamond_harbour,2026-08-01 12:24:00,High,6.16,data\AUGUST 2026\DIAMOND HARBOUR.pdf,8
diamond_harbour,2026-08-01 20:30:00,Low,1.23,data\AUGUST 2026\DIAMOND HARBOUR.pdf,8
diamond_harbour,2026-08-02 00:46:00,High,5.88,data\AUGUST 2026\DIAMOND HARBOUR.pdf,8
diamond_harbour,2026-08-02 08:43:00,Low,1.3,data\AUGUST 2026\DIAMOND HARBOUR.pdf,8
diamond_harbour,2026-08-02 12:59:00,High,6.08,data\AUGUST 2026\DIAMOND HARBOUR.pdf,8
diamond_harbour,2026-08-02 21:03:00,Low,1.24,data\AUGUST 2026\DIAMOND HARBOUR.pdf,8
diamond_harbour,2026-08-03 01:20:00,High,5.87,data\AUGUST 2026\DIAMOND HARBOUR.pdf,8
diamond_harbour,2026-08-03 09:14:00,Low,1.39,data\AUGUST 2026\DIAMOND HARBOUR.pdf,8
diamond_harbour,2026-08-03 13:36:00,High,5.93,data\AUGUST 2026\DIAMOND HARBOUR.pdf,8
diamond_harbour,2026-08-03 21:34:00,Low,1.29,data\AUGUST 2026\DIAMOND HARBOUR.pdf,8
diamond_harbour,2026-08-04 01:59:00,High,5.8,data\AUGUST 2026\DIAMOND HARBOUR.pdf,8
diamond_harbour,2026-08-04 09:43:00,Low,1.52,data\AUGUST 2026\DIAMOND HARBOUR.pdf,8
diamond_harbour,2026-08-04 14:15:00,High,5.75,data\AUGUST 2026\DIAMOND HARBOUR.pdf,8
diamond_harbour,2026-08-04 22:04:00,Low,1.38,data\AUGUST 2026\DIAMOND HARBOUR.pdf,8
diamond_harbour,2026-08-05 02:39:00,High,5.67,data\AUGUST 2026\DIAMOND HARBOUR.pdf,8
diamond_harbour,2026-08-05 10:12:00,Low,1.7,data\AUGUST 2026\DIAMOND HARBOUR.pdf,8
diamond_harbour,2026-08-05 14:55:00,High,5.51,data\AUGUST 2026\DIAMOND HARBOUR.pdf,8
diamond_harbour,2026-08-05 22:35:00,Low,1.52,data\AUGUST 2026\DIAMOND HARBOUR.pdf,8
diamond_harbour,2026-08-06 03:22:00,High,5.46,data\AUGUST 2026\DIAMOND HARBOUR.pdf,8
diamond_harbour,2026-08-06 10:50:00,Low,1.93,data\AUGUST 2026\DIAMOND HARBOUR.pdf,8
diamond_harbour,2026-08-06 15:44:00,High,5.19,data\AUGUST 2026\DIAMOND HARBOUR.pdf,8
diamond_harbour,2026-08-06 23:16:00,Low,1.74,data\AUGUST 2026\DIAMOND HARBOUR.pdf,8
diamond_harbour,2026-08-07 04:22:00,High,5.18,data\AUGUST 2026\DIAMOND HARBOUR.pdf,8
diamond_harbour,2026-08-07 11:50:00,Low,2.17,data\AUGUST 2026\DIAMOND HARBOUR.pdf,8
diamond_harbour,2026-08-07 16:58:00,High,4.84,data\AUGUST 2026\DIAMOND HARBOUR.pdf,8
diamond_harbour,2026-08-08 00:28:00,Low,1.96,data\AUGUST 2026\DIAMOND HARBOUR.pdf,8
diamond_harbour,2026-08-08 06:10:00,High,5.03,data\AUGUST 2026\DIAMOND HARBOUR.pdf,8
diamond_harbour,2026-08-08 13:36:00,Low,2.25,data\AUGUST 2026\DIAMOND HARBOUR.pdf,8
diamond_harbour,2026-08-08 18:53:00,High,4.73,data\AUGUST 2026\DIAMOND HARBOUR.pdf,8
diamond_harbour,2026-08-09 02:18:00,Low,1.97,data\AUGUST 2026\DIAMOND HARBOUR.pdf,8
diamond_harbour,2026-08-09 07:48:00,High,5.22,data\AUGUST 2026\DIAMOND HARBOUR.pdf,8
diamond_harbour,2026-08-09 15:29:00,Low,2.0,data\AUGUST 2026\DIAMOND HARBOUR.pdf,8
diamond_harbour,2026-08-09 20:27:00,High,4.96,data\AUGUST 2026\DIAMOND HARBOUR.pdf,8
diamond_harbour,2026-08-10 03:57:00,Low,1.71,data\AUGUST 2026\DIAMOND HARBOUR.pdf,8
diamond_harbour,2026-08-10 09:01:00,High,5.61,data\AUGUST 2026\DIAMOND HARBOUR.pdf,8
diamond_harbour,2026-08-10 16:56:00,Low,1.6,data\AUGUST 2026\DIAMOND HARBOUR.pdf,8
diamond_harbour,2026-08-10 21:35:00,High,5.36,data\AUGUST 2026\DIAMOND HARBOUR.pdf,8
diamond_harbour,2026-08-11 05:17:00,Low,1.38,data\AUGUST 2026\DIAMOND HARBOUR.pdf,8
diamond_harbour,2026-08-11 09:54:00,High,6.03,data\AUGUST 2026\DIAMOND HARBOUR.pdf,8
diamond_harbour,2026-08-11 18:02:00,Low,1.24,data\AUGUST 2026\DIAMOND HARBOUR.pdf,8
diamond_harbour,2026-08-11 22:24:00,High,5.77,data\AUGUST 2026\DIAMOND HARBOUR.pdf,8
diamond_harbour,2026-08-12 06:22:00,Low,1.1,data\AUGUST 2026\DIAMOND HARBOUR.pdf,8
diamond_harbour,2026-08-12 10:36:00,High,6.37,data\AUGUST 2026\DIAMOND HARBOUR.pdf,8
diamond_harbour,2026-08-12 18:55:00,Low,0.98,data\AUGUST 2026\DIAMOND HARBOUR.pdf,8
diamond_harbour,2026-08-12 23:04:00,High,6.1,data\AUGUST 2026\DIAMOND HARBOUR.pdf,8
diamond_harbour,2026-08-13 07:13:00,Low,0.95,data\AUGUST 2026\DIAMOND HARBOUR.pdf,8
diamond_harbour,2026-08-13 11:12:00,High,6.56,data\AUGUST 2026\DIAMOND HARBOUR.pdf,8
diamond_harbour,2026-08-13 19:38:00,Low,0.86,data\AUGUST 2026\DIAMOND HARBOUR.pdf,8
diamond_harbour,2026-08-13 23:37:00,High,6.29,data\AUGUST 2026\DIAMOND HARBOUR.pdf,8
diamond_harbour,2026-08-14 07:54:00,Low,0.93,data\AUGUST 2026\DIAMOND HARBOUR.pdf,8
diamond_harbour,2026-08-14 11:45:00,High,6.57,data\AUGUST 2026\DIAMOND HARBOUR.pdf,8
diamond_harbour,2026-08-14 20:13:00,Low,0.88,data\AUGUST 2026\DIAMOND HARBOUR.pdf,8
diamond_harbour,2026-08-15 00:09:00,High,6.31,data\AUGUST 2026\DIAMOND HARBOUR.pdf,8
diamond_harbour,2026-08-15 08:28:00,Low,1.03,data\AUGUST 2026\DIAMOND HARBOUR.pdf,8
diamond_harbour,2026-08-15 12:22:00,High,6.41,data\AUGUST 2026\DIAMOND HARBOUR.pdf,8
diamond_harbour,2026-08-15 20:44:00,Low,1.01,data\AUGUST 2026\DIAMOND HARBOUR.pdf,8
diamond_harbour,2026-08-16 00:43:00,High,6.19,data\AUGUST 2026\DIAMOND HARBOUR.pdf,8
diamond_harbour,2026-08-16 08:57:00,Low,1.22,data\AUGUST 2026\DIAMOND HARBOUR.pdf,8
diamond_harbour,2026-08-16 12:59:00,High,6.14,data\AUGUST 2026\DIAMOND HARBOUR.pdf,8
diamond_harbour,2026-08-16 21:08:00,Low,1.19,data\AUGUST 2026\DIAMOND HARBOUR.pdf,8
diamond_harbour,2026-08-17 01:20:00,High,5.98,data\AUGUST 2026\DIAMOND HARBOUR.pdf,8
diamond_harbour,2026-08-17 09:19:00,Low,1.42,data\AUGUST 2026\DIAMOND HARBOUR.pdf,8
diamond_harbour,2026-08-17 13:36:00,High,5.83,data\AUGUST 2026\DIAMOND HARBOUR.pdf,8
diamond_harbour,2026-08-17 21:28:00,Low,1.37,data\AUGUST 2026\DIAMOND HARBOUR.pdf,8
diamond_harbour,2026-08-18 01:55:00,High,5.74,data\AUGUST 2026\DIAMOND HARBOUR.pdf,8
diamond_harbour,2026-08-18 09:37:00,Low,1.63,data\AUGUST 2026\DIAMOND HARBOUR.pdf,8
diamond_harbour,2026-08-18 14:10:00,High,5.5,data\AUGUST 2026\DIAMOND HARBOUR.pdf,8
diamond_harbour,2026-08-18 21:46:00,Low,1.56,data\AUGUST 2026\DIAMOND HARBOUR.pdf,8
diamond_harbour,2026-08-19 02:30:00,High,5.46,data\AUGUST 2026\DIAMOND HARBOUR.pdf,8
diamond_harbour,2026-08-19 09:53:00,Low,1.86,data\AUGUST 2026\DIAMOND HARBOUR.pdf,8
diamond_harbour,2026-08-19 14:41:00,High,5.17,data\AUGUST 2026\DIAMOND HARBOUR.pdf,8
diamond_harbour,2026-08-19 22:02:00,Low,1.79,data\AUGUST 2026\DIAMOND HARBOUR.pdf,8
diamond_harbour,2026-08-20 03:03:00,High,5.13,data\AUGUST 2026\DIAMOND HARBOUR.pdf,8
diamond_harbour,2026-08-20 10:15:00,Low,2.15,data\AUGUST 2026\DIAMOND HARBOUR.pdf,8
diamond_harbour,2026-08-20 15:12:00,High,4.79,data\AUGUST 2026\DIAMOND HARBOUR.pdf,8
diamond_harbour,2026-08-20 22:26:00,Low,2.09,data\AUGUST 2026\DIAMOND HARBOUR.pdf,8
diamond_harbour,2026-08-21 03:48:00,High,4.76,data\AUGUST 2026\DIAMOND HARBOUR.pdf,8
diamond_harbour,2026-08-21 10:57:00,Low,2.47,data\AUGUST 2026\DIAMOND HARBOUR.pdf,8
diamond_harbour,2026-08-21 16:01:00,High,4.4,data\AUGUST 2026\DIAMOND HARBOUR.pdf,8
diamond_harbour,2026-08-21 23:26:00,Low,2.39,data\AUGUST 2026\DIAMOND HARBOUR.pdf,8
diamond_harbour,2026-08-22 05:55:00,High,4.49,data\AUGUST 2026\DIAMOND HARBOUR.pdf,8
diamond_harbour,2026-08-22 13:06:00,Low,2.63,data\AUGUST 2026\DIAMOND HARBOUR.pdf,8
diamond_harbour,2026-08-22 18:44:00,High,4.18,data\AUGUST 2026\DIAMOND HARBOUR.pdf,8
diamond_harbour,2026-08-23 01:51:00,Low,2.42,data\AUGUST 2026\DIAMOND HARBOUR.pdf,8
diamond_harbour,2026-08-23 08:04:00,High,4.68,data\AUGUST 2026\DIAMOND HARBOUR.pdf,8
diamond_harbour,2026-08-23 15:12:00,Low,2.36,data\AUGUST 2026\DIAMOND HARBOUR.pdf,8
diamond_harbour,2026-08-23 20:48:00,High,4.44,data\AUGUST 2026\DIAMOND HARBOUR.pdf,8
diamond_harbour,2026-08-24 03:29:00,Low,2.12,data\AUGUST 2026\DIAMOND HARBOUR.pdf,8
diamond_harbour,2026-08-24 09:02:00,High,5.03,data\AUGUST 2026\DIAMOND HARBOUR.pdf,8
diamond_harbour,2026-08-24 16:20:00,Low,2.0,data\AUGUST 2026\DIAMOND HARBOUR.pdf,8
diamond_harbour,2026-08-24 21:36:00,High,4.79,data\AUGUST 2026\DIAMOND HARBOUR.pdf,8
diamond_harbour,2026-08-25 04:36:00,Low,1.8,data\AUGUST 2026\DIAMOND HARBOUR.pdf,8
diamond_harbour,2026-08-25 09:46:00,High,5.38,data\AUGUST 2026\DIAMOND HARBOUR.pdf,8
diamond_harbour,2026-08-25 17:14:00,Low,1.69,data\AUGUST 2026\DIAMOND HARBOUR.pdf,8
diamond_harbour,2026-08-25 22:14:00,High,5.12,data\AUGUST 2026\DIAMOND HARBOUR.pdf,8
diamond_harbour,2026-08-26 05:31:00,Low,1.54,data\AUGUST 2026\DIAMOND HARBOUR.pdf,8
diamond_harbour,2026-08-26 10:21:00,High,5.7,data\AUGUST 2026\DIAMOND HARBOUR.pdf,8
diamond_harbour,2026-08-26 18:01:00,Low,1.44,data\AUGUST 2026\DIAMOND HARBOUR.pdf,8
diamond_harbour,2026-08-26 22:42:00,High,5.45,data\AUGUST 2026\DIAMOND HARBOUR.pdf,8
diamond_harbour,2026-08-27 06:17:00,Low,1.35,data\AUGUST 2026\DIAMOND HARBOUR.pdf,8
diamond_harbour,2026-08-27 10:47:00,High,5.97,data\AUGUST 2026\DIAMOND HARBOUR.pdf,8
diamond_harbour,2026-08-27 18:39:00,Low,1.25,data\AUGUST 2026\DIAMOND HARBOUR.pdf,8
diamond_harbour,2026-08-27 23:03:00,High,5.77,data\AUGUST 2026\DIAMOND HARBOUR.pdf,8
diamond_harbour,2026-08-28 06:54:00,Low,1.21,data\AUGUST 2026\DIAMOND HARBOUR.pdf,8
diamond_harbour,2026-08-28 11:08:00,High,6.2,data\AUGUST 2026\DIAMOND HARBOUR.pdf,8
diamond_harbour,2026-08-28 19:11:00,Low,1.09,data\AUGUST 2026\DIAMOND HARBOUR.pdf,8
diamond_harbour,2026-08-28 23:21:00,High,6.06,data\AUGUST 2026\DIAMOND HARBOUR.pdf,8
diamond_harbour,2026-08-29 07:25:00,Low,1.1,data\AUGUST 2026\DIAMOND HARBOUR.pdf,8
diamond_harbour,2026-08-29 11:28:00,High,6.35,data\AUGUST 2026\DIAMOND HARBOUR.pdf,8
diamond_harbour,2026-08-29 19:41:00,Low,0.98,data\AUGUST 2026\DIAMOND HARBOUR.pdf,8
diamond_harbour,2026-08-29 23:42:00,High,6.27,data\AUGUST 2026\DIAMOND HARBOUR.pdf,8
diamond_harbour,2026-08-30 07:57:00,Low,1.04,data\AUGUST 2026\DIAMOND HARBOUR.pdf,8
diamond_harbour,2026-08-30 11:55:00,High,6.39,data\AUGUST 2026\DIAMOND HARBOUR.pdf,8
diamond_harbour,2026-08-30 20:12:00,Low,0.93,data\AUGUST 2026\DIAMOND HARBOUR.pdf,8
diamond_harbour,2026-08-31 00:11:00,High,6.35,data\AUGUST 2026\DIAMOND HARBOUR.pdf,8
diamond_harbour,2026-08-31 08:29:00,Low,1.06,data\AUGUST 2026\DIAMOND HARBOUR.pdf,8
diamond_harbour,2026-08-31 12:29:00,High,6.29,data\AUGUST 2026\DIAMOND HARBOUR.pdf,8
diamond_harbour,2026-08-31 20:44:00,Low,0.96,data\AUGUST 2026\DIAMOND HARBOUR.pdf,8
diamond_harbour,2026-09-01 00:47:00,High,6.3,data\PDF\INDIAN RESPONSIBILITY_2026\DIAMOND HARBOUR.pdf,9
diamond_harbour,2026-09-01 09:00:00,Low,1.16,data\PDF\INDIAN RESPONSIBILITY_2026\DIAMOND HARBOUR.pdf,9
diamond_harbour,2026-09-01 13:08:00,High,6.09,data\PDF\INDIAN RESPONSIBILITY_2026\DIAMOND HARBOUR.pdf,9
diamond_harbour,2026-09-01 21:14:00,Low,1.07,data\PDF\INDIAN RESPONSIBILITY_2026\DIAMOND HARBOUR.pdf,9
diamond_harbour,2026-09-02 01:26:00,High,6.13,data\PDF\INDIAN RESPONSIBILITY_2026\DIAMOND HARBOUR.pdf,9
diamond_harbour,2026-09-02 09:29:00,Low,1.34,data\PDF\INDIAN RESPONSIBILITY_2026\DIAMOND HARBOUR.pdf,9
diamond_harbour,2026-09-02 13:48:00,High,5.81,data\PDF\INDIAN RESPONSIBILITY_2026\DIAMOND HARBOUR.pdf,9
diamond_harbour,2026-09-02 21:42:00,Low,1.25,data\PDF\INDIAN RESPONSIBILITY_2026\DIAMOND HARBOUR.pdf,9
diamond_harbour,2026-09-03 02:08:00,High,5.86,data\PDF\INDIAN RESPONSIBILITY_2026\DIAMOND HARBOUR.pdf,9
diamond_harbour,2026-09-03 09:56:00,Low,1.6,data\PDF\INDIAN RESPONSIBILITY_2026\DIAMOND HARBOUR.pdf,9
diamond_harbour,2026-09-03 14:31:00,High,5.46,data\PDF\INDIAN RESPONSIBILITY_2026\DIAMOND HARBOUR.pdf,9
diamond_harbour,2026-09-03 22:11:00,Low,1.51,data\PDF\INDIAN RESPONSIBILITY_2026\DIAMOND HARBOUR.pdf,9
diamond_harbour,2026-09-04 02:52:00,High,5.5,data\PDF\INDIAN RESPONSIBILITY_2026\DIAMOND HARBOUR.pdf,9
diamond_harbour,2026-09-04 10:31:00,Low,1.92,data\PDF\INDIAN RESPONSIBILITY_2026\DIAMOND HARBOUR.pdf,9
diamond_harbour,2026-09-04 15:20:00,High,5.03,data\PDF\INDIAN RESPONSIBILITY_2026\DIAMOND HARBOUR.pdf,9
diamond_harbour,2026-09-04 22:53:00,Low,1.84,data\PDF\INDIAN RESPONSIBILITY_2026\DIAMOND HARBOUR.pdf,9
diamond_harbour,2026-09-05 03:54:00,High,5.06,data\PDF\INDIAN RESPONSIBILITY_2026\DIAMOND HARBOUR.pdf,9
diamond_harbour,2026-09-05 11:34:00,Low,2.24,data\PDF\INDIAN RESPONSIBILITY_2026\DIAMOND HARBOUR.pdf,9
diamond_harbour,2026-09-05 16:48:00,High,4.6,data\PDF\INDIAN RESPONSIBILITY_2026\DIAMOND HARBOUR.pdf,9
diamond_harbour,2026-09-06 00:13:00,Low,2.15,data\PDF\INDIAN RESPONSIBILITY_2026\DIAMOND HARBOUR.pdf,9
diamond_harbour,2026-09-06 06:09:00,High,4.83,data\PDF\INDIAN RESPONSIBILITY_2026\DIAMOND HARBOUR.pdf,9
diamond_harbour,2026-09-06 13:52:00,Low,2.28,data\PDF\INDIAN RESPONSIBILITY_2026\DIAMOND HARBOUR.pdf,9
diamond_harbour,2026-09-06 19:07:00,High,4.57,data\PDF\INDIAN RESPONSIBILITY_2026\DIAMOND HARBOUR.pdf,9
diamond_harbour,2026-09-07 02:26:00,Low,2.09,data\PDF\INDIAN RESPONSIBILITY_2026\DIAMOND HARBOUR.pdf,9
diamond_harbour,2026-09-07 07:57:00,High,5.1,data\PDF\INDIAN RESPONSIBILITY_2026\DIAMOND HARBOUR.pdf,9
diamond_harbour,2026-09-07 15:40:00,Low,1.89,data\PDF\INDIAN RESPONSIBILITY_2026\DIAMOND HARBOUR.pdf,9
diamond_harbour,2026-09-07 20:44:00,High,4.97,data\PDF\INDIAN RESPONSIBILITY_2026\DIAMOND HARBOUR.pdf,9
diamond_harbour,2026-09-08 04:03:00,Low,1.72,data\PDF\INDIAN RESPONSIBILITY_2026\DIAMOND HARBOUR.pdf,9
diamond_harbour,2026-09-08 09:05:00,High,5.55,data\PDF\INDIAN RESPONSIBILITY_2026\DIAMOND HARBOUR.pdf,9
diamond_harbour,2026-09-08 16:54:00,Low,1.44,data\PDF\INDIAN RESPONSIBILITY_2026\DIAMOND HARBOUR.pdf,9
diamond_harbour,2026-09-08 21:41:00,High,5.47,data\PDF\INDIAN RESPONSIBILITY_2026\DIAMOND HARBOUR.pdf,9
diamond_harbour,2026-09-09 05:16:00,Low,1.34,data\PDF\INDIAN RESPONSIBILITY_2026\DIAMOND HARBOUR.pdf,9
diamond_harbour,2026-09-09 09:51:00,High,5.96,data\PDF\INDIAN RESPONSIBILITY_2026\DIAMOND HARBOUR.pdf,9
diamond_harbour,2026-09-09 17:54:00,Low,1.09,data\PDF\INDIAN RESPONSIBILITY_2026\DIAMOND HARBOUR.pdf,9
diamond_harbour,2026-09-09 22:20:00,High,5.9,data\PDF\INDIAN RESPONSIBILITY_2026\DIAMOND HARBOUR.pdf,9
diamond_harbour,2026-09-10 06:13:00,Low,1.07,data\PDF\INDIAN RESPONSIBILITY_2026\DIAMOND HARBOUR.pdf,9
diamond_harbour,2026-09-10 10:28:00,High,6.26,data\PDF\INDIAN RESPONSIBILITY_2026\DIAMOND HARBOUR.pdf,9
diamond_harbour,2026-09-10 18:41:00,Low,0.88,data\PDF\INDIAN RESPONSIBILITY_2026\DIAMOND HARBOUR.pdf,9
diamond_harbour,2026-09-10 22:50:00,High,6.22,data\PDF\INDIAN RESPONSIBILITY_2026\DIAMOND HARBOUR.pdf,9
diamond_harbour,2026-09-11 06:59:00,Low,0.93,data\PDF\INDIAN RESPONSIBILITY_2026\DIAMOND HARBOUR.pdf,9
diamond_harbour,2026-09-11 10:58:00,High,6.41,data\PDF\INDIAN RESPONSIBILITY_2026\DIAMOND HARBOUR.pdf,9
diamond_harbour,2026-09-11 19:18:00,Low,0.8,data\PDF\INDIAN RESPONSIBILITY_2026\DIAMOND HARBOUR.pdf,9
diamond_harbour,2026-09-11 23:15:00,High,6.39,data\PDF\INDIAN RESPONSIBILITY_2026\DIAMOND HARBOUR.pdf,9
diamond_harbour,2026-09-12 07:33:00,Low,0.93,data\PDF\INDIAN RESPONSIBILITY_2026\DIAMOND HARBOUR.pdf,9
diamond_harbour,2026-09-12 11:26:00,High,6.41,data\PDF\INDIAN RESPONSIBILITY_2026\DIAMOND HARBOUR.pdf,9
diamond_harbour,2026-09-12 19:47:00,Low,0.85,data\PDF\INDIAN RESPONSIBILITY_2026\DIAMOND HARBOUR.pdf,9
diamond_harbour,2026-09-12 23:40:00,High,6.41,data\PDF\INDIAN RESPONSIBILITY_2026\DIAMOND HARBOUR.pdf,9
diamond_harbour,2026-09-13 08:02:00,Low,1.02,data\PDF\INDIAN RESPONSIBILITY_2026\DIAMOND HARBOUR.pdf,9
diamond_harbour,2026-09-13 11:55:00,High,6.27,data\PDF\INDIAN RESPONSIBILITY_2026\DIAMOND HARBOUR.pdf,9
diamond_harbour,2026-09-13 20:10:00,Low,0.97,data\PDF\INDIAN RESPONSIBILITY_2026\DIAMOND HARBOUR.pdf,9
diamond_harbour,2026-09-14 00:08:00,High,6.3,data\PDF\INDIAN RESPONSIBILITY_2026\DIAMOND HARBOUR.pdf,9
diamond_harbour,2026-09-14 08:27:00,Low,1.18,data\PDF\INDIAN RESPONSIBILITY_2026\DIAMOND HARBOUR.pdf,9
diamond_harbour,2026-09-14 12:28:00,High,6.03,data\PDF\INDIAN RESPONSIBILITY_2026\DIAMOND HARBOUR.pdf,9
diamond_harbour,2026-09-14 20:32:00,Low,1.12,data\PDF\INDIAN RESPONSIBILITY_2026\DIAMOND HARBOUR.pdf,9
diamond_harbour,2026-09-15 00:40:00,High,6.1,data\PDF\INDIAN RESPONSIBILITY_2026\DIAMOND HARBOUR.pdf,9
diamond_harbour,2026-09-15 08:49:00,Low,1.35,data\PDF\INDIAN RESPONSIBILITY_2026\DIAMOND HARBOUR.pdf,9
diamond_harbour,2026-09-15 13:03:00,High,5.75,data\PDF\INDIAN RESPONSIBILITY_2026\DIAMOND HARBOUR.pdf,9
diamond_harbour,2026-09-15 20:51:00,Low,1.29,data\PDF\INDIAN RESPONSIBILITY_2026\DIAMOND HARBOUR.pdf,9
diamond_harbour,2026-09-16 01:16:00,High,5.84,data\PDF\INDIAN RESPONSIBILITY_2026\DIAMOND HARBOUR.pdf,9
diamond_harbour,2026-09-16 09:07:00,Low,1.54,data\PDF\INDIAN RESPONSIBILITY_2026\DIAMOND HARBOUR.pdf,9
diamond_harbour,2026-09-16 13:34:00,High,5.45,data\PDF\INDIAN RESPONSIBILITY_2026\DIAMOND HARBOUR.pdf,9
diamond_harbour,2026-09-16 21:10:00,Low,1.49,data\PDF\INDIAN RESPONSIBILITY_2026\DIAMOND HARBOUR.pdf,9
diamond_harbour,2026-09-17 01:49:00,High,5.54,data\PDF\INDIAN RESPONSIBILITY_2026\DIAMOND HARBOUR.pdf,9
diamond_harbour,2026-09-17 09:23:00,Low,1.77,data\PDF\INDIAN RESPONSIBILITY_2026\DIAMOND HARBOUR.pdf,9
diamond_harbour,2026-09-17 14:04:00,High,5.12,data\PDF\INDIAN RESPONSIBILITY_2026\DIAMOND HARBOUR.pdf,9
diamond_harbour,2026-09-17 21:24:00,Low,1.74,data\PDF\INDIAN RESPONSIBILITY_2026\DIAMOND HARBOUR.pdf,9
diamond_harbour,2026-09-18 02:20:00,High,5.18,data\PDF\INDIAN RESPONSIBILITY_2026\DIAMOND HARBOUR.pdf,9
diamond_harbour,2026-09-18 09:40:00,Low,2.06,data\PDF\INDIAN RESPONSIBILITY_2026\DIAMOND HARBOUR.pdf,9
diamond_harbour,2026-09-18 14:31:00,High,4.75,data\PDF\INDIAN RESPONSIBILITY_2026\DIAMOND HARBOUR.pdf,9
diamond_harbour,2026-09-18 21:39:00,Low,2.04,data\PDF\INDIAN RESPONSIBILITY_2026\DIAMOND HARBOUR.pdf,9
diamond_harbour,2026-09-19 02:56:00,High,4.78,data\PDF\INDIAN RESPONSIBILITY_2026\DIAMOND HARBOUR.pdf,9
diamond_harbour,2026-09-19 10:11:00,Low,2.39,data\PDF\INDIAN RESPONSIBILITY_2026\DIAMOND HARBOUR.pdf,9
diamond_harbour,2026-09-19 15:08:00,High,4.36,data\PDF\INDIAN RESPONSIBILITY_2026\DIAMOND HARBOUR.pdf,9
diamond_harbour,2026-09-19 22:18:00,Low,2.38,data\PDF\INDIAN RESPONSIBILITY_2026\DIAMOND HARBOUR.pdf,9
diamond_harbour,2026-09-20 04:13:00,High,4.4,data\PDF\INDIAN RESPONSIBILITY_2026\DIAMOND HARBOUR.pdf,9
diamond_harbour,2026-09-20 11:41:00,Low,2.63,data\PDF\INDIAN RESPONSIBILITY_2026\DIAMOND HARBOUR.pdf,9
diamond_harbour,2026-09-20 17:16:00,High,4.03,data\PDF\INDIAN RESPONSIBILITY_2026\DIAMOND HARBOUR.pdf,9
diamond_harbour,2026-09-21 00:48:00,Low,2.56,data\PDF\INDIAN RESPONSIBILITY_2026\DIAMOND HARBOUR.pdf,9
diamond_harbour,2026-09-21 07:15:00,High,4.48,data\PDF\INDIAN RESPONSIBILITY_2026\DIAMOND HARBOUR.pdf,9
diamond_harbour,2026-09-21 14:33:00,Low,2.4,data\PDF\INDIAN RESPONSIBILITY_2026\DIAMOND HARBOUR.pdf,9
diamond_harbour,2026-09-21 20:16:00,High,4.29,data\PDF\INDIAN RESPONSIBILITY_2026\DIAMOND HARBOUR.pdf,9
diamond_harbour,2026-09-22 02:53:00,Low,2.25,data\PDF\INDIAN RESPONSIBILITY_2026\DIAMOND HARBOUR.pdf,9
diamond_harbour,2026-09-22 08:24:00,High,4.84,data\PDF\INDIAN RESPONSIBILITY_2026\DIAMOND HARBOUR.pdf,9
diamond_harbour,2026-09-22 15:42:00,Low,2.01,data\PDF\INDIAN RESPONSIBILITY_2026\DIAMOND HARBOUR.pdf,9
diamond_harbour,2026-09-22 21:06:00,High,4.72,data\PDF\INDIAN RESPONSIBILITY_2026\DIAMOND HARBOUR.pdf,9
diamond_harbour,2026-09-23 04:03:00,Low,1.88,data\PDF\INDIAN RESPONSIBILITY_2026\DIAMOND HARBOUR.pdf,9
diamond_harbour,2026-09-23 09:11:00,High,5.22,data\PDF\INDIAN RESPONSIBILITY_2026\DIAMOND HARBOUR.pdf,9
diamond_harbour,2026-09-23 16:40:00,Low,1.64,data\PDF\INDIAN RESPONSIBILITY_2026\DIAMOND HARBOUR.pdf,9
diamond_harbour,2026-09-23 21:44:00,High,5.15,data\PDF\INDIAN RESPONSIBILITY_2026\DIAMOND HARBOUR.pdf,9
diamond_harbour,2026-09-24 05:03:00,Low,1.57,data\PDF\INDIAN RESPONSIBILITY_2026\DIAMOND HARBOUR.pdf,9
diamond_harbour,2026-09-24 09:48:00,High,5.56,data\PDF\INDIAN RESPONSIBILITY_2026\DIAMOND HARBOUR.pdf,9
diamond_harbour,2026-09-24 17:31:00,Low,1.35,data\PDF\INDIAN RESPONSIBILITY_2026\DIAMOND HARBOUR.pdf,9
diamond_harbour,2026-09-24 22:11:00,High,5.57,data\PDF\INDIAN RESPONSIBILITY_2026\DIAMOND HARBOUR.pdf,9
diamond_harbour,2026-09-25 05:52:00,Low,1.32,data\PDF\INDIAN RESPONSIBILITY_2026\DIAMOND HARBOUR.pdf,9
diamond_harbour,2026-09-25 10:17:00,High,5.86,data\PDF\INDIAN RESPONSIBILITY_2026\DIAMOND HARBOUR.pdf,9
diamond_harbour,2026-09-25 18:14:00,Low,1.12,data\PDF\INDIAN RESPONSIBILITY_2026\DIAMOND HARBOUR.pdf,9
diamond_harbour,2026-09-25 22:33:00,High,5.95,data\PDF\INDIAN RESPONSIBILITY_2026\DIAMOND HARBOUR.pdf,9
diamond_harbour,2026-09-26 06:33:00,Low,1.13,data\PDF\INDIAN RESPONSIBILITY_2026\DIAMOND HARBOUR.pdf,9
diamond_harbour,2026-09-26 10:40:00,High,6.12,data\PDF\INDIAN RESPONSIBILITY_2026\DIAMOND HARBOUR.pdf,9
diamond_harbour,2026-09-26 18:49:00,Low,0.93,data\PDF\INDIAN RESPONSIBILITY_2026\DIAMOND HARBOUR.pdf,9
diamond_harbour,2026-09-26 22:51:00,High,6.29,data\PDF\INDIAN RESPONSIBILITY_2026\DIAMOND HARBOUR.pdf,9
diamond_harbour,2026-09-27 07:08:00,Low,0.99,data\PDF\INDIAN RESPONSIBILITY_2026\DIAMOND HARBOUR.pdf,9
diamond_harbour,2026-09-27 11:04:00,High,6.29,data\PDF\INDIAN RESPONSIBILITY_2026\DIAMOND HARBOUR.pdf,9
diamond_harbour,2026-09-27 19:21:00,Low,0.8,data\PDF\INDIAN RESPONSIBILITY_2026\DIAMOND HARBOUR.pdf,9
diamond_harbour,2026-09-27 23:12:00,High,6.52,data\PDF\INDIAN RESPONSIBILITY_2026\DIAMOND HARBOUR.pdf,9
diamond_harbour,2026-09-28 07:41:00,Low,0.91,data\PDF\INDIAN RESPONSIBILITY_2026\DIAMOND HARBOUR.pdf,9
diamond_harbour,2026-09-28 11:32:00,High,6.35,data\PDF\INDIAN RESPONSIBILITY_2026\DIAMOND HARBOUR.pdf,9
diamond_harbour,2026-09-28 19:52:00,Low,0.76,data\PDF\INDIAN RESPONSIBILITY_2026\DIAMOND HARBOUR.pdf,9
diamond_harbour,2026-09-28 23:42:00,High,6.59,data\PDF\INDIAN RESPONSIBILITY_2026\DIAMOND HARBOUR.pdf,9
diamond_harbour,2026-09-29 08:14:00,Low,0.93,data\PDF\INDIAN RESPONSIBILITY_2026\DIAMOND HARBOUR.pdf,9
diamond_harbour,2026-09-29 12:08:00,High,6.26,data\PDF\INDIAN RESPONSIBILITY_2026\DIAMOND HARBOUR.pdf,9
diamond_harbour,2026-09-29 20:25:00,Low,0.82,data\PDF\INDIAN RESPONSIBILITY_2026\DIAMOND HARBOUR.pdf,9
diamond_harbour,2026-09-30 00:20:00,High,6.47,data\PDF\INDIAN RESPONSIBILITY_2026\DIAMOND HARBOUR.pdf,9
diamond_harbour,2026-09-30 08:47:00,Low,1.06,data\PDF\INDIAN RESPONSIBILITY_2026\DIAMOND HARBOUR.pdf,9
diamond_harbour,2026-09-30 12:51:00,High,6.02,data\PDF\INDIAN RESPONSIBILITY_2026\DIAMOND HARBOUR.pdf,9
diamond_harbour,2026-09-30 20:58:00,Low,1.0,data\PDF\INDIAN RESPONSIBILITY_2026\DIAMOND HARBOUR.pdf,9
haldia,2026-07-01 06:17:00,Low,1.36,data\JULY 2026\HALDIA.pdf,7
haldia,2026-07-01 11:19:00,High,5.62,data\JULY 2026\HALDIA.pdf,7
haldia,2026-07-01 18:36:00,Low,1.53,data\JULY 2026\HALDIA.pdf,7
haldia,2026-07-01 23:36:00,High,5.11,data\JULY 2026\HALDIA.pdf,7
haldia,2026-07-02 06:47:00,Low,1.35,data\JULY 2026\HALDIA.pdf,7
haldia,2026-07-02 11:49:00,High,5.65,data\JULY 2026\HALDIA.pdf,7
haldia,2026-07-02 19:11:00,Low,1.49,data\JULY 2026\HALDIA.pdf,7
haldia,2026-07-03 00:08:00,High,5.16,data\JULY 2026\HALDIA.pdf,7
haldia,2026-07-03 07:19:00,Low,1.39,data\JULY 2026\HALDIA.pdf,7
haldia,2026-07-03 12:24:00,High,5.62,data\JULY 2026\HALDIA.pdf,7
haldia,2026-07-03 19:49:00,Low,1.48,data\JULY 2026\HALDIA.pdf,7
haldia,2026-07-04 00:44:00,High,5.17,data\JULY 2026\HALDIA.pdf,7
haldia,2026-07-04 07:51:00,Low,1.47,data\JULY 2026\HALDIA.pdf,7
haldia,2026-07-04 13:01:00,High,5.55,data\JULY 2026\HALDIA.pdf,7
haldia,2026-07-04 20:24:00,Low,1.48,data\JULY 2026\HALDIA.pdf,7
haldia,2026-07-05 01:22:00,High,5.16,data\JULY 2026\HALDIA.pdf,7
haldia,2026-07-05 08:22:00,Low,1.57,data\JULY 2026\HALDIA.pdf,7
haldia,2026-07-05 13:39:00,High,5.45,data\JULY 2026\HALDIA.pdf,7
haldia,2026-07-05 20:57:00,Low,1.5,data\JULY 2026\HALDIA.pdf,7
haldia,2026-07-06 02:00:00,High,5.13,data\JULY 2026\HALDIA.pdf,7
haldia,2026-07-06 08:54:00,Low,1.69,data\JULY 2026\HALDIA.pdf,7
haldia,2026-07-06 14:19:00,High,5.34,data\JULY 2026\HALDIA.pdf,7
haldia,2026-07-06 21:28:00,Low,1.52,data\JULY 2026\HALDIA.pdf,7
haldia,2026-07-07 02:44:00,High,5.1,data\JULY 2026\HALDIA.pdf,7
haldia,2026-07-07 09:32:00,Low,1.82,data\JULY 2026\HALDIA.pdf,7
haldia,2026-07-07 15:03:00,High,5.2,data\JULY 2026\HALDIA.pdf,7
haldia,2026-07-07 22:05:00,Low,1.58,data\JULY 2026\HALDIA.pdf,7
haldia,2026-07-08 03:34:00,High,5.04,data\JULY 2026\HALDIA.pdf,7
haldia,2026-07-08 10:23:00,Low,1.96,data\JULY 2026\HALDIA.pdf,7
haldia,2026-07-08 15:59:00,High,5.01,data\JULY 2026\HALDIA.pdf,7
haldia,2026-07-08 22:56:00,Low,1.67,data\JULY 2026\HALDIA.pdf,7
haldia,2026-07-09 04:41:00,High,4.98,data\JULY 2026\HALDIA.pdf,7
haldia,2026-07-09 11:33:00,Low,2.07,data\JULY 2026\HALDIA.pdf,7
haldia,2026-07-09 17:14:00,High,4.83,data\JULY 2026\HALDIA.pdf,7
haldia,2026-07-10 00:09:00,Low,1.74,data\JULY 2026\HALDIA.pdf,7
haldia,2026-07-10 06:09:00,High,5.03,data\JULY 2026\HALDIA.pdf,7
haldia,2026-07-10 13:05:00,Low,2.05,data\JULY 2026\HALDIA.pdf,7
haldia,2026-07-10 18:39:00,High,4.81,data\JULY 2026\HALDIA.pdf,7
haldia,2026-07-11 01:38:00,Low,1.69,data\JULY 2026\HALDIA.pdf,7
haldia,2026-07-11 07:25:00,High,5.26,data\JULY 2026\HALDIA.pdf,7
haldia,2026-07-11 14:38:00,Low,1.86,data\JULY 2026\HALDIA.pdf,7
haldia,2026-07-11 19:53:00,High,4.96,data\JULY 2026\HALDIA.pdf,7
haldia,2026-07-12 03:06:00,Low,1.51,data\JULY 2026\HALDIA.pdf,7
haldia,2026-07-12 08:30:00,High,5.58,data\JULY 2026\HALDIA.pdf,7
haldia,2026-07-12 16:00:00,Low,1.58,data\JULY 2026\HALDIA.pdf,7
haldia,2026-07-12 20:57:00,High,5.2,data\JULY 2026\HALDIA.pdf,7
haldia,2026-07-13 04:21:00,Low,1.26,data\JULY 2026\HALDIA.pdf,7
haldia,2026-07-13 09:24:00,High,5.92,data\JULY 2026\HALDIA.pdf,7
haldia,2026-07-13 17:04:00,Low,1.3,data\JULY 2026\HALDIA.pdf,7
haldia,2026-07-13 21:51:00,High,5.48,data\JULY 2026\HALDIA.pdf,7
haldia,2026-07-14 05:24:00,Low,1.04,data\JULY 2026\HALDIA.pdf,7
haldia,2026-07-14 10:11:00,High,6.19,data\JULY 2026\HALDIA.pdf,7
haldia,2026-07-14 17:58:00,Low,1.09,data\JULY 2026\HALDIA.pdf,7
haldia,2026-07-14 22:39:00,High,5.71,data\JULY 2026\HALDIA.pdf,7
haldia,2026-07-15 06:17:00,Low,0.92,data\JULY 2026\HALDIA.pdf,7
haldia,2026-07-15 10:57:00,High,6.33,data\JULY 2026\HALDIA.pdf,7
haldia,2026-07-15 18:46:00,Low,0.98,data\JULY 2026\HALDIA.pdf,7
haldia,2026-07-15 23:26:00,High,5.83,data\JULY 2026\HALDIA.pdf,7
haldia,2026-07-16 07:01:00,Low,0.92,data\JULY 2026\HALDIA.pdf,7
haldia,2026-07-16 11:42:00,High,6.31,data\JULY 2026\HALDIA.pdf,7
haldia,2026-07-16 19:29:00,Low,0.98,data\JULY 2026\HALDIA.pdf,7
haldia,2026-07-17 00:11:00,High,5.82,data\JULY 2026\HALDIA.pdf,7
haldia,2026-07-17 07:42:00,Low,1.04,data\JULY 2026\HALDIA.pdf,7
haldia,2026-07-17 12:28:00,High,6.13,data\JULY 2026\HALDIA.pdf,7
haldia,2026-07-17 20:09:00,Low,1.08,data\JULY 2026\HALDIA.pdf,7
haldia,2026-07-18 00:56:00,High,5.7,data\JULY 2026\HALDIA.pdf,7
haldia,2026-07-18 08:17:00,Low,1.24,data\JULY 2026\HALDIA.pdf,7
haldia,2026-07-18 13:12:00,High,5.85,data\JULY 2026\HALDIA.pdf,7
haldia,2026-07-18 20:43:00,Low,1.24,data\JULY 2026\HALDIA.pdf,7
haldia,2026-07-19 01:38:00,High,5.51,data\JULY 2026\HALDIA.pdf,7
haldia,2026-07-19 08:46:00,Low,1.47,data\JULY 2026\HALDIA.pdf,7
haldia,2026-07-19 13:54:00,High,5.54,data\JULY 2026\HALDIA.pdf,7
haldia,2026-07-19 21:09:00,Low,1.42,data\JULY 2026\HALDIA.pdf,7
haldia,2026-07-20 02:16:00,High,5.29,data\JULY 2026\HALDIA.pdf,7
haldia,2026-07-20 09:11:00,Low,1.71,data\JULY 2026\HALDIA.pdf,7
haldia,2026-07-20 14:31:00,High,5.22,data\JULY 2026\HALDIA.pdf,7
haldia,2026-07-20 21:32:00,Low,1.6,data\JULY 2026\HALDIA.pdf,7
haldia,2026-07-21 02:52:00,High,5.07,data\JULY 2026\HALDIA.pdf,7
haldia,2026-07-21 09:36:00,Low,1.96,data\JULY 2026\HALDIA.pdf,7
haldia,2026-07-21 15:06:00,High,4.91,data\JULY 2026\HALDIA.pdf,7
haldia,2026-07-21 21:57:00,Low,1.81,data\JULY 2026\HALDIA.pdf,7
haldia,2026-07-22 03:33:00,High,4.83,data\JULY 2026\HALDIA.pdf,7
haldia,2026-07-22 10:12:00,Low,2.23,data\JULY 2026\HALDIA.pdf,7
haldia,2026-07-22 15:52:00,High,4.59,data\JULY 2026\HALDIA.pdf,7
haldia,2026-07-22 22:37:00,Low,2.06,data\JULY 2026\HALDIA.pdf,7
haldia,2026-07-23 04:40:00,High,4.6,data\JULY 2026\HALDIA.pdf,7
haldia,2026-07-23 11:21:00,Low,2.46,data\JULY 2026\HALDIA.pdf,7
haldia,2026-07-23 17:07:00,High,4.32,data\JULY 2026\HALDIA.pdf,7
haldia,2026-07-23 23:58:00,Low,2.25,data\JULY 2026\HALDIA.pdf,7
haldia,2026-07-24 06:22:00,High,4.54,data\JULY 2026\HALDIA.pdf,7
haldia,2026-07-24 13:11:00,Low,2.49,data\JULY 2026\HALDIA.pdf,7
haldia,2026-07-24 19:02:00,High,4.26,data\JULY 2026\HALDIA.pdf,7
haldia,2026-07-25 01:41:00,Low,2.22,data\JULY 2026\HALDIA.pdf,7
haldia,2026-07-25 07:56:00,High,4.73,data\JULY 2026\HALDIA.pdf,7
haldia,2026-07-25 14:45:00,Low,2.29,data\JULY 2026\HALDIA.pdf,7
haldia,2026-07-25 20:31:00,High,4.43,data\JULY 2026\HALDIA.pdf,7
haldia,2026-07-26 03:04:00,Low,2.02,data\JULY 2026\HALDIA.pdf,7
haldia,2026-07-26 08:53:00,High,5.01,data\JULY 2026\HALDIA.pdf,7
haldia,2026-07-26 15:53:00,Low,2.03,data\JULY 2026\HALDIA.pdf,7
haldia,2026-07-26 21:23:00,High,4.66,data\JULY 2026\HALDIA.pdf,7
haldia,2026-07-27 04:08:00,Low,1.77,data\JULY 2026\HALDIA.pdf,7
haldia,2026-07-27 09:37:00,High,5.28,data\JULY 2026\HALDIA.pdf,7
haldia,2026-07-27 16:43:00,Low,1.78,data\JULY 2026\HALDIA.pdf,7
haldia,2026-07-27 22:00:00,High,4.88,data\JULY 2026\HALDIA.pdf,7
haldia,2026-07-28 04:58:00,Low,1.56,data\JULY 2026\HALDIA.pdf,7
haldia,2026-07-28 10:11:00,High,5.52,data\JULY 2026\HALDIA.pdf,7
haldia,2026-07-28 17:22:00,Low,1.57,data\JULY 2026\HALDIA.pdf,7
haldia,2026-07-28 22:28:00,High,5.08,data\JULY 2026\HALDIA.pdf,7
haldia,2026-07-29 05:36:00,Low,1.39,data\JULY 2026\HALDIA.pdf,7
haldia,2026-07-29 10:37:00,High,5.72,data\JULY 2026\HALDIA.pdf,7
haldia,2026-07-29 17:56:00,Low,1.41,data\JULY 2026\HALDIA.pdf,7
haldia,2026-07-29 22:52:00,High,5.27,data\JULY 2026\HALDIA.pdf,7
haldia,2026-07-30 06:09:00,Low,1.27,data\JULY 2026\HALDIA.pdf,7
haldia,2026-07-30 10:59:00,High,5.88,data\JULY 2026\HALDIA.pdf,7
haldia,2026-07-30 18:26:00,Low,1.27,data\JULY 2026\HALDIA.pdf,7
haldia,2026-07-30 23:15:00,High,5.45,data\JULY 2026\HALDIA.pdf,7
haldia,2026-07-31 06:38:00,Low,1.18,data\JULY 2026\HALDIA.pdf,7
haldia,2026-07-31 11:24:00,High,5.97,data\JULY 2026\HALDIA.pdf,7
haldia,2026-07-31 18:59:00,Low,1.17,data\JULY 2026\HALDIA.pdf,7
haldia,2026-07-31 23:43:00,High,5.58,data\JULY 2026\HALDIA.pdf,7
haldia,2026-08-01 07:10:00,Low,1.15,data\AUGUST 2026\HALDIA.pdf,8
haldia,2026-08-01 11:54:00,High,5.97,data\AUGUST 2026\HALDIA.pdf,8
haldia,2026-08-01 19:34:00,Low,1.12,data\AUGUST 2026\HALDIA.pdf,8
haldia,2026-08-02 00:17:00,High,5.65,data\AUGUST 2026\HALDIA.pdf,8
haldia,2026-08-02 07:43:00,Low,1.17,data\AUGUST 2026\HALDIA.pdf,8
haldia,2026-08-02 12:31:00,High,5.88,data\AUGUST 2026\HALDIA.pdf,8
haldia,2026-08-02 20:07:00,Low,1.11,data\AUGUST 2026\HALDIA.pdf,8
haldia,2026-08-03 00:52:00,High,5.65,data\AUGUST 2026\HALDIA.pdf,8
haldia,2026-08-03 08:13:00,Low,1.26,data\AUGUST 2026\HALDIA.pdf,8
haldia,2026-08-03 13:08:00,High,5.73,data\AUGUST 2026\HALDIA.pdf,8
haldia,2026-08-03 20:36:00,Low,1.15,data\AUGUST 2026\HALDIA.pdf,8
haldia,2026-08-04 01:30:00,High,5.59,data\AUGUST 2026\HALDIA.pdf,8
haldia,2026-08-04 08:40:00,Low,1.4,data\AUGUST 2026\HALDIA.pdf,8
haldia,2026-08-04 13:47:00,High,5.55,data\AUGUST 2026\HALDIA.pdf,8
haldia,2026-08-04 21:02:00,Low,1.24,data\AUGUST 2026\HALDIA.pdf,8
haldia,2026-08-05 02:08:00,High,5.48,data\AUGUST 2026\HALDIA.pdf,8
haldia,2026-08-05 09:08:00,Low,1.6,data\AUGUST 2026\HALDIA.pdf,8
haldia,2026-08-05 14:27:00,High,5.31,data\AUGUST 2026\HALDIA.pdf,8
haldia,2026-08-05 21:31:00,Low,1.4,data\AUGUST 2026\HALDIA.pdf,8
haldia,2026-08-06 02:50:00,High,5.28,data\AUGUST 2026\HALDIA.pdf,8
haldia,2026-08-06 09:48:00,Low,1.85,data\AUGUST 2026\HALDIA.pdf,8
haldia,2026-08-06 15:16:00,High,5.01,data\AUGUST 2026\HALDIA.pdf,8
haldia,2026-08-06 22:14:00,Low,1.64,data\AUGUST 2026\HALDIA.pdf,8
haldia,2026-08-07 03:51:00,High,5.01,data\AUGUST 2026\HALDIA.pdf,8
haldia,2026-08-07 10:51:00,Low,2.11,data\AUGUST 2026\HALDIA.pdf,8
haldia,2026-08-07 16:31:00,High,4.67,data\AUGUST 2026\HALDIA.pdf,8
haldia,2026-08-07 23:29:00,Low,1.88,data\AUGUST 2026\HALDIA.pdf,8
haldia,2026-08-08 05:40:00,High,4.86,data\AUGUST 2026\HALDIA.pdf,8
haldia,2026-08-08 12:42:00,Low,2.21,data\AUGUST 2026\HALDIA.pdf,8
haldia,2026-08-08 18:26:00,High,4.57,data\AUGUST 2026\HALDIA.pdf,8
haldia,2026-08-09 01:23:00,Low,1.9,data\AUGUST 2026\HALDIA.pdf,8
haldia,2026-08-09 07:19:00,High,5.06,data\AUGUST 2026\HALDIA.pdf,8
haldia,2026-08-09 14:38:00,Low,1.95,data\AUGUST 2026\HALDIA.pdf,8
haldia,2026-08-09 19:59:00,High,4.8,data\AUGUST 2026\HALDIA.pdf,8
haldia,2026-08-10 03:04:00,Low,1.64,data\AUGUST 2026\HALDIA.pdf,8
haldia,2026-08-10 08:33:00,High,5.46,data\AUGUST 2026\HALDIA.pdf,8
haldia,2026-08-10 16:05:00,Low,1.55,data\AUGUST 2026\HALDIA.pdf,8
haldia,2026-08-10 21:05:00,High,5.19,data\AUGUST 2026\HALDIA.pdf,8
haldia,2026-08-11 04:23:00,Low,1.29,data\AUGUST 2026\HALDIA.pdf,8
haldia,2026-08-11 09:26:00,High,5.87,data\AUGUST 2026\HALDIA.pdf,8
haldia,2026-08-11 17:07:00,Low,1.16,data\AUGUST 2026\HALDIA.pdf,8
haldia,2026-08-11 21:54:00,High,5.58,data\AUGUST 2026\HALDIA.pdf,8
haldia,2026-08-12 05:25:00,Low,1.0,data\AUGUST 2026\HALDIA.pdf,8
haldia,2026-08-12 10:10:00,High,6.21,data\AUGUST 2026\HALDIA.pdf,8
haldia,2026-08-12 17:56:00,Low,0.87,data\AUGUST 2026\HALDIA.pdf,8
haldia,2026-08-12 22:34:00,High,5.89,data\AUGUST 2026\HALDIA.pdf,8
haldia,2026-08-13 06:13:00,Low,0.82,data\AUGUST 2026\HALDIA.pdf,8
haldia,2026-08-13 10:47:00,High,6.39,data\AUGUST 2026\HALDIA.pdf,8
haldia,2026-08-13 18:35:00,Low,0.74,data\AUGUST 2026\HALDIA.pdf,8
haldia,2026-08-13 23:09:00,High,6.07,data\AUGUST 2026\HALDIA.pdf,8
haldia,2026-08-14 06:51:00,Low,0.8,data\AUGUST 2026\HALDIA.pdf,8
haldia,2026-08-14 11:22:00,High,6.39,data\AUGUST 2026\HALDIA.pdf,8
haldia,2026-08-14 19:10:00,Low,0.75,data\AUGUST 2026\HALDIA.pdf,8
haldia,2026-08-14 23:44:00,High,6.09,data\AUGUST 2026\HALDIA.pdf,8
haldia,2026-08-15 07:24:00,Low,0.9,data\AUGUST 2026\HALDIA.pdf,8
haldia,2026-08-15 12:00:00,High,6.22,data\AUGUST 2026\HALDIA.pdf,8
haldia,2026-08-15 19:41:00,Low,0.88,data\AUGUST 2026\HALDIA.pdf,8
haldia,2026-08-16 00:20:00,High,5.97,data\AUGUST 2026\HALDIA.pdf,8
haldia,2026-08-16 07:54:00,Low,1.09,data\AUGUST 2026\HALDIA.pdf,8
haldia,2026-08-16 12:36:00,High,5.94,data\AUGUST 2026\HALDIA.pdf,8
haldia,2026-08-16 20:06:00,Low,1.06,data\AUGUST 2026\HALDIA.pdf,8
haldia,2026-08-17 00:57:00,High,5.78,data\AUGUST 2026\HALDIA.pdf,8
haldia,2026-08-17 08:16:00,Low,1.3,data\AUGUST 2026\HALDIA.pdf,8
haldia,2026-08-17 13:10:00,High,5.62,data\AUGUST 2026\HALDIA.pdf,8
haldia,2026-08-17 20:27:00,Low,1.24,data\AUGUST 2026\HALDIA.pdf,8
haldia,2026-08-18 01:29:00,High,5.55,data\AUGUST 2026\HALDIA.pdf,8
haldia,2026-08-18 08:34:00,Low,1.52,data\AUGUST 2026\HALDIA.pdf,8
haldia,2026-08-18 13:41:00,High,5.3,data\AUGUST 2026\HALDIA.pdf,8
haldia,2026-08-18 20:45:00,Low,1.43,data\AUGUST 2026\HALDIA.pdf,8
haldia,2026-08-19 01:59:00,High,5.27,data\AUGUST 2026\HALDIA.pdf,8
haldia,2026-08-19 08:51:00,Low,1.77,data\AUGUST 2026\HALDIA.pdf,8
haldia,2026-08-19 14:10:00,High,4.96,data\AUGUST 2026\HALDIA.pdf,8
haldia,2026-08-19 21:01:00,Low,1.69,data\AUGUST 2026\HALDIA.pdf,8
haldia,2026-08-20 02:30:00,High,4.94,data\AUGUST 2026\HALDIA.pdf,8
haldia,2026-08-20 09:14:00,Low,2.09,data\AUGUST 2026\HALDIA.pdf,8
haldia,2026-08-20 14:42:00,High,4.59,data\AUGUST 2026\HALDIA.pdf,8
haldia,2026-08-20 21:27:00,Low,2.01,data\AUGUST 2026\HALDIA.pdf,8
haldia,2026-08-21 03:14:00,High,4.57,data\AUGUST 2026\HALDIA.pdf,8
haldia,2026-08-21 10:00:00,Low,2.45,data\AUGUST 2026\HALDIA.pdf,8
haldia,2026-08-21 15:33:00,High,4.21,data\AUGUST 2026\HALDIA.pdf,8
haldia,2026-08-21 22:31:00,Low,2.35,data\AUGUST 2026\HALDIA.pdf,8
haldia,2026-08-22 05:23:00,High,4.31,data\AUGUST 2026\HALDIA.pdf,8
haldia,2026-08-22 12:13:00,Low,2.64,data\AUGUST 2026\HALDIA.pdf,8
haldia,2026-08-22 18:18:00,High,4.01,data\AUGUST 2026\HALDIA.pdf,8
haldia,2026-08-23 01:01:00,Low,2.41,data\AUGUST 2026\HALDIA.pdf,8
haldia,2026-08-23 07:34:00,High,4.52,data\AUGUST 2026\HALDIA.pdf,8
haldia,2026-08-23 14:24:00,Low,2.38,data\AUGUST 2026\HALDIA.pdf,8
haldia,2026-08-23 20:23:00,High,4.29,data\AUGUST 2026\HALDIA.pdf,8
haldia,2026-08-24 02:42:00,Low,2.13,data\AUGUST 2026\HALDIA.pdf,8
haldia,2026-08-24 08:33:00,High,4.88,data\AUGUST 2026\HALDIA.pdf,8
haldia,2026-08-24 15:33:00,Low,2.02,data\AUGUST 2026\HALDIA.pdf,8
haldia,2026-08-24 21:09:00,High,4.64,data\AUGUST 2026\HALDIA.pdf,8
haldia,2026-08-25 03:48:00,Low,1.8,data\AUGUST 2026\HALDIA.pdf,8
haldia,2026-08-25 09:16:00,High,5.25,data\AUGUST 2026\HALDIA.pdf,8
haldia,2026-08-25 16:25:00,Low,1.67,data\AUGUST 2026\HALDIA.pdf,8
haldia,2026-08-25 21:43:00,High,4.97,data\AUGUST 2026\HALDIA.pdf,8
haldia,2026-08-26 04:40:00,Low,1.51,data\AUGUST 2026\HALDIA.pdf,8
haldia,2026-08-26 09:49:00,High,5.57,data\AUGUST 2026\HALDIA.pdf,8
haldia,2026-08-26 17:08:00,Low,1.39,data\AUGUST 2026\HALDIA.pdf,8
haldia,2026-08-26 22:08:00,High,5.28,data\AUGUST 2026\HALDIA.pdf,8
haldia,2026-08-27 05:21:00,Low,1.28,data\AUGUST 2026\HALDIA.pdf,8
haldia,2026-08-27 10:14:00,High,5.83,data\AUGUST 2026\HALDIA.pdf,8
haldia,2026-08-27 17:42:00,Low,1.16,data\AUGUST 2026\HALDIA.pdf,8
haldia,2026-08-27 22:29:00,High,5.57,data\AUGUST 2026\HALDIA.pdf,8
haldia,2026-08-28 05:54:00,Low,1.1,data\AUGUST 2026\HALDIA.pdf,8
haldia,2026-08-28 10:36:00,High,6.04,data\AUGUST 2026\HALDIA.pdf,8
haldia,2026-08-28 18:12:00,Low,0.97,data\AUGUST 2026\HALDIA.pdf,8
haldia,2026-08-28 22:48:00,High,5.83,data\AUGUST 2026\HALDIA.pdf,8
haldia,2026-08-29 06:24:00,Low,0.96,data\AUGUST 2026\HALDIA.pdf,8
haldia,2026-08-29 10:58:00,High,6.16,data\AUGUST 2026\HALDIA.pdf,8
haldia,2026-08-29 18:42:00,Low,0.83,data\AUGUST 2026\HALDIA.pdf,8
haldia,2026-08-29 23:14:00,High,6.01,data\AUGUST 2026\HALDIA.pdf,8
haldia,2026-08-30 06:56:00,Low,0.88,data\AUGUST 2026\HALDIA.pdf,8
haldia,2026-08-30 11:28:00,High,6.17,data\AUGUST 2026\HALDIA.pdf,8
haldia,2026-08-30 19:13:00,Low,0.77,data\AUGUST 2026\HALDIA.pdf,8
haldia,2026-08-30 23:46:00,High,6.08,data\AUGUST 2026\HALDIA.pdf,8
haldia,2026-08-31 07:29:00,Low,0.9,data\AUGUST 2026\HALDIA.pdf,8
haldia,2026-08-31 12:02:00,High,6.06,data\AUGUST 2026\HALDIA.pdf,8
haldia,2026-08-31 19:45:00,Low,0.79,data\AUGUST 2026\HALDIA.pdf,8
haldia,2026-09-01 00:23:00,High,6.04,data\PDF\INDIAN RESPONSIBILITY_2026\HALDIA.pdf,9
haldia,2026-09-01 07:58:00,Low,1.01,data\PDF\INDIAN RESPONSIBILITY_2026\HALDIA.pdf,9
haldia,2026-09-01 12:42:00,High,5.85,data\PDF\INDIAN RESPONSIBILITY_2026\HALDIA.pdf,9
haldia,2026-09-01 20:13:00,Low,0.9,data\PDF\INDIAN RESPONSIBILITY_2026\HALDIA.pdf,9
haldia,2026-09-02 01:01:00,High,5.88,data\PDF\INDIAN RESPONSIBILITY_2026\HALDIA.pdf,9
haldia,2026-09-02 08:25:00,Low,1.21,data\PDF\INDIAN RESPONSIBILITY_2026\HALDIA.pdf,9
haldia,2026-09-02 13:20:00,High,5.58,data\PDF\INDIAN RESPONSIBILITY_2026\HALDIA.pdf,9
haldia,2026-09-02 20:39:00,Low,1.09,data\PDF\INDIAN RESPONSIBILITY_2026\HALDIA.pdf,9
haldia,2026-09-03 01:41:00,High,5.63,data\PDF\INDIAN RESPONSIBILITY_2026\HALDIA.pdf,9
haldia,2026-09-03 08:51:00,Low,1.49,data\PDF\INDIAN RESPONSIBILITY_2026\HALDIA.pdf,9
haldia,2026-09-03 14:02:00,High,5.24,data\PDF\INDIAN RESPONSIBILITY_2026\HALDIA.pdf,9
haldia,2026-09-03 21:06:00,Low,1.37,data\PDF\INDIAN RESPONSIBILITY_2026\HALDIA.pdf,9
haldia,2026-09-04 02:23:00,High,5.29,data\PDF\INDIAN RESPONSIBILITY_2026\HALDIA.pdf,9
haldia,2026-09-04 09:27:00,Low,1.84,data\PDF\INDIAN RESPONSIBILITY_2026\HALDIA.pdf,9
haldia,2026-09-04 14:51:00,High,4.83,data\PDF\INDIAN RESPONSIBILITY_2026\HALDIA.pdf,9
haldia,2026-09-04 21:50:00,Low,1.74,data\PDF\INDIAN RESPONSIBILITY_2026\HALDIA.pdf,9
haldia,2026-09-05 03:24:00,High,4.87,data\PDF\INDIAN RESPONSIBILITY_2026\HALDIA.pdf,9
haldia,2026-09-05 10:34:00,Low,2.2,data\PDF\INDIAN RESPONSIBILITY_2026\HALDIA.pdf,9
haldia,2026-09-05 16:21:00,High,4.41,data\PDF\INDIAN RESPONSIBILITY_2026\HALDIA.pdf,9
haldia,2026-09-05 23:14:00,Low,2.08,data\PDF\INDIAN RESPONSIBILITY_2026\HALDIA.pdf,9
haldia,2026-09-06 05:40:00,High,4.66,data\PDF\INDIAN RESPONSIBILITY_2026\HALDIA.pdf,9
haldia,2026-09-06 12:56:00,Low,2.24,data\PDF\INDIAN RESPONSIBILITY_2026\HALDIA.pdf,9
haldia,2026-09-06 18:41:00,High,4.4,data\PDF\INDIAN RESPONSIBILITY_2026\HALDIA.pdf,9
haldia,2026-09-07 01:31:00,Low,2.03,data\PDF\INDIAN RESPONSIBILITY_2026\HALDIA.pdf,9
haldia,2026-09-07 07:29:00,High,4.95,data\PDF\INDIAN RESPONSIBILITY_2026\HALDIA.pdf,9
haldia,2026-09-07 14:48:00,Low,1.85,data\PDF\INDIAN RESPONSIBILITY_2026\HALDIA.pdf,9
haldia,2026-09-07 20:18:00,High,4.8,data\PDF\INDIAN RESPONSIBILITY_2026\HALDIA.pdf,9
haldia,2026-09-08 03:12:00,Low,1.66,data\PDF\INDIAN RESPONSIBILITY_2026\HALDIA.pdf,9
haldia,2026-09-08 08:37:00,High,5.4,data\PDF\INDIAN RESPONSIBILITY_2026\HALDIA.pdf,9
haldia,2026-09-08 16:03:00,Low,1.38,data\PDF\INDIAN RESPONSIBILITY_2026\HALDIA.pdf,9
haldia,2026-09-08 21:13:00,High,5.29,data\PDF\INDIAN RESPONSIBILITY_2026\HALDIA.pdf,9
haldia,2026-09-09 04:25:00,Low,1.26,data\PDF\INDIAN RESPONSIBILITY_2026\HALDIA.pdf,9
haldia,2026-09-09 09:23:00,High,5.8,data\PDF\INDIAN RESPONSIBILITY_2026\HALDIA.pdf,9
haldia,2026-09-09 17:01:00,Low,0.99,data\PDF\INDIAN RESPONSIBILITY_2026\HALDIA.pdf,9
haldia,2026-09-09 21:50:00,High,5.71,data\PDF\INDIAN RESPONSIBILITY_2026\HALDIA.pdf,9
haldia,2026-09-10 05:18:00,Low,0.96,data\PDF\INDIAN RESPONSIBILITY_2026\HALDIA.pdf,9
haldia,2026-09-10 10:01:00,High,6.09,data\PDF\INDIAN RESPONSIBILITY_2026\HALDIA.pdf,9
haldia,2026-09-10 17:44:00,Low,0.75,data\PDF\INDIAN RESPONSIBILITY_2026\HALDIA.pdf,9
haldia,2026-09-10 22:21:00,High,6.01,data\PDF\INDIAN RESPONSIBILITY_2026\HALDIA.pdf,9
haldia,2026-09-11 06:00:00,Low,0.81,data\PDF\INDIAN RESPONSIBILITY_2026\HALDIA.pdf,9
haldia,2026-09-11 10:32:00,High,6.23,data\PDF\INDIAN RESPONSIBILITY_2026\HALDIA.pdf,9
haldia,2026-09-11 18:18:00,Low,0.65,data\PDF\INDIAN RESPONSIBILITY_2026\HALDIA.pdf,9
haldia,2026-09-11 22:48:00,High,6.17,data\PDF\INDIAN RESPONSIBILITY_2026\HALDIA.pdf,9
haldia,2026-09-12 06:32:00,Low,0.79,data\PDF\INDIAN RESPONSIBILITY_2026\HALDIA.pdf,9
haldia,2026-09-12 11:02:00,High,6.21,data\PDF\INDIAN RESPONSIBILITY_2026\HALDIA.pdf,9
haldia,2026-09-12 18:44:00,Low,0.69,data\PDF\INDIAN RESPONSIBILITY_2026\HALDIA.pdf,9
haldia,2026-09-12 23:15:00,High,6.18,data\PDF\INDIAN RESPONSIBILITY_2026\HALDIA.pdf,9
haldia,2026-09-13 06:59:00,Low,0.88,data\PDF\INDIAN RESPONSIBILITY_2026\HALDIA.pdf,9
haldia,2026-09-13 11:33:00,High,6.06,data\PDF\INDIAN RESPONSIBILITY_2026\HALDIA.pdf,9
haldia,2026-09-13 19:08:00,Low,0.81,data\PDF\INDIAN RESPONSIBILITY_2026\HALDIA.pdf,9
haldia,2026-09-13 23:47:00,High,6.07,data\PDF\INDIAN RESPONSIBILITY_2026\HALDIA.pdf,9
haldia,2026-09-14 07:25:00,Low,1.03,data\PDF\INDIAN RESPONSIBILITY_2026\HALDIA.pdf,9
haldia,2026-09-14 12:05:00,High,5.83,data\PDF\INDIAN RESPONSIBILITY_2026\HALDIA.pdf,9
haldia,2026-09-14 19:30:00,Low,0.97,data\PDF\INDIAN RESPONSIBILITY_2026\HALDIA.pdf,9
haldia,2026-09-15 00:19:00,High,5.88,data\PDF\INDIAN RESPONSIBILITY_2026\HALDIA.pdf,9
haldia,2026-09-15 07:47:00,Low,1.21,data\PDF\INDIAN RESPONSIBILITY_2026\HALDIA.pdf,9
haldia,2026-09-15 12:37:00,High,5.55,data\PDF\INDIAN RESPONSIBILITY_2026\HALDIA.pdf,9
haldia,2026-09-15 19:50:00,Low,1.14,data\PDF\INDIAN RESPONSIBILITY_2026\HALDIA.pdf,9
haldia,2026-09-16 00:52:00,High,5.63,data\PDF\INDIAN RESPONSIBILITY_2026\HALDIA.pdf,9
haldia,2026-09-16 08:04:00,Low,1.41,data\PDF\INDIAN RESPONSIBILITY_2026\HALDIA.pdf,9
haldia,2026-09-16 13:05:00,High,5.25,data\PDF\INDIAN RESPONSIBILITY_2026\HALDIA.pdf,9
haldia,2026-09-16 20:08:00,Low,1.35,data\PDF\INDIAN RESPONSIBILITY_2026\HALDIA.pdf,9
haldia,2026-09-17 01:22:00,High,5.33,data\PDF\INDIAN RESPONSIBILITY_2026\HALDIA.pdf,9
haldia,2026-09-17 08:20:00,Low,1.66,data\PDF\INDIAN RESPONSIBILITY_2026\HALDIA.pdf,9
haldia,2026-09-17 13:32:00,High,4.93,data\PDF\INDIAN RESPONSIBILITY_2026\HALDIA.pdf,9
haldia,2026-09-17 20:22:00,Low,1.62,data\PDF\INDIAN RESPONSIBILITY_2026\HALDIA.pdf,9
haldia,2026-09-18 01:50:00,High,4.98,data\PDF\INDIAN RESPONSIBILITY_2026\HALDIA.pdf,9
haldia,2026-09-18 08:37:00,Low,1.98,data\PDF\INDIAN RESPONSIBILITY_2026\HALDIA.pdf,9
haldia,2026-09-18 14:00:00,High,4.57,data\PDF\INDIAN RESPONSIBILITY_2026\HALDIA.pdf,9
haldia,2026-09-18 20:40:00,Low,1.96,data\PDF\INDIAN RESPONSIBILITY_2026\HALDIA.pdf,9
haldia,2026-09-19 02:24:00,High,4.6,data\PDF\INDIAN RESPONSIBILITY_2026\HALDIA.pdf,9
haldia,2026-09-19 09:11:00,Low,2.35,data\PDF\INDIAN RESPONSIBILITY_2026\HALDIA.pdf,9
haldia,2026-09-19 14:39:00,High,4.19,data\PDF\INDIAN RESPONSIBILITY_2026\HALDIA.pdf,9
haldia,2026-09-19 21:23:00,Low,2.34,data\PDF\INDIAN RESPONSIBILITY_2026\HALDIA.pdf,9
haldia,2026-09-20 03:42:00,High,4.23,data\PDF\INDIAN RESPONSIBILITY_2026\HALDIA.pdf,9
haldia,2026-09-20 10:46:00,Low,2.63,data\PDF\INDIAN RESPONSIBILITY_2026\HALDIA.pdf,9
haldia,2026-09-20 16:50:00,High,3.87,data\PDF\INDIAN RESPONSIBILITY_2026\HALDIA.pdf,9
haldia,2026-09-20 23:58:00,Low,2.55,data\PDF\INDIAN RESPONSIBILITY_2026\HALDIA.pdf,9
haldia,2026-09-21 06:45:00,High,4.33,data\PDF\INDIAN RESPONSIBILITY_2026\HALDIA.pdf,9
haldia,2026-09-21 13:43:00,Low,2.42,data\PDF\INDIAN RESPONSIBILITY_2026\HALDIA.pdf,9
haldia,2026-09-21 19:52:00,High,4.14,data\PDF\INDIAN RESPONSIBILITY_2026\HALDIA.pdf,9
haldia,2026-09-22 02:06:00,Low,2.26,data\PDF\INDIAN RESPONSIBILITY_2026\HALDIA.pdf,9
haldia,2026-09-22 07:55:00,High,4.71,data\PDF\INDIAN RESPONSIBILITY_2026\HALDIA.pdf,9
haldia,2026-09-22 14:56:00,Low,2.02,data\PDF\INDIAN RESPONSIBILITY_2026\HALDIA.pdf,9
haldia,2026-09-22 20:41:00,High,4.58,data\PDF\INDIAN RESPONSIBILITY_2026\HALDIA.pdf,9
haldia,2026-09-23 03:17:00,Low,1.88,data\PDF\INDIAN RESPONSIBILITY_2026\HALDIA.pdf,9
haldia,2026-09-23 08:42:00,High,5.1,data\PDF\INDIAN RESPONSIBILITY_2026\HALDIA.pdf,9
haldia,2026-09-23 15:53:00,Low,1.63,data\PDF\INDIAN RESPONSIBILITY_2026\HALDIA.pdf,9
haldia,2026-09-23 21:16:00,High,5.01,data\PDF\INDIAN RESPONSIBILITY_2026\HALDIA.pdf,9
haldia,2026-09-24 04:13:00,Low,1.54,data\PDF\INDIAN RESPONSIBILITY_2026\HALDIA.pdf,9
haldia,2026-09-24 09:17:00,High,5.45,data\PDF\INDIAN RESPONSIBILITY_2026\HALDIA.pdf,9
haldia,2026-09-24 16:40:00,Low,1.29,data\PDF\INDIAN RESPONSIBILITY_2026\HALDIA.pdf,9
haldia,2026-09-24 21:41:00,High,5.41,data\PDF\INDIAN RESPONSIBILITY_2026\HALDIA.pdf,9
haldia,2026-09-25 04:57:00,Low,1.25,data\PDF\INDIAN RESPONSIBILITY_2026\HALDIA.pdf,9
haldia,2026-09-25 09:46:00,High,5.75,data\PDF\INDIAN RESPONSIBILITY_2026\HALDIA.pdf,9
haldia,2026-09-25 17:18:00,Low,1.01,data\PDF\INDIAN RESPONSIBILITY_2026\HALDIA.pdf,9
haldia,2026-09-25 22:02:00,High,5.78,data\PDF\INDIAN RESPONSIBILITY_2026\HALDIA.pdf,9
haldia,2026-09-26 05:33:00,Low,1.02,data\PDF\INDIAN RESPONSIBILITY_2026\HALDIA.pdf,9
haldia,2026-09-26 10:11:00,High,5.98,data\PDF\INDIAN RESPONSIBILITY_2026\HALDIA.pdf,9
haldia,2026-09-26 17:50:00,Low,0.79,data\PDF\INDIAN RESPONSIBILITY_2026\HALDIA.pdf,9
haldia,2026-09-26 22:22:00,High,6.08,data\PDF\INDIAN RESPONSIBILITY_2026\HALDIA.pdf,9
haldia,2026-09-27 06:06:00,Low,0.85,data\PDF\INDIAN RESPONSIBILITY_2026\HALDIA.pdf,9
haldia,2026-09-27 10:37:00,High,6.12,data\PDF\INDIAN RESPONSIBILITY_2026\HALDIA.pdf,9
haldia,2026-09-27 18:20:00,Low,0.64,data\PDF\INDIAN RESPONSIBILITY_2026\HALDIA.pdf,9
haldia,2026-09-27 22:47:00,High,6.28,data\PDF\INDIAN RESPONSIBILITY_2026\HALDIA.pdf,9
haldia,2026-09-28 06:38:00,Low,0.76,data\PDF\INDIAN RESPONSIBILITY_2026\HALDIA.pdf,9
haldia,2026-09-28 11:07:00,High,6.15,data\PDF\INDIAN RESPONSIBILITY_2026\HALDIA.pdf,9
haldia,2026-09-28 18:51:00,Low,0.58,data\PDF\INDIAN RESPONSIBILITY_2026\HALDIA.pdf,9
haldia,2026-09-28 23:21:00,High,6.32,data\PDF\INDIAN RESPONSIBILITY_2026\HALDIA.pdf,9
haldia,2026-09-29 07:13:00,Low,0.78,data\PDF\INDIAN RESPONSIBILITY_2026\HALDIA.pdf,9
haldia,2026-09-29 11:44:00,High,6.04,data\PDF\INDIAN RESPONSIBILITY_2026\HALDIA.pdf,9
haldia,2026-09-29 19:23:00,Low,0.64,data\PDF\INDIAN RESPONSIBILITY_2026\HALDIA.pdf,9
haldia,2026-09-30 00:00:00,High,6.2,data\PDF\INDIAN RESPONSIBILITY_2026\HALDIA.pdf,9
haldia,2026-09-30 07:45:00,Low,0.92,data\PDF\INDIAN RESPONSIBILITY_2026\HALDIA.pdf,9
haldia,2026-09-30 12:25:00,High,5.79,data\PDF\INDIAN RESPONSIBILITY_2026\HALDIA.pdf,9
haldia,2026-09-30 19:55:00,Low,0.82,data\PDF\INDIAN RESPONSIBILITY_2026\HALDIA.pdf,9
