port,state,datetime_ist_as_labelled,datetime_ist,height_m
HALDIA,Low,2026-07-01 00:47:00,2026-07-01 06:17:00,1.36
HALDIA,High,2026-07-01 05:49:00,2026-07-01 11:19:00,5.62
HALDIA,Low,2026-07-01 13:06:00,2026-07-01 18:36:00,1.53
HALDIA,High,2026-07-01 18:06:00,2026-07-01 23:36:00,5.11
HALDIA,Low,2026-07-02 01:17:00,2026-07-02 06:47:00,1.35
HALDIA,High,2026-07-02 06:19:00,2026-07-02 11:49:00,5.65
HALDIA,Low,2026-07-02 13:41:00,2026-07-02 19:11:00,1.49
HALDIA,High,2026-07-02 18:38:00,2026-07-03 00:08:00,5.16
HALDIA,Low,2026-07-03 01:49:00,2026-07-03 07:19:00,1.39
HALDIA,High,2026-07-03 06:54:00,2026-07-03 12:24:00,5.62
HALDIA,Low,2026-07-03 14:19:00,2026-07-03 19:49:00,1.48
HALDIA,High,2026-07-03 19:14:00,2026-07-04 00:44:00,5.17
HALDIA,Low,2026-07-04 02:21:00,2026-07-04 07:51:00,1.47
HALDIA,High,2026-07-04 07:31:00,2026-07-04 13:01:00,5.55
HALDIA,Low,2026-07-04 14:54:00,2026-07-04 20:24:00,1.48
HALDIA,High,2026-07-04 19:52:00,2026-07-05 01:22:00,5.16
HALDIA,Low,2026-07-05 02:52:00,2026-07-05 08:22:00,1.57
HALDIA,High,2026-07-05 08:09:00,2026-07-05 13:39:00,5.45
HALDIA,Low,2026-07-05 15:27:00,2026-07-05 20:57:00,1.5
HALDIA,High,2026-07-05 20:30:00,2026-07-06 02:00:00,5.13
HALDIA,Low,2026-07-06 03:24:00,2026-07-06 08:54:00,1.69
HALDIA,High,2026-07-06 08:49:00,2026-07-06 14:19:00,5.34
HALDIA,Low,2026-07-06 15:58:00,2026-07-06 21:28:00,1.52
HALDIA,High,2026-07-06 21:14:00,2026-07-07 02:44:00,5.1
HALDIA,Low,2026-07-07 04:02:00,2026-07-07 09:32:00,1.82
HALDIA,High,2026-07-07 09:33:00,2026-07-07 15:03:00,5.2
HALDIA,Low,2026-07-07 16:35:00,2026-07-07 22:05:00,1.58
HALDIA,High,2026-07-07 22:04:00,2026-07-08 03:34:00,5.04
HALDIA,Low,2026-07-08 04:53:00,2026-07-08 10:23:00,1.96
HALDIA,High,2026-07-08 10:29:00,2026-07-08 15:59:00,5.01
HALDIA,Low,2026-07-08 17:26:00,2026-07-08 22:56:00,1.67
HALDIA,High,2026-07-08 23:11:00,2026-07-09 04:41:00,4.98
HALDIA,Low,2026-07-09 06:03:00,2026-07-09 11:33:00,2.07
HALDIA,High,2026-07-09 11:44:00,2026-07-09 17:14:00,4.83
HALDIA,Low,2026-07-09 18:39:00,2026-07-10 00:09:00,1.74
HALDIA,High,2026-07-10 00:39:00,2026-07-10 06:09:00,5.03
HALDIA,Low,2026-07-10 07:35:00,2026-07-10 13:05:00,2.05
HALDIA,High,2026-07-10 13:09:00,2026-07-10 18:39:00,4.81
HALDIA,Low,2026-07-10 20:08:00,2026-07-11 01:38:00,1.69
HALDIA,High,2026-07-11 01:55:00,2026-07-11 07:25:00,5.26
HALDIA,Low,2026-07-11 09:08:00,2026-07-11 14:38:00,1.86
HALDIA,High,2026-07-11 14:23:00,2026-07-11 19:53:00,4.96
HALDIA,Low,2026-07-11 21:36:00,2026-07-12 03:06:00,1.51
HALDIA,High,2026-07-12 03:00:00,2026-07-12 08:30:00,5.58
HALDIA,Low,2026-07-12 10:30:00,2026-07-12 16:00:00,1.58
HALDIA,High,2026-07-12 15:27:00,2026-07-12 20:57:00,5.2
HALDIA,Low,2026-07-12 22:51:00,2026-07-13 04:21:00,1.26
HALDIA,High,2026-07-13 03:54:00,2026-07-13 09:24:00,5.92
HALDIA,Low,2026-07-13 11:34:00,2026-07-13 17:04:00,1.3
HALDIA,High,2026-07-13 16:21:00,2026-07-13 21:51:00,5.48
HALDIA,Low,2026-07-13 23:54:00,2026-07-14 05:24:00,1.04
HALDIA,High,2026-07-14 04:41:00,2026-07-14 10:11:00,6.19
HALDIA,Low,2026-07-14 12:28:00,2026-07-14 17:58:00,1.09
HALDIA,High,2026-07-14 17:09:00,2026-07-14 22:39:00,5.71
HALDIA,Low,2026-07-15 00:47:00,2026-07-15 06:17:00,0.92
HALDIA,High,2026-07-15 05:27:00,2026-07-15 10:57:00,6.33
HALDIA,Low,2026-07-15 13:16:00,2026-07-15 18:46:00,0.98
HALDIA,High,2026-07-15 17:56:00,2026-07-15 23:26:00,5.83
HALDIA,Low,2026-07-16 01:31:00,2026-07-16 07:01:00,0.92
HALDIA,High,2026-07-16 06:12:00,2026-07-16 11:42:00,6.31
HALDIA,Low,2026-07-16 13:59:00,2026-07-16 19:29:00,0.98
HALDIA,High,2026-07-16 18:41:00,2026-07-17 00:11:00,5.82
HALDIA,Low,2026-07-17 02:12:00,2026-07-17 07:42:00,1.04
HALDIA,High,2026-07-17 06:58:00,2026-07-17 12:28:00,6.13
HALDIA,Low,2026-07-17 14:39:00,2026-07-17 20:09:00,1.08
HALDIA,High,2026-07-17 19:26:00,2026-07-18 00:56:00,5.7
HALDIA,Low,2026-07-18 02:47:00,2026-07-18 08:17:00,1.24
HALDIA,High,2026-07-18 07:42:00,2026-07-18 13:12:00,5.85
HALDIA,Low,2026-07-18 15:13:00,2026-07-18 20:43:00,1.24
HALDIA,High,2026-07-18 20:08:00,2026-07-19 01:38:00,5.51
HALDIA,Low,2026-07-19 03:16:00,2026-07-19 08:46:00,1.47
HALDIA,High,2026-07-19 08:24:00,2026-07-19 13:54:00,5.54
HALDIA,Low,2026-07-19 15:39:00,2026-07-19 21:09:00,1.42
HALDIA,High,2026-07-19 20:46:00,2026-07-20 02:16:00,5.29
HALDIA,Low,2026-07-20 03:41:00,2026-07-20 09:11:00,1.71
HALDIA,High,2026-07-20 09:01:00,2026-07-20 14:31:00,5.22
HALDIA,Low,2026-07-20 16:02:00,2026-07-20 21:32:00,1.6
HALDIA,High,2026-07-20 21:22:00,2026-07-21 02:52:00,5.07
HALDIA,Low,2026-07-21 04:06:00,2026-07-21 09:36:00,1.96
HALDIA,High,2026-07-21 09:36:00,2026-07-21 15:06:00,4.91
HALDIA,Low,2026-07-21 16:27:00,2026-07-21 21:57:00,1.81
HALDIA,High,2026-07-21 22:03:00,2026-07-22 03:33:00,4.83
HALDIA,Low,2026-07-22 04:42:00,2026-07-22 10:12:00,2.23
HALDIA,High,2026-07-22 10:22:00,2026-07-22 15:52:00,4.59
HALDIA,Low,2026-07-22 17:07:00,2026-07-22 22:37:00,2.06
HALDIA,High,2026-07-22 23:10:00,2026-07-23 04:40:00,4.6
HALDIA,Low,2026-07-23 05:51:00,2026-07-23 11:21:00,2.46
HALDIA,High,2026-07-23 11:37:00,2026-07-23 17:07:00,4.32
HALDIA,Low,2026-07-23 18:28:00,2026-07-23 23:58:00,2.25
HALDIA,High,2026-07-24 00:52:00,2026-07-24 06:22:00,4.54
HALDIA,Low,2026-07-24 07:41:00,2026-07-24 13:11:00,2.49
HALDIA,High,2026-07-24 13:32:00,2026-07-24 19:02:00,4.26
HALDIA,Low,2026-07-24 20:11:00,2026-07-25 01:41:00,2.22
HALDIA,High,2026-07-25 02:26:00,2026-07-25 07:56:00,4.73
HALDIA,Low,2026-07-25 09:15:00,2026-07-25 14:45:00,2.29
HALDIA,High,2026-07-25 15:01:00,2026-07-25 20:31:00,4.43
HALDIA,Low,2026-07-25 21:34:00,2026-07-26 03:04:00,2.02
HALDIA,High,2026-07-26 03:23:00,2026-07-26 08:53:00,5.01
HALDIA,Low,2026-07-26 10:23:00,2026-07-26 15:53:00,2.03
HALDIA,High,2026-07-26 15:53:00,2026-07-26 21:23:00,4.66
HALDIA,Low,2026-07-26 22:38:00,2026-07-27 04:08:00,1.77
HALDIA,High,2026-07-27 04:07:00,2026-07-27 09:37:00,5.28
HALDIA,Low,2026-07-27 11:13:00,2026-07-27 16:43:00,1.78
HALDIA,High,2026-07-27 16:30:00,2026-07-27 22:00:00,4.88
HALDIA,Low,2026-07-27 23:28:00,2026-07-28 04:58:00,1.56
HALDIA,High,2026-07-28 04:41:00,2026-07-28 10:11:00,5.52
HALDIA,Low,2026-07-28 11:52:00,2026-07-28 17:22:00,1.57
HALDIA,High,2026-07-28 16:58:00,2026-07-28 22:28:00,5.08
HALDIA,Low,2026-07-29 00:06:00,2026-07-29 05:36:00,1.39
HALDIA,High,2026-07-29 05:07:00,2026-07-29 10:37:00,5.72
HALDIA,Low,2026-07-29 12:26:00,2026-07-29 17:56:00,1.41
HALDIA,High,2026-07-29 17:22:00,2026-07-29 22:52:00,5.27
HALDIA,Low,2026-07-30 00:39:00,2026-07-30 06:09:00,1.27
HALDIA,High,2026-07-30 05:29:00,2026-07-30 10:59:00,5.88
HALDIA,Low,2026-07-30 12:56:00,2026-07-30 18:26:00,1.27
HALDIA,High,2026-07-30 17:45:00,2026-07-30 23:15:00,5.45
HALDIA,Low,2026-07-31 01:08:00,2026-07-31 06:38:00,1.18
HALDIA,High,2026-07-31 05:54:00,2026-07-31 11:24:00,5.97
HALDIA,Low,2026-07-31 13:29:00,2026-07-31 18:59:00,1.17
HALDIA,High,2026-07-31 18:13:00,2026-07-31 23:43:00,5.58
HALDIA,Low,2026-08-01 01:40:00,2026-08-01 07:10:00,1.15
HALDIA,High,2026-08-01 06:24:00,2026-08-01 11:54:00,5.97
HALDIA,Low,2026-08-01 14:04:00,2026-08-01 19:34:00,1.12
HALDIA,High,2026-08-01 18:47:00,2026-08-02 00:17:00,5.65
HALDIA,Low,2026-08-02 02:13:00,2026-08-02 07:43:00,1.17
HALDIA,High,2026-08-02 07:01:00,2026-08-02 12:31:00,5.88
HALDIA,Low,2026-08-02 14:37:00,2026-08-02 20:07:00,1.11
HALDIA,High,2026-08-02 19:22:00,2026-08-03 00:52:00,5.65
HALDIA,Low,2026-08-03 02:43:00,2026-08-03 08:13:00,1.26
HALDIA,High,2026-08-03 07:38:00,2026-08-03 13:08:00,5.73
HALDIA,Low,2026-08-03 15:06:00,2026-08-03 20:36:00,1.15
HALDIA,High,2026-08-03 20:00:00,2026-08-04 01:30:00,5.59
HALDIA,Low,2026-08-04 03:10:00,2026-08-04 08:40:00,1.4
HALDIA,High,2026-08-04 08:17:00,2026-08-04 13:47:00,5.55
HALDIA,Low,2026-08-04 15:32:00,2026-08-04 21:02:00,1.24
HALDIA,High,2026-08-04 20:38:00,2026-08-05 02:08:00,5.48
HALDIA,Low,2026-08-05 03:38:00,2026-08-05 09:08:00,1.6
HALDIA,High,2026-08-05 08:57:00,2026-08-05 14:27:00,5.31
HALDIA,Low,2026-08-05 16:01:00,2026-08-05 21:31:00,1.4
HALDIA,High,2026-08-05 21:20:00,2026-08-06 02:50:00,5.28
HALDIA,Low,2026-08-06 04:18:00,2026-08-06 09:48:00,1.85
HALDIA,High,2026-08-06 09:46:00,2026-08-06 15:16:00,5.01
HALDIA,Low,2026-08-06 16:44:00,2026-08-06 22:14:00,1.64
HALDIA,High,2026-08-06 22:21:00,2026-08-07 03:51:00,5.01
HALDIA,Low,2026-08-07 05:21:00,2026-08-07 10:51:00,2.11
HALDIA,High,2026-08-07 11:01:00,2026-08-07 16:31:00,4.67
HALDIA,Low,2026-08-07 17:59:00,2026-08-07 23:29:00,1.88
HALDIA,High,2026-08-08 00:10:00,2026-08-08 05:40:00,4.86
HALDIA,Low,2026-08-08 07:12:00,2026-08-08 12:42:00,2.21
HALDIA,High,2026-08-08 12:56:00,2026-08-08 18:26:00,4.57
HALDIA,Low,2026-08-08 19:53:00,2026-08-09 01:23:00,1.9
HALDIA,High,2026-08-09 01:49:00,2026-08-09 07:19:00,5.06
HALDIA,Low,2026-08-09 09:08:00,2026-08-09 14:38:00,1.95
HALDIA,High,2026-08-09 14:29:00,2026-08-09 19:59:00,4.8
HALDIA,Low,2026-08-09 21:34:00,2026-08-10 03:04:00,1.64
HALDIA,High,2026-08-10 03:03:00,2026-08-10 08:33:00,5.46
HALDIA,Low,2026-08-10 10:35:00,2026-08-10 16:05:00,1.55
HALDIA,High,2026-08-10 15:35:00,2026-08-10 21:05:00,5.19
HALDIA,Low,2026-08-10 22:53:00,2026-08-11 04:23:00,1.29
HALDIA,High,2026-08-11 03:56:00,2026-08-11 09:26:00,5.87
HALDIA,Low,2026-08-11 11:37:00,2026-08-11 17:07:00,1.16
HALDIA,High,2026-08-11 16:24:00,2026-08-11 21:54:00,5.58
HALDIA,Low,2026-08-11 23:55:00,2026-08-12 05:25:00,1.0
HALDIA,High,2026-08-12 04:40:00,2026-08-12 10:10:00,6.21
HALDIA,Low,2026-08-12 12:26:00,2026-08-12 17:56:00,0.87
HALDIA,High,2026-08-12 17:04:00,2026-08-12 22:34:00,5.89
HALDIA,Low,2026-08-13 00:43:00,2026-08-13 06:13:00,0.82
HALDIA,High,2026-08-13 05:17:00,2026-08-13 10:47:00,6.39
HALDIA,Low,2026-08-13 13:05:00,2026-08-13 18:35:00,0.74
HALDIA,High,2026-08-13 17:39:00,2026-08-13 23:09:00,6.07
HALDIA,Low,2026-08-14 01:21:00,2026-08-14 06:51:00,0.8
HALDIA,High,2026-08-14 05:52:00,2026-08-14 11:22:00,6.39
HALDIA,Low,2026-08-14 13:40:00,2026-08-14 19:10:00,0.75
HALDIA,High,2026-08-14 18:14:00,2026-08-14 23:44:00,6.09
HALDIA,Low,2026-08-15 01:54:00,2026-08-15 07:24:00,0.9
HALDIA,High,2026-08-15 06:30:00,2026-08-15 12:00:00,6.22
HALDIA,Low,2026-08-15 14:11:00,2026-08-15 19:41:00,0.88
HALDIA,High,2026-08-15 18:50:00,2026-08-16 00:20:00,5.97
HALDIA,Low,2026-08-16 02:24:00,2026-08-16 07:54:00,1.09
HALDIA,High,2026-08-16 07:06:00,2026-08-16 12:36:00,5.94
HALDIA,Low,2026-08-16 14:36:00,2026-08-16 20:06:00,1.06
HALDIA,High,2026-08-16 19:27:00,2026-08-17 00:57:00,5.78
HALDIA,Low,2026-08-17 02:46:00,2026-08-17 08:16:00,1.3
HALDIA,High,2026-08-17 07:40:00,2026-08-17 13:10:00,5.62
HALDIA,Low,2026-08-17 14:57:00,2026-08-17 20:27:00,1.24
HALDIA,High,2026-08-17 19:59:00,2026-08-18 01:29:00,5.55
HALDIA,Low,2026-08-18 03:04:00,2026-08-18 08:34:00,1.52
HALDIA,High,2026-08-18 08:11:00,2026-08-18 13:41:00,5.3
HALDIA,Low,2026-08-18 15:15:00,2026-08-18 20:45:00,1.43
HALDIA,High,2026-08-18 20:29:00,2026-08-19 01:59:00,5.27
HALDIA,Low,2026-08-19 03:21:00,2026-08-19 08:51:00,1.77
HALDIA,High,2026-08-19 08:40:00,2026-08-19 14:10:00,4.96
HALDIA,Low,2026-08-19 15:31:00,2026-08-19 21:01:00,1.69
HALDIA,High,2026-08-19 21:00:00,2026-08-20 02:30:00,4.94
HALDIA,Low,2026-08-20 03:44:00,2026-08-20 09:14:00,2.09
HALDIA,High,2026-08-20 09:12:00,2026-08-20 14:42:00,4.59
HALDIA,Low,2026-08-20 15:57:00,2026-08-20 21:27:00,2.01
HALDIA,High,2026-08-20 21:44:00,2026-08-21 03:14:00,4.57
HALDIA,Low,2026-08-21 04:30:00,2026-08-21 10:00:00,2.45
HALDIA,High,2026-08-21 10:03:00,2026-08-21 15:33:00,4.21
HALDIA,Low,2026-08-21 17:01:00,2026-08-21 22:31:00,2.35
HALDIA,High,2026-08-21 23:53:00,2026-08-22 05:23:00,4.31
HALDIA,Low,2026-08-22 06:43:00,2026-08-22 12:13:00,2.64
HALDIA,High,2026-08-22 12:48:00,2026-08-22 18:18:00,4.01
HALDIA,Low,2026-08-22 19:31:00,2026-08-23 01:01:00,2.41
HALDIA,High,2026-08-23 02:04:00,2026-08-23 07:34:00,4.52
HALDIA,Low,2026-08-23 08:54:00,2026-08-23 14:24:00,2.38
HALDIA,High,2026-08-23 14:53:00,2026-08-23 20:23:00,4.29
HALDIA,Low,2026-08-23 21:12:00,2026-08-24 02:42:00,2.13
HALDIA,High,2026-08-24 03:03:00,2026-08-24 08:33:00,4.88
HALDIA,Low,2026-08-24 10:03:00,2026-08-24 15:33:00,2.02
HALDIA,High,2026-08-24 15:39:00,2026-08-24 21:09:00,4.64
HALDIA,Low,2026-08-24 22:18:00,2026-08-25 03:48:00,1.8
HALDIA,High,2026-08-25 03:46:00,2026-08-25 09:16:00,5.25
HALDIA,Low,2026-08-25 10:55:00,2026-08-25 16:25:00,1.67
HALDIA,High,2026-08-25 16:13:00,2026-08-25 21:43:00,4.97
HALDIA,Low,2026-08-25 23:10:00,2026-08-26 04:40:00,1.51
HALDIA,High,2026-08-26 04:19:00,2026-08-26 09:49:00,5.57
HALDIA,Low,2026-08-26 11:38:00,2026-08-26 17:08:00,1.39
HALDIA,High,2026-08-26 16:38:00,2026-08-26 22:08:00,5.28
HALDIA,Low,2026-08-26 23:51:00,2026-08-27 05:21:00,1.28
HALDIA,High,2026-08-27 04:44:00,2026-08-27 10:14:00,5.83
HALDIA,Low,2026-08-27 12:12:00,2026-08-27 17:42:00,1.16
HALDIA,High,2026-08-27 16:59:00,2026-08-27 22:29:00,5.57
HALDIA,Low,2026-08-28 00:24:00,2026-08-28 05:54:00,1.1
HALDIA,High,2026-08-28 05:06:00,2026-08-28 10:36:00,6.04
HALDIA,Low,2026-08-28 12:42:00,2026-08-28 18:12:00,0.97
HALDIA,High,2026-08-28 17:18:00,2026-08-28 22:48:00,5.83
HALDIA,Low,2026-08-29 00:54:00,2026-08-29 06:24:00,0.96
HALDIA,High,2026-08-29 05:28:00,2026-08-29 10:58:00,6.16
HALDIA,Low,2026-08-29 13:12:00,2026-08-29 18:42:00,0.83
HALDIA,High,2026-08-29 17:44:00,2026-08-29 23:14:00,6.01
HALDIA,Low,2026-08-30 01:26:00,2026-08-30 06:56:00,0.88
HALDIA,High,2026-08-30 05:58:00,2026-08-30 11:28:00,6.17
HALDIA,Low,2026-08-30 13:43:00,2026-08-30 19:13:00,0.77
HALDIA,High,2026-08-30 18:16:00,2026-08-30 23:46:00,6.08
HALDIA,Low,2026-08-31 01:59:00,2026-08-31 07:29:00,0.9
HALDIA,High,2026-08-31 06:32:00,2026-08-31 12:02:00,6.06
HALDIA,Low,2026-08-31 14:15:00,2026-08-31 19:45:00,0.79
HALDIA,High,2026-08-31 18:53:00,2026-09-01 00:23:00,6.04
HALDIA,Low,2026-09-01 02:28:00,2026-09-01 07:58:00,1.01
HALDIA,High,2026-09-01 07:12:00,2026-09-01 12:42:00,5.85
HALDIA,Low,2026-09-01 14:43:00,2026-09-01 20:13:00,0.9
HALDIA,High,2026-09-01 19:31:00,2026-09-02 01:01:00,5.88
HALDIA,Low,2026-09-02 02:55:00,2026-09-02 08:25:00,1.21
HALDIA,High,2026-09-02 07:50:00,2026-09-02 13:20:00,5.58
HALDIA,Low,2026-09-02 15:09:00,2026-09-02 20:39:00,1.09
HALDIA,High,2026-09-02 20:11:00,2026-09-03 01:41:00,5.63
HALDIA,Low,2026-09-03 03:21:00,2026-09-03 08:51:00,1.49
HALDIA,High,2026-09-03 08:32:00,2026-09-03 14:02:00,5.24
HALDIA,Low,2026-09-03 15:36:00,2026-09-03 21:06:00,1.37
HALDIA,High,2026-09-03 20:53:00,2026-09-04 02:23:00,5.29
HALDIA,Low,2026-09-04 03:57:00,2026-09-04 09:27:00,1.84
HALDIA,High,2026-09-04 09:21:00,2026-09-04 14:51:00,4.83
HALDIA,Low,2026-09-04 16:20:00,2026-09-04 21:50:00,1.74
HALDIA,High,2026-09-04 21:54:00,2026-09-05 03:24:00,4.87
HALDIA,Low,2026-09-05 05:04:00,2026-09-05 10:34:00,2.2
HALDIA,High,2026-09-05 10:51:00,2026-09-05 16:21:00,4.41
HALDIA,Low,2026-09-05 17:44:00,2026-09-05 23:14:00,2.08
HALDIA,High,2026-09-06 00:10:00,2026-09-06 05:40:00,4.66
HALDIA,Low,2026-09-06 07:26:00,2026-09-06 12:56:00,2.24
HALDIA,High,2026-09-06 13:11:00,2026-09-06 18:41:00,4.4
HALDIA,Low,2026-09-06 20:01:00,2026-09-07 01:31:00,2.03
HALDIA,High,2026-09-07 01:59:00,2026-09-07 07:29:00,4.95
HALDIA,Low,2026-09-07 09:18:00,2026-09-07 14:48:00,1.85
HALDIA,High,2026-09-07 14:48:00,2026-09-07 20:18:00,4.8
HALDIA,Low,2026-09-07 21:42:00,2026-09-08 03:12:00,1.66
HALDIA,High,2026-09-08 03:07:00,2026-09-08 08:37:00,5.4
HALDIA,Low,2026-09-08 10:33:00,2026-09-08 16:03:00,1.38
HALDIA,High,2026-09-08 15:43:00,2026-09-08 21:13:00,5.29
HALDIA,Low,2026-09-08 22:55:00,2026-09-09 04:25:00,1.26
HALDIA,High,2026-09-09 03:53:00,2026-09-09 09:23:00,5.8
HALDIA,Low,2026-09-09 11:31:00,2026-09-09 17:01:00,0.99
HALDIA,High,2026-09-09 16:20:00,2026-09-09 21:50:00,5.71
HALDIA,Low,2026-09-09 23:48:00,2026-09-10 05:18:00,0.96
HALDIA,High,2026-09-10 04:31:00,2026-09-10 10:01:00,6.09
HALDIA,Low,2026-09-10 12:14:00,2026-09-10 17:44:00,0.75
HALDIA,High,2026-09-10 16:51:00,2026-09-10 22:21:00,6.01
HALDIA,Low,2026-09-11 00:30:00,2026-09-11 06:00:00,0.81
HALDIA,High,2026-09-11 05:02:00,2026-09-11 10:32:00,6.23
HALDIA,Low,2026-09-11 12:48:00,2026-09-11 18:18:00,0.65
HALDIA,High,2026-09-11 17:18:00,2026-09-11 22:48:00,6.17
HALDIA,Low,2026-09-12 01:02:00,2026-09-12 06:32:00,0.79
HALDIA,High,2026-09-12 05:32:00,2026-09-12 11:02:00,6.21
HALDIA,Low,2026-09-12 13:14:00,2026-09-12 18:44:00,0.69
HALDIA,High,2026-09-12 17:45:00,2026-09-12 23:15:00,6.18
HALDIA,Low,2026-09-13 01:29:00,2026-09-13 06:59:00,0.88
HALDIA,High,2026-09-13 06:03:00,2026-09-13 11:33:00,6.06
HALDIA,Low,2026-09-13 13:38:00,2026-09-13 19:08:00,0.81
HALDIA,High,2026-09-13 18:17:00,2026-09-13 23:47:00,6.07
HALDIA,Low,2026-09-14 01:55:00,2026-09-14 07:25:00,1.03
HALDIA,High,2026-09-14 06:35:00,2026-09-14 12:05:00,5.83
HALDIA,Low,2026-09-14 14:00:00,2026-09-14 19:30:00,0.97
HALDIA,High,2026-09-14 18:49:00,2026-09-15 00:19:00,5.88
HALDIA,Low,2026-09-15 02:17:00,2026-09-15 07:47:00,1.21
HALDIA,High,2026-09-15 07:07:00,2026-09-15 12:37:00,5.55
HALDIA,Low,2026-09-15 14:20:00,2026-09-15 19:50:00,1.14
HALDIA,High,2026-09-15 19:22:00,2026-09-16 00:52:00,5.63
HALDIA,Low,2026-09-16 02:34:00,2026-09-16 08:04:00,1.41
HALDIA,High,2026-09-16 07:35:00,2026-09-16 13:05:00,5.25
HALDIA,Low,2026-09-16 14:38:00,2026-09-16 20:08:00,1.35
HALDIA,High,2026-09-16 19:52:00,2026-09-17 01:22:00,5.33
HALDIA,Low,2026-09-17 02:50:00,2026-09-17 08:20:00,1.66
HALDIA,High,2026-09-17 08:02:00,2026-09-17 13:32:00,4.93
HALDIA,Low,2026-09-17 14:52:00,2026-09-17 20:22:00,1.62
HALDIA,High,2026-09-17 20:20:00,2026-09-18 01:50:00,4.98
HALDIA,Low,2026-09-18 03:07:00,2026-09-18 08:37:00,1.98
HALDIA,High,2026-09-18 08:30:00,2026-09-18 14:00:00,4.57
HALDIA,Low,2026-09-18 15:10:00,2026-09-18 20:40:00,1.96
HALDIA,High,2026-09-18 20:54:00,2026-09-19 02:24:00,4.6
HALDIA,Low,2026-09-19 03:41:00,2026-09-19 09:11:00,2.35
HALDIA,High,2026-09-19 09:09:00,2026-09-19 14:39:00,4.19
HALDIA,Low,2026-09-19 15:53:00,2026-09-19 21:23:00,2.34
HALDIA,High,2026-09-19 22:12:00,2026-09-20 03:42:00,4.23
HALDIA,Low,2026-09-20 05:16:00,2026-09-20 10:46:00,2.63
HALDIA,High,2026-09-20 11:20:00,2026-09-20 16:50:00,3.87
HALDIA,Low,2026-09-20 18:28:00,2026-09-20 23:58:00,2.55
HALDIA,High,2026-09-21 01:15:00,2026-09-21 06:45:00,4.33
HALDIA,Low,2026-09-21 08:13:00,2026-09-21 13:43:00,2.42
HALDIA,High,2026-09-21 14:22:00,2026-09-21 19:52:00,4.14
HALDIA,Low,2026-09-21 20:36:00,2026-09-22 02:06:00,2.26
HALDIA,High,2026-09-22 02:25:00,2026-09-22 07:55:00,4.71
HALDIA,Low,2026-09-22 09:26:00,2026-09-22 14:56:00,2.02
HALDIA,High,2026-09-22 15:11:00,2026-09-22 20:41:00,4.58
HALDIA,Low,2026-09-22 21:47:00,2026-09-23 03:17:00,1.88
HALDIA,High,2026-09-23 03:12:00,2026-09-23 08:42:00,5.1
HALDIA,Low,2026-09-23 10:23:00,2026-09-23 15:53:00,1.63
HALDIA,High,2026-09-23 15:46:00,2026-09-23 21:16:00,5.01
HALDIA,Low,2026-09-23 22:43:00,2026-09-24 04:13:00,1.54
HALDIA,High,2026-09-24 03:47:00,2026-09-24 09:17:00,5.45
HALDIA,Low,2026-09-24 11:10:00,2026-09-24 16:40:00,1.29
HALDIA,High,2026-09-24 16:11:00,2026-09-24 21:41:00,5.41
HALDIA,Low,2026-09-24 23:27:00,2026-09-25 04:57:00,1.25
HALDIA,High,2026-09-25 04:16:00,2026-09-25 09:46:00,5.75
HALDIA,Low,2026-09-25 11:48:00,2026-09-25 17:18:00,1.01
HALDIA,High,2026-09-25 16:32:00,2026-09-25 22:02:00,5.78
HALDIA,Low,2026-09-26 00:03:00,2026-09-26 05:33:00,1.02
HALDIA,High,2026-09-26 04:41:00,2026-09-26 10:11:00,5.98
HALDIA,Low,2026-09-26 12:20:00,2026-09-26 17:50:00,0.79
HALDIA,High,2026-09-26 16:52:00,2026-09-26 22:22:00,6.08
HALDIA,Low,2026-09-27 00:36:00,2026-09-27 06:06:00,0.85
HALDIA,High,2026-09-27 05:07:00,2026-09-27 10:37:00,6.12
HALDIA,Low,2026-09-27 12:50:00,2026-09-27 18:20:00,0.64
HALDIA,High,2026-09-27 17:17:00,2026-09-27 22:47:00,6.28
HALDIA,Low,2026-09-28 01:08:00,2026-09-28 06:38:00,0.76
HALDIA,High,2026-09-28 05:37:00,2026-09-28 11:07:00,6.15
HALDIA,Low,2026-09-28 13:21:00,2026-09-28 18:51:00,0.58
HALDIA,High,2026-09-28 17:51:00,2026-09-28 23:21:00,6.32
HALDIA,Low,2026-09-29 01:43:00,2026-09-29 07:13:00,0.78
HALDIA,High,2026-09-29 06:14:00,2026-09-29 11:44:00,6.04
HALDIA,Low,2026-09-29 13:53:00,2026-09-29 19:23:00,0.64
HALDIA,High,2026-09-29 18:30:00,2026-09-30 00:00:00,6.2
HALDIA,Low,2026-09-30 02:15:00,2026-09-30 07:45:00,0.92
HALDIA,High,2026-09-30 06:55:00,2026-09-30 12:25:00,5.79
HALDIA,Low,2026-09-30 14:25:00,2026-09-30 19:55:00,0.82
DIAMOND HARBOUR,Low,2026-07-01 01:44:00,2026-07-01 07:14:00,1.43
DIAMOND HARBOUR,High,2026-07-01 06:21:00,2026-07-01 11:51:00,5.82
DIAMOND HARBOUR,Low,2026-07-01 14:04:00,2026-07-01 19:34:00,1.57
DIAMOND HARBOUR,High,2026-07-01 18:42:00,2026-07-02 00:12:00,5.32
DIAMOND HARBOUR,Low,2026-07-02 02:15:00,2026-07-02 07:45:00,1.43
DIAMOND HARBOUR,High,2026-07-02 06:49:00,2026-07-02 12:19:00,5.84
DIAMOND HARBOUR,Low,2026-07-02 14:38:00,2026-07-02 20:08:00,1.55
DIAMOND HARBOUR,High,2026-07-02 19:12:00,2026-07-03 00:42:00,5.36
DIAMOND HARBOUR,Low,2026-07-03 02:48:00,2026-07-03 08:18:00,1.47
DIAMOND HARBOUR,High,2026-07-03 07:23:00,2026-07-03 12:53:00,5.8
DIAMOND HARBOUR,Low,2026-07-03 15:14:00,2026-07-03 20:44:00,1.54
DIAMOND HARBOUR,High,2026-07-03 19:47:00,2026-07-04 01:17:00,5.36
DIAMOND HARBOUR,Low,2026-07-04 03:21:00,2026-07-04 08:51:00,1.55
DIAMOND HARBOUR,High,2026-07-04 07:59:00,2026-07-04 13:29:00,5.71
DIAMOND HARBOUR,Low,2026-07-04 15:50:00,2026-07-04 21:20:00,1.56
DIAMOND HARBOUR,High,2026-07-04 20:24:00,2026-07-05 01:54:00,5.33
DIAMOND HARBOUR,Low,2026-07-05 03:53:00,2026-07-05 09:23:00,1.65
DIAMOND HARBOUR,High,2026-07-05 08:37:00,2026-07-05 14:07:00,5.61
DIAMOND HARBOUR,Low,2026-07-05 16:25:00,2026-07-05 21:55:00,1.58
DIAMOND HARBOUR,High,2026-07-05 21:03:00,2026-07-06 02:33:00,5.3
DIAMOND HARBOUR,Low,2026-07-06 04:26:00,2026-07-06 09:56:00,1.76
DIAMOND HARBOUR,High,2026-07-06 09:17:00,2026-07-06 14:47:00,5.49
DIAMOND HARBOUR,Low,2026-07-06 16:58:00,2026-07-06 22:28:00,1.61
DIAMOND HARBOUR,High,2026-07-06 21:46:00,2026-07-07 03:16:00,5.26
DIAMOND HARBOUR,Low,2026-07-07 05:04:00,2026-07-07 10:34:00,1.88
DIAMOND HARBOUR,High,2026-07-07 10:02:00,2026-07-07 15:32:00,5.35
DIAMOND HARBOUR,Low,2026-07-07 17:36:00,2026-07-07 23:06:00,1.66
DIAMOND HARBOUR,High,2026-07-07 22:36:00,2026-07-08 04:06:00,5.19
DIAMOND HARBOUR,Low,2026-07-08 05:52:00,2026-07-08 11:22:00,2.01
DIAMOND HARBOUR,High,2026-07-08 10:57:00,2026-07-08 16:27:00,5.16
DIAMOND HARBOUR,Low,2026-07-08 18:25:00,2026-07-08 23:55:00,1.74
DIAMOND HARBOUR,High,2026-07-08 23:43:00,2026-07-09 05:13:00,5.12
DIAMOND HARBOUR,Low,2026-07-09 06:58:00,2026-07-09 12:28:00,2.11
DIAMOND HARBOUR,High,2026-07-09 12:13:00,2026-07-09 17:43:00,4.98
DIAMOND HARBOUR,Low,2026-07-09 19:36:00,2026-07-10 01:06:00,1.8
DIAMOND HARBOUR,High,2026-07-10 01:09:00,2026-07-10 06:39:00,5.17
DIAMOND HARBOUR,Low,2026-07-10 08:26:00,2026-07-10 13:56:00,2.08
DIAMOND HARBOUR,High,2026-07-10 13:38:00,2026-07-10 19:08:00,4.96
DIAMOND HARBOUR,Low,2026-07-10 21:03:00,2026-07-11 02:33:00,1.75
DIAMOND HARBOUR,High,2026-07-11 02:24:00,2026-07-11 07:54:00,5.39
DIAMOND HARBOUR,Low,2026-07-11 09:59:00,2026-07-11 15:29:00,1.89
DIAMOND HARBOUR,High,2026-07-11 14:53:00,2026-07-11 20:23:00,5.1
DIAMOND HARBOUR,Low,2026-07-11 22:30:00,2026-07-12 04:00:00,1.57
DIAMOND HARBOUR,High,2026-07-12 03:27:00,2026-07-12 08:57:00,5.71
DIAMOND HARBOUR,Low,2026-07-12 11:23:00,2026-07-12 16:53:00,1.62
DIAMOND HARBOUR,High,2026-07-12 15:57:00,2026-07-12 21:27:00,5.36
DIAMOND HARBOUR,Low,2026-07-12 23:46:00,2026-07-13 05:16:00,1.34
DIAMOND HARBOUR,High,2026-07-13 04:20:00,2026-07-13 09:50:00,6.06
DIAMOND HARBOUR,Low,2026-07-13 12:31:00,2026-07-13 18:01:00,1.36
DIAMOND HARBOUR,High,2026-07-13 16:51:00,2026-07-13 22:21:00,5.65
DIAMOND HARBOUR,Low,2026-07-14 00:53:00,2026-07-14 06:23:00,1.14
DIAMOND HARBOUR,High,2026-07-14 05:06:00,2026-07-14 10:36:00,6.34
DIAMOND HARBOUR,Low,2026-07-14 13:29:00,2026-07-14 18:59:00,1.16
DIAMOND HARBOUR,High,2026-07-14 17:38:00,2026-07-14 23:08:00,5.9
DIAMOND HARBOUR,Low,2026-07-15 01:48:00,2026-07-15 07:18:00,1.03
DIAMOND HARBOUR,High,2026-07-15 05:50:00,2026-07-15 11:20:00,6.5
DIAMOND HARBOUR,Low,2026-07-15 14:20:00,2026-07-15 19:50:00,1.05
DIAMOND HARBOUR,High,2026-07-15 18:23:00,2026-07-15 23:53:00,6.03
DIAMOND HARBOUR,Low,2026-07-16 02:35:00,2026-07-16 08:05:00,1.03
DIAMOND HARBOUR,High,2026-07-16 06:33:00,2026-07-16 12:03:00,6.49
DIAMOND HARBOUR,Low,2026-07-16 15:03:00,2026-07-16 20:33:00,1.07
DIAMOND HARBOUR,High,2026-07-16 19:07:00,2026-07-17 00:37:00,6.02
DIAMOND HARBOUR,Low,2026-07-17 03:17:00,2026-07-17 08:47:00,1.14
DIAMOND HARBOUR,High,2026-07-17 07:19:00,2026-07-17 12:49:00,6.31
DIAMOND HARBOUR,Low,2026-07-17 15:42:00,2026-07-17 21:12:00,1.16
DIAMOND HARBOUR,High,2026-07-17 19:52:00,2026-07-18 01:22:00,5.89
DIAMOND HARBOUR,Low,2026-07-18 03:50:00,2026-07-18 09:20:00,1.33
DIAMOND HARBOUR,High,2026-07-18 08:05:00,2026-07-18 13:35:00,6.04
DIAMOND HARBOUR,Low,2026-07-18 16:14:00,2026-07-18 21:44:00,1.33
DIAMOND HARBOUR,High,2026-07-18 20:35:00,2026-07-19 02:05:00,5.69
DIAMOND HARBOUR,Low,2026-07-19 04:18:00,2026-07-19 09:48:00,1.55
DIAMOND HARBOUR,High,2026-07-19 08:49:00,2026-07-19 14:19:00,5.72
DIAMOND HARBOUR,Low,2026-07-19 16:39:00,2026-07-19 22:09:00,1.5
DIAMOND HARBOUR,High,2026-07-19 21:16:00,2026-07-20 02:46:00,5.47
DIAMOND HARBOUR,Low,2026-07-20 04:43:00,2026-07-20 10:13:00,1.77
DIAMOND HARBOUR,High,2026-07-20 09:29:00,2026-07-20 14:59:00,5.41
DIAMOND HARBOUR,Low,2026-07-20 17:02:00,2026-07-20 22:32:00,1.67
DIAMOND HARBOUR,High,2026-07-20 21:55:00,2026-07-21 03:25:00,5.24
DIAMOND HARBOUR,Low,2026-07-21 05:06:00,2026-07-21 10:36:00,1.99
DIAMOND HARBOUR,High,2026-07-21 10:06:00,2026-07-21 15:36:00,5.1
DIAMOND HARBOUR,Low,2026-07-21 17:26:00,2026-07-21 22:56:00,1.87
DIAMOND HARBOUR,High,2026-07-21 22:38:00,2026-07-22 04:08:00,4.99
DIAMOND HARBOUR,Low,2026-07-22 05:39:00,2026-07-22 11:09:00,2.24
DIAMOND HARBOUR,High,2026-07-22 10:52:00,2026-07-22 16:22:00,4.78
DIAMOND HARBOUR,Low,2026-07-22 18:04:00,2026-07-22 23:34:00,2.09
DIAMOND HARBOUR,High,2026-07-22 23:44:00,2026-07-23 05:14:00,4.76
DIAMOND HARBOUR,Low,2026-07-23 06:45:00,2026-07-23 12:15:00,2.45
DIAMOND HARBOUR,High,2026-07-23 12:05:00,2026-07-23 17:35:00,4.5
DIAMOND HARBOUR,Low,2026-07-23 19:22:00,2026-07-24 00:52:00,2.26
DIAMOND HARBOUR,High,2026-07-24 01:24:00,2026-07-24 06:54:00,4.7
DIAMOND HARBOUR,Low,2026-07-24 08:31:00,2026-07-24 14:01:00,2.47
DIAMOND HARBOUR,High,2026-07-24 13:59:00,2026-07-24 19:29:00,4.42
DIAMOND HARBOUR,Low,2026-07-24 21:02:00,2026-07-25 02:32:00,2.22
DIAMOND HARBOUR,High,2026-07-25 02:56:00,2026-07-25 08:26:00,4.88
DIAMOND HARBOUR,Low,2026-07-25 10:04:00,2026-07-25 15:34:00,2.27
DIAMOND HARBOUR,High,2026-07-25 15:29:00,2026-07-25 20:59:00,4.58
DIAMOND HARBOUR,Low,2026-07-25 22:23:00,2026-07-26 03:53:00,2.01
DIAMOND HARBOUR,High,2026-07-26 03:53:00,2026-07-26 09:23:00,5.15
DIAMOND HARBOUR,Low,2026-07-26 11:11:00,2026-07-26 16:41:00,2.01
DIAMOND HARBOUR,High,2026-07-26 16:23:00,2026-07-26 21:53:00,4.81
DIAMOND HARBOUR,Low,2026-07-26 23:27:00,2026-07-27 04:57:00,1.78
DIAMOND HARBOUR,High,2026-07-27 04:38:00,2026-07-27 10:08:00,5.43
DIAMOND HARBOUR,Low,2026-07-27 12:05:00,2026-07-27 17:35:00,1.79
DIAMOND HARBOUR,High,2026-07-27 17:03:00,2026-07-27 22:33:00,5.04
DIAMOND HARBOUR,Low,2026-07-28 00:20:00,2026-07-28 05:50:00,1.59
DIAMOND HARBOUR,High,2026-07-28 05:13:00,2026-07-28 10:43:00,5.67
DIAMOND HARBOUR,Low,2026-07-28 12:48:00,2026-07-28 18:18:00,1.61
DIAMOND HARBOUR,High,2026-07-28 17:34:00,2026-07-28 23:04:00,5.26
DIAMOND HARBOUR,Low,2026-07-29 01:02:00,2026-07-29 06:32:00,1.45
DIAMOND HARBOUR,High,2026-07-29 05:41:00,2026-07-29 11:11:00,5.89
DIAMOND HARBOUR,Low,2026-07-29 13:24:00,2026-07-29 18:54:00,1.47
DIAMOND HARBOUR,High,2026-07-29 17:58:00,2026-07-29 23:28:00,5.48
DIAMOND HARBOUR,Low,2026-07-30 01:37:00,2026-07-30 07:07:00,1.36
DIAMOND HARBOUR,High,2026-07-30 06:02:00,2026-07-30 11:32:00,6.06
DIAMOND HARBOUR,Low,2026-07-30 13:55:00,2026-07-30 19:25:00,1.36
DIAMOND HARBOUR,High,2026-07-30 18:20:00,2026-07-30 23:50:00,5.67
DIAMOND HARBOUR,Low,2026-07-31 02:07:00,2026-07-31 07:37:00,1.29
DIAMOND HARBOUR,High,2026-07-31 06:25:00,2026-07-31 11:55:00,6.16
DIAMOND HARBOUR,Low,2026-07-31 14:26:00,2026-07-31 19:56:00,1.27
DIAMOND HARBOUR,High,2026-07-31 18:45:00,2026-08-01 00:15:00,5.82
DIAMOND HARBOUR,Low,2026-08-01 02:39:00,2026-08-01 08:09:00,1.27
DIAMOND HARBOUR,High,2026-08-01 06:54:00,2026-08-01 12:24:00,6.16
DIAMOND HARBOUR,Low,2026-08-01 15:00:00,2026-08-01 20:30:00,1.23
DIAMOND HARBOUR,High,2026-08-01 19:16:00,2026-08-02 00:46:00,5.88
DIAMOND HARBOUR,Low,2026-08-02 03:13:00,2026-08-02 08:43:00,1.3
DIAMOND HARBOUR,High,2026-08-02 07:29:00,2026-08-02 12:59:00,6.08
DIAMOND HARBOUR,Low,2026-08-02 15:33:00,2026-08-02 21:03:00,1.24
DIAMOND HARBOUR,High,2026-08-02 19:50:00,2026-08-03 01:20:00,5.87
DIAMOND HARBOUR,Low,2026-08-03 03:44:00,2026-08-03 09:14:00,1.39
DIAMOND HARBOUR,High,2026-08-03 08:06:00,2026-08-03 13:36:00,5.93
DIAMOND HARBOUR,Low,2026-08-03 16:04:00,2026-08-03 21:34:00,1.29
DIAMOND HARBOUR,High,2026-08-03 20:29:00,2026-08-04 01:59:00,5.8
DIAMOND HARBOUR,Low,2026-08-04 04:13:00,2026-08-04 09:43:00,1.52
DIAMOND HARBOUR,High,2026-08-04 08:45:00,2026-08-04 14:15:00,5.75
DIAMOND HARBOUR,Low,2026-08-04 16:34:00,2026-08-04 22:04:00,1.38
DIAMOND HARBOUR,High,2026-08-04 21:09:00,2026-08-05 02:39:00,5.67
DIAMOND HARBOUR,Low,2026-08-05 04:42:00,2026-08-05 10:12:00,1.7
DIAMOND HARBOUR,High,2026-08-05 09:25:00,2026-08-05 14:55:00,5.51
DIAMOND HARBOUR,Low,2026-08-05 17:05:00,2026-08-05 22:35:00,1.52
DIAMOND HARBOUR,High,2026-08-05 21:52:00,2026-08-06 03:22:00,5.46
DIAMOND HARBOUR,Low,2026-08-06 05:20:00,2026-08-06 10:50:00,1.93
DIAMOND HARBOUR,High,2026-08-06 10:14:00,2026-08-06 15:44:00,5.19
DIAMOND HARBOUR,Low,2026-08-06 17:46:00,2026-08-06 23:16:00,1.74
DIAMOND HARBOUR,High,2026-08-06 22:52:00,2026-08-07 04:22:00,5.18
DIAMOND HARBOUR,Low,2026-08-07 06:20:00,2026-08-07 11:50:00,2.17
DIAMOND HARBOUR,High,2026-08-07 11:28:00,2026-08-07 16:58:00,4.84
DIAMOND HARBOUR,Low,2026-08-07 18:58:00,2026-08-08 00:28:00,1.96
DIAMOND HARBOUR,High,2026-08-08 00:40:00,2026-08-08 06:10:00,5.03
DIAMOND HARBOUR,Low,2026-08-08 08:06:00,2026-08-08 13:36:00,2.25
DIAMOND HARBOUR,High,2026-08-08 13:23:00,2026-08-08 18:53:00,4.73
DIAMOND HARBOUR,Low,2026-08-08 20:48:00,2026-08-09 02:18:00,1.97
DIAMOND HARBOUR,High,2026-08-09 02:18:00,2026-08-09 07:48:00,5.22
DIAMOND HARBOUR,Low,2026-08-09 09:59:00,2026-08-09 15:29:00,2.0
DIAMOND HARBOUR,High,2026-08-09 14:57:00,2026-08-09 20:27:00,4.96
DIAMOND HARBOUR,Low,2026-08-09 22:27:00,2026-08-10 03:57:00,1.71
DIAMOND HARBOUR,High,2026-08-10 03:31:00,2026-08-10 09:01:00,5.61
DIAMOND HARBOUR,Low,2026-08-10 11:26:00,2026-08-10 16:56:00,1.6
DIAMOND HARBOUR,High,2026-08-10 16:05:00,2026-08-10 21:35:00,5.36
DIAMOND HARBOUR,Low,2026-08-10 23:47:00,2026-08-11 05:17:00,1.38
DIAMOND HARBOUR,High,2026-08-11 04:24:00,2026-08-11 09:54:00,6.03
DIAMOND HARBOUR,Low,2026-08-11 12:32:00,2026-08-11 18:02:00,1.24
DIAMOND HARBOUR,High,2026-08-11 16:54:00,2026-08-11 22:24:00,5.77
DIAMOND HARBOUR,Low,2026-08-12 00:52:00,2026-08-12 06:22:00,1.1
DIAMOND HARBOUR,High,2026-08-12 05:06:00,2026-08-12 10:36:00,6.37
DIAMOND HARBOUR,Low,2026-08-12 13:25:00,2026-08-12 18:55:00,0.98
DIAMOND HARBOUR,High,2026-08-12 17:34:00,2026-08-12 23:04:00,6.1
DIAMOND HARBOUR,Low,2026-08-13 01:43:00,2026-08-13 07:13:00,0.95
DIAMOND HARBOUR,High,2026-08-13 05:42:00,2026-08-13 11:12:00,6.56
DIAMOND HARBOUR,Low,2026-08-13 14:08:00,2026-08-13 19:38:00,0.86
DIAMOND HARBOUR,High,2026-08-13 18:07:00,2026-08-13 23:37:00,6.29
DIAMOND HARBOUR,Low,2026-08-14 02:24:00,2026-08-14 07:54:00,0.93
DIAMOND HARBOUR,High,2026-08-14 06:15:00,2026-08-14 11:45:00,6.57
DIAMOND HARBOUR,Low,2026-08-14 14:43:00,2026-08-14 20:13:00,0.88
DIAMOND HARBOUR,High,2026-08-14 18:39:00,2026-08-15 00:09:00,6.31
DIAMOND HARBOUR,Low,2026-08-15 02:58:00,2026-08-15 08:28:00,1.03
DIAMOND HARBOUR,High,2026-08-15 06:52:00,2026-08-15 12:22:00,6.41
DIAMOND HARBOUR,Low,2026-08-15 15:14:00,2026-08-15 20:44:00,1.01
DIAMOND HARBOUR,High,2026-08-15 19:13:00,2026-08-16 00:43:00,6.19
DIAMOND HARBOUR,Low,2026-08-16 03:27:00,2026-08-16 08:57:00,1.22
DIAMOND HARBOUR,High,2026-08-16 07:29:00,2026-08-16 12:59:00,6.14
DIAMOND HARBOUR,Low,2026-08-16 15:38:00,2026-08-16 21:08:00,1.19
DIAMOND HARBOUR,High,2026-08-16 19:50:00,2026-08-17 01:20:00,5.98
DIAMOND HARBOUR,Low,2026-08-17 03:49:00,2026-08-17 09:19:00,1.42
DIAMOND HARBOUR,High,2026-08-17 08:06:00,2026-08-17 13:36:00,5.83
DIAMOND HARBOUR,Low,2026-08-17 15:58:00,2026-08-17 21:28:00,1.37
DIAMOND HARBOUR,High,2026-08-17 20:25:00,2026-08-18 01:55:00,5.74
DIAMOND HARBOUR,Low,2026-08-18 04:07:00,2026-08-18 09:37:00,1.63
DIAMOND HARBOUR,High,2026-08-18 08:40:00,2026-08-18 14:10:00,5.5
DIAMOND HARBOUR,Low,2026-08-18 16:16:00,2026-08-18 21:46:00,1.56
DIAMOND HARBOUR,High,2026-08-18 21:00:00,2026-08-19 02:30:00,5.46
DIAMOND HARBOUR,Low,2026-08-19 04:23:00,2026-08-19 09:53:00,1.86
DIAMOND HARBOUR,High,2026-08-19 09:11:00,2026-08-19 14:41:00,5.17
DIAMOND HARBOUR,Low,2026-08-19 16:32:00,2026-08-19 22:02:00,1.79
DIAMOND HARBOUR,High,2026-08-19 21:33:00,2026-08-20 03:03:00,5.13
DIAMOND HARBOUR,Low,2026-08-20 04:45:00,2026-08-20 10:15:00,2.15
DIAMOND HARBOUR,High,2026-08-20 09:42:00,2026-08-20 15:12:00,4.79
DIAMOND HARBOUR,Low,2026-08-20 16:56:00,2026-08-20 22:26:00,2.09
DIAMOND HARBOUR,High,2026-08-20 22:18:00,2026-08-21 03:48:00,4.76
DIAMOND HARBOUR,Low,2026-08-21 05:27:00,2026-08-21 10:57:00,2.47
DIAMOND HARBOUR,High,2026-08-21 10:31:00,2026-08-21 16:01:00,4.4
DIAMOND HARBOUR,Low,2026-08-21 17:56:00,2026-08-21 23:26:00,2.39
DIAMOND HARBOUR,High,2026-08-22 00:25:00,2026-08-22 05:55:00,4.49
DIAMOND HARBOUR,Low,2026-08-22 07:36:00,2026-08-22 13:06:00,2.63
DIAMOND HARBOUR,High,2026-08-22 13:14:00,2026-08-22 18:44:00,4.18
DIAMOND HARBOUR,Low,2026-08-22 20:21:00,2026-08-23 01:51:00,2.42
DIAMOND HARBOUR,High,2026-08-23 02:34:00,2026-08-23 08:04:00,4.68
DIAMOND HARBOUR,Low,2026-08-23 09:42:00,2026-08-23 15:12:00,2.36
DIAMOND HARBOUR,High,2026-08-23 15:18:00,2026-08-23 20:48:00,4.44
DIAMOND HARBOUR,Low,2026-08-23 21:59:00,2026-08-24 03:29:00,2.12
DIAMOND HARBOUR,High,2026-08-24 03:32:00,2026-08-24 09:02:00,5.03
DIAMOND HARBOUR,Low,2026-08-24 10:50:00,2026-08-24 16:20:00,2.0
DIAMOND HARBOUR,High,2026-08-24 16:06:00,2026-08-24 21:36:00,4.79
DIAMOND HARBOUR,Low,2026-08-24 23:06:00,2026-08-25 04:36:00,1.8
DIAMOND HARBOUR,High,2026-08-25 04:16:00,2026-08-25 09:46:00,5.38
DIAMOND HARBOUR,Low,2026-08-25 11:44:00,2026-08-25 17:14:00,1.69
DIAMOND HARBOUR,High,2026-08-25 16:44:00,2026-08-25 22:14:00,5.12
DIAMOND HARBOUR,Low,2026-08-26 00:01:00,2026-08-26 05:31:00,1.54
DIAMOND HARBOUR,High,2026-08-26 04:51:00,2026-08-26 10:21:00,5.7
DIAMOND HARBOUR,Low,2026-08-26 12:31:00,2026-08-26 18:01:00,1.44
DIAMOND HARBOUR,High,2026-08-26 17:12:00,2026-08-26 22:42:00,5.45
DIAMOND HARBOUR,Low,2026-08-27 00:47:00,2026-08-27 06:17:00,1.35
DIAMOND HARBOUR,High,2026-08-27 05:17:00,2026-08-27 10:47:00,5.97
DIAMOND HARBOUR,Low,2026-08-27 13:09:00,2026-08-27 18:39:00,1.25
DIAMOND HARBOUR,High,2026-08-27 17:33:00,2026-08-27 23:03:00,5.77
DIAMOND HARBOUR,Low,2026-08-28 01:24:00,2026-08-28 06:54:00,1.21
DIAMOND HARBOUR,High,2026-08-28 05:38:00,2026-08-28 11:08:00,6.2
DIAMOND HARBOUR,Low,2026-08-28 13:41:00,2026-08-28 19:11:00,1.09
DIAMOND HARBOUR,High,2026-08-28 17:51:00,2026-08-28 23:21:00,6.06
DIAMOND HARBOUR,Low,2026-08-29 01:55:00,2026-08-29 07:25:00,1.1
DIAMOND HARBOUR,High,2026-08-29 05:58:00,2026-08-29 11:28:00,6.35
DIAMOND HARBOUR,Low,2026-08-29 14:11:00,2026-08-29 19:41:00,0.98
DIAMOND HARBOUR,High,2026-08-29 18:12:00,2026-08-29 23:42:00,6.27
DIAMOND HARBOUR,Low,2026-08-30 02:27:00,2026-08-30 07:57:00,1.04
DIAMOND HARBOUR,High,2026-08-30 06:25:00,2026-08-30 11:55:00,6.39
DIAMOND HARBOUR,Low,2026-08-30 14:42:00,2026-08-30 20:12:00,0.93
DIAMOND HARBOUR,High,2026-08-30 18:41:00,2026-08-31 00:11:00,6.35
DIAMOND HARBOUR,Low,2026-08-31 02:59:00,2026-08-31 08:29:00,1.06
DIAMOND HARBOUR,High,2026-08-31 06:59:00,2026-08-31 12:29:00,6.29
DIAMOND HARBOUR,Low,2026-08-31 15:14:00,2026-08-31 20:44:00,0.96
DIAMOND HARBOUR,High,2026-08-31 19:17:00,2026-09-01 00:47:00,6.3
DIAMOND HARBOUR,Low,2026-09-01 03:30:00,2026-09-01 09:00:00,1.16
DIAMOND HARBOUR,High,2026-09-01 07:38:00,2026-09-01 13:08:00,6.09
DIAMOND HARBOUR,Low,2026-09-01 15:44:00,2026-09-01 21:14:00,1.07
DIAMOND HARBOUR,High,2026-09-01 19:56:00,2026-09-02 01:26:00,6.13
DIAMOND HARBOUR,Low,2026-09-02 03:59:00,2026-09-02 09:29:00,1.34
DIAMOND HARBOUR,High,2026-09-02 08:18:00,2026-09-02 13:48:00,5.81
DIAMOND HARBOUR,Low,2026-09-02 16:12:00,2026-09-02 21:42:00,1.25
DIAMOND HARBOUR,High,2026-09-02 20:38:00,2026-09-03 02:08:00,5.86
DIAMOND HARBOUR,Low,2026-09-03 04:26:00,2026-09-03 09:56:00,1.6
DIAMOND HARBOUR,High,2026-09-03 09:01:00,2026-09-03 14:31:00,5.46
DIAMOND HARBOUR,Low,2026-09-03 16:41:00,2026-09-03 22:11:00,1.51
DIAMOND HARBOUR,High,2026-09-03 21:22:00,2026-09-04 02:52:00,5.5
DIAMOND HARBOUR,Low,2026-09-04 05:01:00,2026-09-04 10:31:00,1.92
DIAMOND HARBOUR,High,2026-09-04 09:50:00,2026-09-04 15:20:00,5.03
DIAMOND HARBOUR,Low,2026-09-04 17:23:00,2026-09-04 22:53:00,1.84
DIAMOND HARBOUR,High,2026-09-04 22:24:00,2026-09-05 03:54:00,5.06
DIAMOND HARBOUR,Low,2026-09-05 06:04:00,2026-09-05 11:34:00,2.24
DIAMOND HARBOUR,High,2026-09-05 11:18:00,2026-09-05 16:48:00,4.6
DIAMOND HARBOUR,Low,2026-09-05 18:43:00,2026-09-06 00:13:00,2.15
DIAMOND HARBOUR,High,2026-09-06 00:39:00,2026-09-06 06:09:00,4.83
DIAMOND HARBOUR,Low,2026-09-06 08:22:00,2026-09-06 13:52:00,2.28
DIAMOND HARBOUR,High,2026-09-06 13:37:00,2026-09-06 19:07:00,4.57
DIAMOND HARBOUR,Low,2026-09-06 20:56:00,2026-09-07 02:26:00,2.09
DIAMOND HARBOUR,High,2026-09-07 02:27:00,2026-09-07 07:57:00,5.1
DIAMOND HARBOUR,Low,2026-09-07 10:10:00,2026-09-07 15:40:00,1.89
DIAMOND HARBOUR,High,2026-09-07 15:14:00,2026-09-07 20:44:00,4.97
DIAMOND HARBOUR,Low,2026-09-07 22:33:00,2026-09-08 04:03:00,1.72
DIAMOND HARBOUR,High,2026-09-08 03:35:00,2026-09-08 09:05:00,5.55
DIAMOND HARBOUR,Low,2026-09-08 11:24:00,2026-09-08 16:54:00,1.44
DIAMOND HARBOUR,High,2026-09-08 16:11:00,2026-09-08 21:41:00,5.47
DIAMOND HARBOUR,Low,2026-09-08 23:46:00,2026-09-09 05:16:00,1.34
DIAMOND HARBOUR,High,2026-09-09 04:21:00,2026-09-09 09:51:00,5.96
DIAMOND HARBOUR,Low,2026-09-09 12:24:00,2026-09-09 17:54:00,1.09
DIAMOND HARBOUR,High,2026-09-09 16:50:00,2026-09-09 22:20:00,5.9
DIAMOND HARBOUR,Low,2026-09-10 00:43:00,2026-09-10 06:13:00,1.07
DIAMOND HARBOUR,High,2026-09-10 04:58:00,2026-09-10 10:28:00,6.26
DIAMOND HARBOUR,Low,2026-09-10 13:11:00,2026-09-10 18:41:00,0.88
DIAMOND HARBOUR,High,2026-09-10 17:20:00,2026-09-10 22:50:00,6.22
DIAMOND HARBOUR,Low,2026-09-11 01:29:00,2026-09-11 06:59:00,0.93
DIAMOND HARBOUR,High,2026-09-11 05:28:00,2026-09-11 10:58:00,6.41
DIAMOND HARBOUR,Low,2026-09-11 13:48:00,2026-09-11 19:18:00,0.8
DIAMOND HARBOUR,High,2026-09-11 17:45:00,2026-09-11 23:15:00,6.39
DIAMOND HARBOUR,Low,2026-09-12 02:03:00,2026-09-12 07:33:00,0.93
DIAMOND HARBOUR,High,2026-09-12 05:56:00,2026-09-12 11:26:00,6.41
DIAMOND HARBOUR,Low,2026-09-12 14:17:00,2026-09-12 19:47:00,0.85
DIAMOND HARBOUR,High,2026-09-12 18:10:00,2026-09-12 23:40:00,6.41
DIAMOND HARBOUR,Low,2026-09-13 02:32:00,2026-09-13 08:02:00,1.02
DIAMOND HARBOUR,High,2026-09-13 06:25:00,2026-09-13 11:55:00,6.27
DIAMOND HARBOUR,Low,2026-09-13 14:40:00,2026-09-13 20:10:00,0.97
DIAMOND HARBOUR,High,2026-09-13 18:38:00,2026-09-14 00:08:00,6.3
DIAMOND HARBOUR,Low,2026-09-14 02:57:00,2026-09-14 08:27:00,1.18
DIAMOND HARBOUR,High,2026-09-14 06:58:00,2026-09-14 12:28:00,6.03
DIAMOND HARBOUR,Low,2026-09-14 15:02:00,2026-09-14 20:32:00,1.12
DIAMOND HARBOUR,High,2026-09-14 19:10:00,2026-09-15 00:40:00,6.1
DIAMOND HARBOUR,Low,2026-09-15 03:19:00,2026-09-15 08:49:00,1.35
DIAMOND HARBOUR,High,2026-09-15 07:33:00,2026-09-15 13:03:00,5.75
DIAMOND HARBOUR,Low,2026-09-15 15:21:00,2026-09-15 20:51:00,1.29
DIAMOND HARBOUR,High,2026-09-15 19:46:00,2026-09-16 01:16:00,5.84
DIAMOND HARBOUR,Low,2026-09-16 03:37:00,2026-09-16 09:07:00,1.54
DIAMOND HARBOUR,High,2026-09-16 08:04:00,2026-09-16 13:34:00,5.45
DIAMOND HARBOUR,Low,2026-09-16 15:40:00,2026-09-16 21:10:00,1.49
DIAMOND HARBOUR,High,2026-09-16 20:19:00,2026-09-17 01:49:00,5.54
DIAMOND HARBOUR,Low,2026-09-17 03:53:00,2026-09-17 09:23:00,1.77
DIAMOND HARBOUR,High,2026-09-17 08:34:00,2026-09-17 14:04:00,5.12
DIAMOND HARBOUR,Low,2026-09-17 15:54:00,2026-09-17 21:24:00,1.74
DIAMOND HARBOUR,High,2026-09-17 20:50:00,2026-09-18 02:20:00,5.18
DIAMOND HARBOUR,Low,2026-09-18 04:10:00,2026-09-18 09:40:00,2.06
DIAMOND HARBOUR,High,2026-09-18 09:01:00,2026-09-18 14:31:00,4.75
DIAMOND HARBOUR,Low,2026-09-18 16:09:00,2026-09-18 21:39:00,2.04
DIAMOND HARBOUR,High,2026-09-18 21:26:00,2026-09-19 02:56:00,4.78
DIAMOND HARBOUR,Low,2026-09-19 04:41:00,2026-09-19 10:11:00,2.39
DIAMOND HARBOUR,High,2026-09-19 09:38:00,2026-09-19 15:08:00,4.36
DIAMOND HARBOUR,Low,2026-09-19 16:48:00,2026-09-19 22:18:00,2.38
DIAMOND HARBOUR,High,2026-09-19 22:43:00,2026-09-20 04:13:00,4.4
DIAMOND HARBOUR,Low,2026-09-20 06:11:00,2026-09-20 11:41:00,2.63
DIAMOND HARBOUR,High,2026-09-20 11:46:00,2026-09-20 17:16:00,4.03
DIAMOND HARBOUR,Low,2026-09-20 19:18:00,2026-09-21 00:48:00,2.56
DIAMOND HARBOUR,High,2026-09-21 01:45:00,2026-09-21 07:15:00,4.48
DIAMOND HARBOUR,Low,2026-09-21 09:03:00,2026-09-21 14:33:00,2.4
DIAMOND HARBOUR,High,2026-09-21 14:46:00,2026-09-21 20:16:00,4.29
DIAMOND HARBOUR,Low,2026-09-21 21:23:00,2026-09-22 02:53:00,2.25
DIAMOND HARBOUR,High,2026-09-22 02:54:00,2026-09-22 08:24:00,4.84
DIAMOND HARBOUR,Low,2026-09-22 10:12:00,2026-09-22 15:42:00,2.01
DIAMOND HARBOUR,High,2026-09-22 15:36:00,2026-09-22 21:06:00,4.72
DIAMOND HARBOUR,Low,2026-09-22 22:33:00,2026-09-23 04:03:00,1.88
DIAMOND HARBOUR,High,2026-09-23 03:41:00,2026-09-23 09:11:00,5.22
DIAMOND HARBOUR,Low,2026-09-23 11:10:00,2026-09-23 16:40:00,1.64
DIAMOND HARBOUR,High,2026-09-23 16:14:00,2026-09-23 21:44:00,5.15
DIAMOND HARBOUR,Low,2026-09-23 23:33:00,2026-09-24 05:03:00,1.57
DIAMOND HARBOUR,High,2026-09-24 04:18:00,2026-09-24 09:48:00,5.56
DIAMOND HARBOUR,Low,2026-09-24 12:01:00,2026-09-24 17:31:00,1.35
DIAMOND HARBOUR,High,2026-09-24 16:41:00,2026-09-24 22:11:00,5.57
DIAMOND HARBOUR,Low,2026-09-25 00:22:00,2026-09-25 05:52:00,1.32
DIAMOND HARBOUR,High,2026-09-25 04:47:00,2026-09-25 10:17:00,5.86
DIAMOND HARBOUR,Low,2026-09-25 12:44:00,2026-09-25 18:14:00,1.12
DIAMOND HARBOUR,High,2026-09-25 17:03:00,2026-09-25 22:33:00,5.95
DIAMOND HARBOUR,Low,2026-09-26 01:03:00,2026-09-26 06:33:00,1.13
DIAMOND HARBOUR,High,2026-09-26 05:10:00,2026-09-26 10:40:00,6.12
DIAMOND HARBOUR,Low,2026-09-26 13:19:00,2026-09-26 18:49:00,0.93
DIAMOND HARBOUR,High,2026-09-26 17:21:00,2026-09-26 22:51:00,6.29
DIAMOND HARBOUR,Low,2026-09-27 01:38:00,2026-09-27 07:08:00,0.99
DIAMOND HARBOUR,High,2026-09-27 05:34:00,2026-09-27 11:04:00,6.29
DIAMOND HARBOUR,Low,2026-09-27 13:51:00,2026-09-27 19:21:00,0.8
DIAMOND HARBOUR,High,2026-09-27 17:42:00,2026-09-27 23:12:00,6.52
DIAMOND HARBOUR,Low,2026-09-28 02:11:00,2026-09-28 07:41:00,0.91
DIAMOND HARBOUR,High,2026-09-28 06:02:00,2026-09-28 11:32:00,6.35
DIAMOND HARBOUR,Low,2026-09-28 14:22:00,2026-09-28 19:52:00,0.76
DIAMOND HARBOUR,High,2026-09-28 18:12:00,2026-09-28 23:42:00,6.59
DIAMOND HARBOUR,Low,2026-09-29 02:44:00,2026-09-29 08:14:00,0.93
DIAMOND HARBOUR,High,2026-09-29 06:38:00,2026-09-29 12:08:00,6.26
DIAMOND HARBOUR,Low,2026-09-29 14:55:00,2026-09-29 20:25:00,0.82
DIAMOND HARBOUR,High,2026-09-29 18:50:00,2026-09-30 00:20:00,6.47
DIAMOND HARBOUR,Low,2026-09-30 03:17:00,2026-09-30 08:47:00,1.06
DIAMOND HARBOUR,High,2026-09-30 07:21:00,2026-09-30 12:51:00,6.02
DIAMOND HARBOUR,Low,2026-09-30 15:28:00,2026-09-30 20:58:00,1.0
