port,comparison,state,pdf_datetime_ist,model_datetime_ist,time_error_minutes,absolute_time_error_minutes,pdf_height_m,model_height_m,height_error_m,absolute_height_error_m,unmatched_ref,reason,api_datetime_ist,api_height_m
HALDIA,model_vs_pdf,Low,2026-07-23 23:58:00,2026-07-23 23:23:54.790522086,-34.086824633333336,34.086824633333336,2.25,2.4751213169713155,0.22512131697131554,0.22512131697131554,False,time>30min,,
HALDIA,model_vs_pdf,High,2026-07-24 06:22:00,2026-07-24 05:50:39.876011490,-31.335399816666666,31.335399816666666,4.54,4.611528212564487,0.07152821256448672,0.07152821256448672,False,time>30min,,
HALDIA,model_vs_pdf,Low,2026-07-24 13:11:00,2026-07-24 12:27:42.109049070,-43.298182516666664,43.298182516666664,2.49,2.6879217162895213,0.19792171628952104,0.19792171628952104,False,time>30min,,
HALDIA,model_vs_pdf,High,2026-07-24 19:02:00,2026-07-24 18:23:11.088809016,-38.81518651666667,38.81518651666667,4.26,4.301290973871831,0.04129097387183123,0.04129097387183123,False,time>30min,,
HALDIA,model_vs_pdf,High,2026-07-25 07:56:00,2026-07-25 07:18:57.332797296,-37.044453383333334,37.044453383333334,4.73,4.73354052422569,0.003540524225689623,0.003540524225689623,False,time>30min,,
HALDIA,model_vs_pdf,High,2026-07-25 20:31:00,2026-07-25 19:49:38.420363088,-41.359660616666666,41.359660616666666,4.43,4.426077500663811,-0.003922499336188601,0.003922499336188601,False,time>30min,,
HALDIA,model_vs_pdf,High,2026-07-26 08:53:00,2026-07-26 08:21:48.968185602,-31.183863583333334,31.183863583333334,5.01,5.038876927682832,0.028876927682832232,0.028876927682832232,False,time>30min,,
HALDIA,model_vs_pdf,High,2026-07-26 21:23:00,2026-07-26 20:51:32.258167290,-31.462363883333335,31.462363883333335,4.66,4.683918162286745,0.023918162286745037,0.023918162286745037,False,time>30min,,
HALDIA,model_vs_pdf,Low,2026-07-27 04:08:00,2026-07-27 03:33:52.009316832,-34.133178066666666,34.133178066666666,1.77,1.9425723948164175,0.1725723948164175,0.1725723948164175,False,time>30min,,
HALDIA,model_vs_pdf,Low,2026-07-28 04:58:00,2026-07-28 04:24:51.449280144,-33.142511999999996,33.142511999999996,1.56,1.7364096669103464,0.17640966691034632,0.17640966691034632,False,time>30min,,
HALDIA,model_vs_pdf,Low,2026-08-08 12:42:00,2026-08-08 12:11:23.506576801,-30.608223733333332,30.608223733333332,2.21,2.4637923209532047,0.2537923209532047,0.2537923209532047,False,time>30min,,
HALDIA,model_vs_pdf,Low,2026-08-10 16:05:00,2026-08-10 15:47:44.559281472,-17.257345316666665,17.257345316666665,1.55,1.862151972821285,0.31215197282128493,0.31215197282128493,False,height>0.30m,,
HALDIA,model_vs_pdf,High,2026-08-22 05:23:00,2026-08-22 04:47:56.149793916,-35.064170116666666,35.064170116666666,4.31,4.364139513747111,0.05413951374711168,0.05413951374711168,False,time>30min,,
HALDIA,model_vs_pdf,Low,2026-08-22 12:13:00,2026-08-22 11:11:19.495940412,-61.67506766666667,61.67506766666667,2.64,2.8347839297078488,0.19478392970784864,0.19478392970784864,False,time>30min,,
HALDIA,model_vs_pdf,High,2026-08-22 18:18:00,2026-08-22 17:33:47.601315750,-44.20664475,44.20664475,4.01,4.016236747005354,0.0062367470053539265,0.0062367470053539265,False,time>30min,,
HALDIA,model_vs_pdf,Low,2026-08-23 01:01:00,2026-08-22 23:50:10.006235574,-70.83322941666667,70.83322941666667,2.41,2.7109869069303207,0.3009869069303206,0.3009869069303206,False,time>30min,,
HALDIA,model_vs_pdf,High,2026-08-23 07:34:00,2026-08-23 06:49:52.230751854,-44.129487483333335,44.129487483333335,4.52,4.438744462263805,-0.08125553773619476,0.08125553773619476,False,time>30min,,
HALDIA,model_vs_pdf,Low,2026-08-23 14:24:00,2026-08-23 13:46:37.353454842,-37.377442433333336,37.377442433333336,2.38,2.694025428373426,0.31402542837342606,0.31402542837342606,False,time>30min,,
HALDIA,model_vs_pdf,High,2026-08-23 20:23:00,2026-08-23 19:32:40.313708274,-50.32810486666666,50.32810486666666,4.29,4.193995380378322,-0.09600461962167817,0.09600461962167817,False,time>30min,,
HALDIA,model_vs_pdf,Low,2026-08-24 02:42:00,2026-08-24 02:11:22.680514716,-30.621991433333335,30.621991433333335,2.13,2.4061602724072,0.2761602724072003,0.2761602724072003,False,time>30min,,
DIAMOND HARBOUR,model_vs_pdf,Low,2026-07-24 00:52:00,2026-07-24 00:18:02.642191854,-33.955963483333335,33.955963483333335,2.26,2.36400924109103,0.10400924109103027,0.10400924109103027,False,time>30min,,
DIAMOND HARBOUR,model_vs_pdf,High,2026-07-24 06:54:00,2026-07-24 06:23:50.413005480,-30.159783249999997,30.159783249999997,4.7,4.686903256550842,-0.013096743449158232,0.013096743449158232,False,time>30min,,
DIAMOND HARBOUR,model_vs_pdf,Low,2026-07-24 14:01:00,2026-07-24 13:00:51.597278370,-60.14004536666666,60.14004536666666,2.47,2.636644587994028,0.16664458799402793,0.16664458799402793,False,time>30min,,
DIAMOND HARBOUR,model_vs_pdf,High,2026-07-24 19:29:00,2026-07-24 18:55:07.764528744,-33.8705912,33.8705912,4.42,4.409487855621766,-0.010512144378234112,0.010512144378234112,False,time>30min,,
DIAMOND HARBOUR,model_vs_pdf,Low,2026-07-25 02:32:00,2026-07-25 01:44:34.182104724,-47.43029826666667,47.43029826666667,2.22,2.4108396478648633,0.19083964786486307,0.19083964786486307,False,time>30min,,
DIAMOND HARBOUR,model_vs_pdf,Low,2026-07-25 15:34:00,2026-07-25 14:58:54.513492360,-35.0914418,35.0914418,2.27,2.47923689479921,0.20923689479921004,0.20923689479921004,False,time>30min,,
DIAMOND HARBOUR,model_vs_pdf,Low,2026-08-08 13:36:00,2026-08-08 12:55:23.663646786,-40.6056059,40.6056059,2.25,2.4572871465607466,0.20728714656074665,0.20728714656074665,False,time>30min,,
DIAMOND HARBOUR,model_vs_pdf,High,2026-08-22 05:55:00,2026-08-22 05:24:20.505732180,-30.6582378,30.6582378,4.49,4.530937971822124,0.040937971822123664,0.040937971822123664,False,time>30min,,
DIAMOND HARBOUR,model_vs_pdf,Low,2026-08-22 13:06:00,2026-08-22 12:07:38.786316198,-58.3535614,58.3535614,2.63,2.756268583739287,0.12626858373928718,0.12626858373928718,False,time>30min,,
DIAMOND HARBOUR,model_vs_pdf,High,2026-08-22 18:44:00,2026-08-22 18:12:57.690071982,-31.038498816666667,31.038498816666667,4.18,4.1859935987562364,0.005993598756236729,0.005993598756236729,False,time>30min,,
DIAMOND HARBOUR,model_vs_pdf,Low,2026-08-23 01:51:00,2026-08-23 00:39:04.554274326,-71.92409543333333,71.92409543333333,2.42,2.619189361653213,0.19918936165321321,0.19918936165321321,False,time>30min,,
DIAMOND HARBOUR,model_vs_pdf,High,2026-08-23 08:04:00,2026-08-23 07:28:14.426953818,-35.75955078333333,35.75955078333333,4.68,4.5823719820710656,-0.09762801792893416,0.09762801792893416,False,time>30min,,
DIAMOND HARBOUR,model_vs_pdf,Low,2026-08-23 15:12:00,2026-08-23 13:43:08.125753146,-88.86457078333333,88.86457078333333,2.36,2.7077827292565346,0.34778272925653475,0.34778272925653475,False,time>30min,,
DIAMOND HARBOUR,model_vs_pdf,High,2026-08-23 20:48:00,2026-08-23 20:00:48.941817318,-47.184303050000004,47.184303050000004,4.44,4.3830609403543255,-0.056939059645674917,0.056939059645674917,False,time>30min,,
DIAMOND HARBOUR,model_vs_pdf,Low,2026-08-24 03:29:00,2026-08-24 02:44:43.352221068,-44.27746298333333,44.27746298333333,2.12,2.4545446852678907,0.3345446852678906,0.3345446852678906,False,time>30min,,
DIAMOND HARBOUR,model_vs_pdf,Low,2026-08-24 16:20:00,2026-08-24 16:01:30.271276284,-18.495478733333336,18.495478733333336,2.0,2.3107743364905597,0.31077433649055974,0.31077433649055974,False,height>0.30m,,
HALDIA,model_vs_api,Low,,2026-07-23 23:23:54.790522086,-34.086824633333336,34.086824633333336,,2.4751213169713155,0.22512131697131554,0.22512131697131554,False,time>30min,2026-07-23 23:58:00,2.25
HALDIA,model_vs_api,High,,2026-07-24 05:50:39.876011490,-31.335399816666666,31.335399816666666,,4.611528212564487,0.07152821256448672,0.07152821256448672,False,time>30min,2026-07-24 06:22:00,4.54
HALDIA,model_vs_api,Low,,2026-07-24 12:27:42.109049070,-43.298182516666664,43.298182516666664,,2.6879217162895213,0.19792171628952104,0.19792171628952104,False,time>30min,2026-07-24 13:11:00,2.49
HALDIA,model_vs_api,High,,2026-07-24 18:23:11.088809016,-38.81518651666667,38.81518651666667,,4.301290973871831,0.04129097387183123,0.04129097387183123,False,time>30min,2026-07-24 19:02:00,4.26
HALDIA,model_vs_api,High,,2026-07-25 07:18:57.332797296,-37.044453383333334,37.044453383333334,,4.73354052422569,0.003540524225689623,0.003540524225689623,False,time>30min,2026-07-25 07:56:00,4.73
HALDIA,model_vs_api,High,,2026-07-25 19:49:38.420363088,-41.359660616666666,41.359660616666666,,4.426077500663811,-0.003922499336188601,0.003922499336188601,False,time>30min,2026-07-25 20:31:00,4.43
HALDIA,model_vs_api,High,,2026-07-26 08:21:48.968185602,-31.183863583333334,31.183863583333334,,5.038876927682832,0.028876927682832232,0.028876927682832232,False,time>30min,2026-07-26 08:53:00,5.01
HALDIA,model_vs_api,High,,2026-07-26 20:51:32.258167290,-31.462363883333335,31.462363883333335,,4.683918162286745,0.023918162286745037,0.023918162286745037,False,time>30min,2026-07-26 21:23:00,4.66
HALDIA,model_vs_api,Low,,2026-07-27 03:33:52.009316832,-34.133178066666666,34.133178066666666,,1.9425723948164175,0.1725723948164175,0.1725723948164175,False,time>30min,2026-07-27 04:08:00,1.77
HALDIA,model_vs_api,Low,,2026-07-28 04:24:51.449280144,-33.142511999999996,33.142511999999996,,1.7364096669103464,0.17640966691034632,0.17640966691034632,False,time>30min,2026-07-28 04:58:00,1.56
HALDIA,model_vs_api,Low,,2026-08-08 12:11:23.506576801,-30.608223733333332,30.608223733333332,,2.4637923209532047,0.2537923209532047,0.2537923209532047,False,time>30min,2026-08-08 12:42:00,2.21
HALDIA,model_vs_api,Low,,2026-08-10 15:47:44.559281472,-17.257345316666665,17.257345316666665,,1.862151972821285,0.31215197282128493,0.31215197282128493,False,height>0.30m,2026-08-10 16:05:00,1.55
HALDIA,model_vs_api,High,,2026-08-22 04:47:56.149793916,-35.064170116666666,35.064170116666666,,4.364139513747111,0.05413951374711168,0.05413951374711168,False,time>30min,2026-08-22 05:23:00,4.31
HALDIA,model_vs_api,Low,,2026-08-22 11:11:19.495940412,-61.67506766666667,61.67506766666667,,2.8347839297078488,0.19478392970784864,0.19478392970784864,False,time>30min,2026-08-22 12:13:00,2.64
HALDIA,model_vs_api,High,,2026-08-22 17:33:47.601315750,-44.20664475,44.20664475,,4.016236747005354,0.0062367470053539265,0.0062367470053539265,False,time>30min,2026-08-22 18:18:00,4.01
HALDIA,model_vs_api,Low,,2026-08-22 23:50:10.006235574,-70.83322941666667,70.83322941666667,,2.7109869069303207,0.3009869069303206,0.3009869069303206,False,time>30min,2026-08-23 01:01:00,2.41
HALDIA,model_vs_api,High,,2026-08-23 06:49:52.230751854,-44.129487483333335,44.129487483333335,,4.438744462263805,-0.08125553773619476,0.08125553773619476,False,time>30min,2026-08-23 07:34:00,4.52
HALDIA,model_vs_api,Low,,2026-08-23 13:46:37.353454842,-37.377442433333336,37.377442433333336,,2.694025428373426,0.31402542837342606,0.31402542837342606,False,time>30min,2026-08-23 14:24:00,2.38
HALDIA,model_vs_api,High,,2026-08-23 19:32:40.313708274,-50.32810486666666,50.32810486666666,,4.193995380378322,-0.09600461962167817,0.09600461962167817,False,time>30min,2026-08-23 20:23:00,4.29
HALDIA,model_vs_api,Low,,2026-08-24 02:11:22.680514716,-30.621991433333335,30.621991433333335,,2.4061602724072,0.2761602724072003,0.2761602724072003,False,time>30min,2026-08-24 02:42:00,2.13
HALDIA,model_vs_api,Low,,2026-09-05 10:08:22.858531080,-25.61902448333333,25.61902448333333,,2.5003570990939528,0.3003570990939526,0.3003570990939526,False,height>0.30m,2026-09-05 10:34:00,2.2
HALDIA,model_vs_api,Low,,2026-09-05 22:39:05.410267566,-34.90982888333333,34.90982888333333,,2.3896371481971994,0.30963714819719934,0.30963714819719934,False,time>30min,2026-09-05 23:14:00,2.08
HALDIA,model_vs_api,Low,,2026-09-06 12:30:45.434047248,-25.242765883333334,25.242765883333334,,2.620136289905998,0.3801362899059977,0.3801362899059977,False,height>0.30m,2026-09-06 12:56:00,2.24
HALDIA,model_vs_api,Low,,2026-09-20 22:55:59.157301410,-62.01404498333333,62.01404498333333,,2.8108817337325704,0.2608817337325706,0.2608817337325706,False,time>30min,2026-09-20 23:58:00,2.55
HALDIA,model_vs_api,High,,2026-09-21 06:05:28.370098608,-39.52716503333333,39.52716503333333,,4.319221716044216,-0.010778283955784396,0.010778283955784396,False,time>30min,2026-09-21 06:45:00,4.33
HALDIA,model_vs_api,Low,,2026-09-21 12:45:24.627764860,-57.58953726666667,57.58953726666667,,2.804611982349005,0.3846119823490053,0.3846119823490053,False,time>30min,2026-09-21 13:43:00,2.42
HALDIA,model_vs_api,High,,2026-09-21 18:57:57.511841346,-54.041469316666664,54.041469316666664,,4.153321144180391,0.013321144180391542,0.013321144180391542,False,time>30min,2026-09-21 19:52:00,4.14
HALDIA,model_vs_api,Low,,2026-09-22 01:43:31.681307562,-22.471978216666667,22.471978216666667,,2.578275106655668,0.31827510665566816,0.31827510665566816,False,height>0.30m,2026-09-22 02:06:00,2.26
DIAMOND HARBOUR,model_vs_api,Low,,2026-07-24 00:18:02.642191854,-33.955963483333335,33.955963483333335,,2.36400924109103,0.10400924109103027,0.10400924109103027,False,time>30min,2026-07-24 00:52:00,2.26
DIAMOND HARBOUR,model_vs_api,High,,2026-07-24 06:23:50.413005480,-30.159783249999997,30.159783249999997,,4.686903256550842,-0.013096743449158232,0.013096743449158232,False,time>30min,2026-07-24 06:54:00,4.7
DIAMOND HARBOUR,model_vs_api,Low,,2026-07-24 13:00:51.597278370,-60.14004536666666,60.14004536666666,,2.636644587994028,0.16664458799402793,0.16664458799402793,False,time>30min,2026-07-24 14:01:00,2.47
DIAMOND HARBOUR,model_vs_api,High,,2026-07-24 18:55:07.764528744,-33.8705912,33.8705912,,4.409487855621766,-0.010512144378234112,0.010512144378234112,False,time>30min,2026-07-24 19:29:00,4.42
DIAMOND HARBOUR,model_vs_api,Low,,2026-07-25 01:44:34.182104724,-47.43029826666667,47.43029826666667,,2.4108396478648633,0.19083964786486307,0.19083964786486307,False,time>30min,2026-07-25 02:32:00,2.22
DIAMOND HARBOUR,model_vs_api,Low,,2026-07-25 14:58:54.513492360,-35.0914418,35.0914418,,2.47923689479921,0.20923689479921004,0.20923689479921004,False,time>30min,2026-07-25 15:34:00,2.27
DIAMOND HARBOUR,model_vs_api,Low,,2026-08-08 12:55:23.663646786,-40.6056059,40.6056059,,2.4572871465607466,0.20728714656074665,0.20728714656074665,False,time>30min,2026-08-08 13:36:00,2.25
DIAMOND HARBOUR,model_vs_api,High,,2026-08-22 05:24:20.505732180,-30.6582378,30.6582378,,4.530937971822124,0.040937971822123664,0.040937971822123664,False,time>30min,2026-08-22 05:55:00,4.49
DIAMOND HARBOUR,model_vs_api,Low,,2026-08-22 12:07:38.786316198,-58.3535614,58.3535614,,2.756268583739287,0.12626858373928718,0.12626858373928718,False,time>30min,2026-08-22 13:06:00,2.63
DIAMOND HARBOUR,model_vs_api,High,,2026-08-22 18:12:57.690071982,-31.038498816666667,31.038498816666667,,4.1859935987562364,0.005993598756236729,0.005993598756236729,False,time>30min,2026-08-22 18:44:00,4.18
DIAMOND HARBOUR,model_vs_api,Low,,2026-08-23 00:39:04.554274326,-71.92409543333333,71.92409543333333,,2.619189361653213,0.19918936165321321,0.19918936165321321,False,time>30min,2026-08-23 01:51:00,2.42
DIAMOND HARBOUR,model_vs_api,High,,2026-08-23 07:28:14.426953818,-35.75955078333333,35.75955078333333,,4.5823719820710656,-0.09762801792893416,0.09762801792893416,False,time>30min,2026-08-23 08:04:00,4.68
DIAMOND HARBOUR,model_vs_api,Low,,2026-08-23 13:43:08.125753146,-88.86457078333333,88.86457078333333,,2.7077827292565346,0.34778272925653475,0.34778272925653475,False,time>30min,2026-08-23 15:12:00,2.36
DIAMOND HARBOUR,model_vs_api,High,,2026-08-23 20:00:48.941817318,-47.184303050000004,47.184303050000004,,4.3830609403543255,-0.056939059645674917,0.056939059645674917,False,time>30min,2026-08-23 20:48:00,4.44
DIAMOND HARBOUR,model_vs_api,Low,,2026-08-24 02:44:43.352221068,-44.27746298333333,44.27746298333333,,2.4545446852678907,0.3345446852678906,0.3345446852678906,False,time>30min,2026-08-24 03:29:00,2.12
DIAMOND HARBOUR,model_vs_api,Low,,2026-08-24 16:01:30.271276284,-18.495478733333336,18.495478733333336,,2.3107743364905597,0.31077433649055974,0.31077433649055974,False,height>0.30m,2026-08-24 16:20:00,2.0
DIAMOND HARBOUR,model_vs_api,Low,,2026-09-05 23:39:17.929109640,-33.701181516666665,33.701181516666665,,2.320825340000813,0.17082534000081306,0.17082534000081306,False,time>30min,2026-09-06 00:13:00,2.15
DIAMOND HARBOUR,model_vs_api,High,,2026-09-06 05:28:34.290982830,-40.428483633333336,40.428483633333336,,4.814109273196146,-0.01589072680385417,0.01589072680385417,False,time>30min,2026-09-06 06:09:00,4.83
DIAMOND HARBOUR,model_vs_api,Low,,2026-09-06 12:56:08.071646754,-55.86547256666667,55.86547256666667,,2.6392475941791336,0.35924759417913377,0.35924759417913377,False,time>30min,2026-09-06 13:52:00,2.28
DIAMOND HARBOUR,model_vs_api,High,,2026-09-19 15:41:30.309556596,33.505159266666666,33.505159266666666,,4.350614384340432,-0.009385615659568636,0.009385615659568636,False,time>30min,2026-09-19 15:08:00,4.36
DIAMOND HARBOUR,model_vs_api,Low,,2026-09-20 23:53:44.491781478,-54.25847031666667,54.25847031666667,,2.728344837123674,0.16834483712367376,0.16834483712367376,False,time>30min,2026-09-21 00:48:00,2.56
DIAMOND HARBOUR,model_vs_api,Low,,2026-09-21 12:57:16.103903010,-95.73160161666667,95.73160161666667,,2.7811477117041816,0.3811477117041817,0.3811477117041817,False,time>30min,2026-09-21 14:33:00,2.4
DIAMOND HARBOUR,model_vs_api,High,,2026-09-21 19:23:25.019436384,-52.5830094,52.5830094,,4.333877234953791,0.04387723495379081,0.04387723495379081,False,time>30min,2026-09-21 20:16:00,4.29
DIAMOND HARBOUR,model_vs_api,Low,,2026-09-22 02:00:07.412834111,-52.87645276666667,52.87645276666667,,2.6315084218044436,0.38150842180444355,0.38150842180444355,False,time>30min,2026-09-22 02:53:00,2.25
DIAMOND HARBOUR,model_vs_api,Low,,2026-09-22 15:28:45.093556866,-13.248440733333332,13.248440733333332,,2.3529262733773892,0.34292627337738946,0.34292627337738946,False,height>0.30m,2026-09-22 15:42:00,2.01
DIAMOND HARBOUR,model_vs_api,Low,,2026-09-23 03:48:30.905936478,-14.484901066666668,14.484901066666668,,2.196512607359666,0.316512607359666,0.316512607359666,False,height>0.30m,2026-09-23 04:03:00,1.88
