port,comparison,state,pdf_datetime_ist,api_datetime_ist,time_error_minutes,absolute_time_error_minutes,pdf_height_m,api_height_m,height_error_m,absolute_height_error_m,unmatched_ref
HALDIA,api_vs_pdf,Low,2026-07-01 06:17:00,2026-07-01 06:17:00,0.0,0.0,1.36,1.36,0.0,0.0,False
HALDIA,api_vs_pdf,High,2026-07-01 11:19:00,2026-07-01 11:19:00,0.0,0.0,5.62,5.62,0.0,0.0,False
HALDIA,api_vs_pdf,Low,2026-07-01 18:36:00,2026-07-01 18:36:00,0.0,0.0,1.53,1.53,0.0,0.0,False
HALDIA,api_vs_pdf,High,2026-07-01 23:36:00,2026-07-01 23:36:00,0.0,0.0,5.11,5.11,0.0,0.0,False
HALDIA,api_vs_pdf,Low,2026-07-02 06:47:00,2026-07-02 06:47:00,0.0,0.0,1.35,1.35,0.0,0.0,False
HALDIA,api_vs_pdf,High,2026-07-02 11:49:00,2026-07-02 11:49:00,0.0,0.0,5.65,5.65,0.0,0.0,False
HALDIA,api_vs_pdf,Low,2026-07-02 19:11:00,2026-07-02 19:11:00,0.0,0.0,1.49,1.49,0.0,0.0,False
HALDIA,api_vs_pdf,High,2026-07-03 00:08:00,2026-07-03 00:08:00,0.0,0.0,5.16,5.16,0.0,0.0,False
HALDIA,api_vs_pdf,Low,2026-07-03 07:19:00,2026-07-03 07:19:00,0.0,0.0,1.39,1.39,0.0,0.0,False
HALDIA,api_vs_pdf,High,2026-07-03 12:24:00,2026-07-03 12:24:00,0.0,0.0,5.62,5.62,0.0,0.0,False
HALDIA,api_vs_pdf,Low,2026-07-03 19:49:00,2026-07-03 19:49:00,0.0,0.0,1.48,1.48,0.0,0.0,False
HALDIA,api_vs_pdf,High,2026-07-04 00:44:00,2026-07-04 00:44:00,0.0,0.0,5.17,5.17,0.0,0.0,False
HALDIA,api_vs_pdf,Low,2026-07-04 07:51:00,2026-07-04 07:51:00,0.0,0.0,1.47,1.47,0.0,0.0,False
HALDIA,api_vs_pdf,High,2026-07-04 13:01:00,2026-07-04 13:01:00,0.0,0.0,5.55,5.55,0.0,0.0,False
HALDIA,api_vs_pdf,Low,2026-07-04 20:24:00,2026-07-04 20:24:00,0.0,0.0,1.48,1.48,0.0,0.0,False
HALDIA,api_vs_pdf,High,2026-07-05 01:22:00,2026-07-05 01:22:00,0.0,0.0,5.16,5.16,0.0,0.0,False
HALDIA,api_vs_pdf,Low,2026-07-05 08:22:00,2026-07-05 08:22:00,0.0,0.0,1.57,1.57,0.0,0.0,False
HALDIA,api_vs_pdf,High,2026-07-05 13:39:00,2026-07-05 13:39:00,0.0,0.0,5.45,5.45,0.0,0.0,False
HALDIA,api_vs_pdf,Low,2026-07-05 20:57:00,2026-07-05 20:57:00,0.0,0.0,1.5,1.5,0.0,0.0,False
HALDIA,api_vs_pdf,High,2026-07-06 02:00:00,2026-07-06 02:00:00,0.0,0.0,5.13,5.13,0.0,0.0,False
HALDIA,api_vs_pdf,Low,2026-07-06 08:54:00,2026-07-06 08:54:00,0.0,0.0,1.69,1.69,0.0,0.0,False
HALDIA,api_vs_pdf,High,2026-07-06 14:19:00,2026-07-06 14:19:00,0.0,0.0,5.34,5.34,0.0,0.0,False
HALDIA,api_vs_pdf,Low,2026-07-06 21:28:00,2026-07-06 21:28:00,0.0,0.0,1.52,1.52,0.0,0.0,False
HALDIA,api_vs_pdf,High,2026-07-07 02:44:00,2026-07-07 02:44:00,0.0,0.0,5.1,5.1,0.0,0.0,False
HALDIA,api_vs_pdf,Low,2026-07-07 09:32:00,2026-07-07 09:32:00,0.0,0.0,1.82,1.82,0.0,0.0,False
HALDIA,api_vs_pdf,High,2026-07-07 15:03:00,2026-07-07 15:03:00,0.0,0.0,5.2,5.2,0.0,0.0,False
HALDIA,api_vs_pdf,Low,2026-07-07 22:05:00,2026-07-07 22:05:00,0.0,0.0,1.58,1.58,0.0,0.0,False
HALDIA,api_vs_pdf,High,2026-07-08 03:34:00,2026-07-08 03:34:00,0.0,0.0,5.04,5.04,0.0,0.0,False
HALDIA,api_vs_pdf,Low,2026-07-08 10:23:00,2026-07-08 10:23:00,0.0,0.0,1.96,1.96,0.0,0.0,False
HALDIA,api_vs_pdf,High,2026-07-08 15:59:00,2026-07-08 15:59:00,0.0,0.0,5.01,5.01,0.0,0.0,False
HALDIA,api_vs_pdf,Low,2026-07-08 22:56:00,2026-07-08 22:56:00,0.0,0.0,1.67,1.67,0.0,0.0,False
HALDIA,api_vs_pdf,High,2026-07-09 04:41:00,2026-07-09 04:41:00,0.0,0.0,4.98,4.98,0.0,0.0,False
HALDIA,api_vs_pdf,Low,2026-07-09 11:33:00,2026-07-09 11:33:00,0.0,0.0,2.07,2.07,0.0,0.0,False
HALDIA,api_vs_pdf,High,2026-07-09 17:14:00,2026-07-09 17:14:00,0.0,0.0,4.83,4.83,0.0,0.0,False
HALDIA,api_vs_pdf,Low,2026-07-10 00:09:00,2026-07-10 00:09:00,0.0,0.0,1.74,1.74,0.0,0.0,False
HALDIA,api_vs_pdf,High,2026-07-10 06:09:00,2026-07-10 06:09:00,0.0,0.0,5.03,5.03,0.0,0.0,False
HALDIA,api_vs_pdf,Low,2026-07-10 13:05:00,2026-07-10 13:05:00,0.0,0.0,2.05,2.05,0.0,0.0,False
HALDIA,api_vs_pdf,High,2026-07-10 18:39:00,2026-07-10 18:39:00,0.0,0.0,4.81,4.81,0.0,0.0,False
HALDIA,api_vs_pdf,Low,2026-07-11 01:38:00,2026-07-11 01:38:00,0.0,0.0,1.69,1.69,0.0,0.0,False
HALDIA,api_vs_pdf,High,2026-07-11 07:25:00,2026-07-11 07:25:00,0.0,0.0,5.26,5.26,0.0,0.0,False
HALDIA,api_vs_pdf,Low,2026-07-11 14:38:00,2026-07-11 14:38:00,0.0,0.0,1.86,1.86,0.0,0.0,False
HALDIA,api_vs_pdf,High,2026-07-11 19:53:00,2026-07-11 19:53:00,0.0,0.0,4.96,4.96,0.0,0.0,False
HALDIA,api_vs_pdf,Low,2026-07-12 03:06:00,2026-07-12 03:06:00,0.0,0.0,1.51,1.51,0.0,0.0,False
HALDIA,api_vs_pdf,High,2026-07-12 08:30:00,2026-07-12 08:30:00,0.0,0.0,5.58,5.58,0.0,0.0,False
HALDIA,api_vs_pdf,Low,2026-07-12 16:00:00,2026-07-12 16:00:00,0.0,0.0,1.58,1.58,0.0,0.0,False
HALDIA,api_vs_pdf,High,2026-07-12 20:57:00,2026-07-12 20:57:00,0.0,0.0,5.2,5.2,0.0,0.0,False
HALDIA,api_vs_pdf,Low,2026-07-13 04:21:00,2026-07-13 04:21:00,0.0,0.0,1.26,1.26,0.0,0.0,False
HALDIA,api_vs_pdf,High,2026-07-13 09:24:00,2026-07-13 09:24:00,0.0,0.0,5.92,5.92,0.0,0.0,False
HALDIA,api_vs_pdf,Low,2026-07-13 17:04:00,2026-07-13 17:04:00,0.0,0.0,1.3,1.3,0.0,0.0,False
HALDIA,api_vs_pdf,High,2026-07-13 21:51:00,2026-07-13 21:51:00,0.0,0.0,5.48,5.48,0.0,0.0,False
HALDIA,api_vs_pdf,Low,2026-07-14 05:24:00,2026-07-14 05:24:00,0.0,0.0,1.04,1.04,0.0,0.0,False
HALDIA,api_vs_pdf,High,2026-07-14 10:11:00,2026-07-14 10:11:00,0.0,0.0,6.19,6.19,0.0,0.0,False
HALDIA,api_vs_pdf,Low,2026-07-14 17:58:00,2026-07-14 17:58:00,0.0,0.0,1.09,1.09,0.0,0.0,False
HALDIA,api_vs_pdf,High,2026-07-14 22:39:00,2026-07-14 22:39:00,0.0,0.0,5.71,5.71,0.0,0.0,False
HALDIA,api_vs_pdf,Low,2026-07-15 06:17:00,2026-07-15 06:17:00,0.0,0.0,0.92,0.92,0.0,0.0,False
HALDIA,api_vs_pdf,High,2026-07-15 10:57:00,2026-07-15 10:57:00,0.0,0.0,6.33,6.33,0.0,0.0,False
HALDIA,api_vs_pdf,Low,2026-07-15 18:46:00,2026-07-15 18:46:00,0.0,0.0,0.98,0.98,0.0,0.0,False
HALDIA,api_vs_pdf,High,2026-07-15 23:26:00,2026-07-15 23:26:00,0.0,0.0,5.83,5.83,0.0,0.0,False
HALDIA,api_vs_pdf,Low,2026-07-16 07:01:00,2026-07-16 07:01:00,0.0,0.0,0.92,0.92,0.0,0.0,False
HALDIA,api_vs_pdf,High,2026-07-16 11:42:00,2026-07-16 11:42:00,0.0,0.0,6.31,6.31,0.0,0.0,False
HALDIA,api_vs_pdf,Low,2026-07-16 19:29:00,2026-07-16 19:29:00,0.0,0.0,0.98,0.98,0.0,0.0,False
HALDIA,api_vs_pdf,High,2026-07-17 00:11:00,2026-07-17 00:11:00,0.0,0.0,5.82,5.82,0.0,0.0,False
HALDIA,api_vs_pdf,Low,2026-07-17 07:42:00,2026-07-17 07:42:00,0.0,0.0,1.04,1.04,0.0,0.0,False
HALDIA,api_vs_pdf,High,2026-07-17 12:28:00,2026-07-17 12:28:00,0.0,0.0,6.13,6.13,0.0,0.0,False
HALDIA,api_vs_pdf,Low,2026-07-17 20:09:00,2026-07-17 20:09:00,0.0,0.0,1.08,1.08,0.0,0.0,False
HALDIA,api_vs_pdf,High,2026-07-18 00:56:00,2026-07-18 00:56:00,0.0,0.0,5.7,5.7,0.0,0.0,False
HALDIA,api_vs_pdf,Low,2026-07-18 08:17:00,2026-07-18 08:17:00,0.0,0.0,1.24,1.24,0.0,0.0,False
HALDIA,api_vs_pdf,High,2026-07-18 13:12:00,2026-07-18 13:12:00,0.0,0.0,5.85,5.85,0.0,0.0,False
HALDIA,api_vs_pdf,Low,2026-07-18 20:43:00,2026-07-18 20:43:00,0.0,0.0,1.24,1.24,0.0,0.0,False
HALDIA,api_vs_pdf,High,2026-07-19 01:38:00,2026-07-19 01:38:00,0.0,0.0,5.51,5.51,0.0,0.0,False
HALDIA,api_vs_pdf,Low,2026-07-19 08:46:00,2026-07-19 08:46:00,0.0,0.0,1.47,1.47,0.0,0.0,False
HALDIA,api_vs_pdf,High,2026-07-19 13:54:00,2026-07-19 13:54:00,0.0,0.0,5.54,5.54,0.0,0.0,False
HALDIA,api_vs_pdf,Low,2026-07-19 21:09:00,2026-07-19 21:09:00,0.0,0.0,1.42,1.42,0.0,0.0,False
HALDIA,api_vs_pdf,High,2026-07-20 02:16:00,2026-07-20 02:16:00,0.0,0.0,5.29,5.29,0.0,0.0,False
HALDIA,api_vs_pdf,Low,2026-07-20 09:11:00,2026-07-20 09:11:00,0.0,0.0,1.71,1.71,0.0,0.0,False
HALDIA,api_vs_pdf,High,2026-07-20 14:31:00,2026-07-20 14:31:00,0.0,0.0,5.22,5.22,0.0,0.0,False
HALDIA,api_vs_pdf,Low,2026-07-20 21:32:00,2026-07-20 21:32:00,0.0,0.0,1.6,1.6,0.0,0.0,False
HALDIA,api_vs_pdf,High,2026-07-21 02:52:00,2026-07-21 02:52:00,0.0,0.0,5.07,5.07,0.0,0.0,False
HALDIA,api_vs_pdf,Low,2026-07-21 09:36:00,2026-07-21 09:36:00,0.0,0.0,1.96,1.96,0.0,0.0,False
HALDIA,api_vs_pdf,High,2026-07-21 15:06:00,2026-07-21 15:06:00,0.0,0.0,4.91,4.91,0.0,0.0,False
HALDIA,api_vs_pdf,Low,2026-07-21 21:57:00,2026-07-21 21:57:00,0.0,0.0,1.81,1.81,0.0,0.0,False
HALDIA,api_vs_pdf,High,2026-07-22 03:33:00,2026-07-22 03:33:00,0.0,0.0,4.83,4.83,0.0,0.0,False
HALDIA,api_vs_pdf,Low,2026-07-22 10:12:00,2026-07-22 10:12:00,0.0,0.0,2.23,2.23,0.0,0.0,False
HALDIA,api_vs_pdf,High,2026-07-22 15:52:00,2026-07-22 15:52:00,0.0,0.0,4.59,4.59,0.0,0.0,False
HALDIA,api_vs_pdf,Low,2026-07-22 22:37:00,2026-07-22 22:37:00,0.0,0.0,2.06,2.06,0.0,0.0,False
HALDIA,api_vs_pdf,High,2026-07-23 04:40:00,2026-07-23 04:40:00,0.0,0.0,4.6,4.6,0.0,0.0,False
HALDIA,api_vs_pdf,Low,2026-07-23 11:21:00,2026-07-23 11:21:00,0.0,0.0,2.46,2.46,0.0,0.0,False
HALDIA,api_vs_pdf,High,2026-07-23 17:07:00,2026-07-23 17:07:00,0.0,0.0,4.32,4.32,0.0,0.0,False
HALDIA,api_vs_pdf,Low,2026-07-23 23:58:00,2026-07-23 23:58:00,0.0,0.0,2.25,2.25,0.0,0.0,False
HALDIA,api_vs_pdf,High,2026-07-24 06:22:00,2026-07-24 06:22:00,0.0,0.0,4.54,4.54,0.0,0.0,False
HALDIA,api_vs_pdf,Low,2026-07-24 13:11:00,2026-07-24 13:11:00,0.0,0.0,2.49,2.49,0.0,0.0,False
HALDIA,api_vs_pdf,High,2026-07-24 19:02:00,2026-07-24 19:02:00,0.0,0.0,4.26,4.26,0.0,0.0,False
HALDIA,api_vs_pdf,Low,2026-07-25 01:41:00,2026-07-25 01:41:00,0.0,0.0,2.22,2.22,0.0,0.0,False
HALDIA,api_vs_pdf,High,2026-07-25 07:56:00,2026-07-25 07:56:00,0.0,0.0,4.73,4.73,0.0,0.0,False
HALDIA,api_vs_pdf,Low,2026-07-25 14:45:00,2026-07-25 14:45:00,0.0,0.0,2.29,2.29,0.0,0.0,False
HALDIA,api_vs_pdf,High,2026-07-25 20:31:00,2026-07-25 20:31:00,0.0,0.0,4.43,4.43,0.0,0.0,False
HALDIA,api_vs_pdf,Low,2026-07-26 03:04:00,2026-07-26 03:04:00,0.0,0.0,2.02,2.02,0.0,0.0,False
HALDIA,api_vs_pdf,High,2026-07-26 08:53:00,2026-07-26 08:53:00,0.0,0.0,5.01,5.01,0.0,0.0,False
HALDIA,api_vs_pdf,Low,2026-07-26 15:53:00,2026-07-26 15:53:00,0.0,0.0,2.03,2.03,0.0,0.0,False
HALDIA,api_vs_pdf,High,2026-07-26 21:23:00,2026-07-26 21:23:00,0.0,0.0,4.66,4.66,0.0,0.0,False
HALDIA,api_vs_pdf,Low,2026-07-27 04:08:00,2026-07-27 04:08:00,0.0,0.0,1.77,1.77,0.0,0.0,False
HALDIA,api_vs_pdf,High,2026-07-27 09:37:00,2026-07-27 09:37:00,0.0,0.0,5.28,5.28,0.0,0.0,False
HALDIA,api_vs_pdf,Low,2026-07-27 16:43:00,2026-07-27 16:43:00,0.0,0.0,1.78,1.78,0.0,0.0,False
HALDIA,api_vs_pdf,High,2026-07-27 22:00:00,2026-07-27 22:00:00,0.0,0.0,4.88,4.88,0.0,0.0,False
HALDIA,api_vs_pdf,Low,2026-07-28 04:58:00,2026-07-28 04:58:00,0.0,0.0,1.56,1.56,0.0,0.0,False
HALDIA,api_vs_pdf,High,2026-07-28 10:11:00,2026-07-28 10:11:00,0.0,0.0,5.52,5.52,0.0,0.0,False
HALDIA,api_vs_pdf,Low,2026-07-28 17:22:00,2026-07-28 17:22:00,0.0,0.0,1.57,1.57,0.0,0.0,False
HALDIA,api_vs_pdf,High,2026-07-28 22:28:00,2026-07-28 22:28:00,0.0,0.0,5.08,5.08,0.0,0.0,False
HALDIA,api_vs_pdf,Low,2026-07-29 05:36:00,2026-07-29 05:36:00,0.0,0.0,1.39,1.39,0.0,0.0,False
HALDIA,api_vs_pdf,High,2026-07-29 10:37:00,2026-07-29 10:37:00,0.0,0.0,5.72,5.72,0.0,0.0,False
HALDIA,api_vs_pdf,Low,2026-07-29 17:56:00,2026-07-29 17:56:00,0.0,0.0,1.41,1.41,0.0,0.0,False
HALDIA,api_vs_pdf,High,2026-07-29 22:52:00,2026-07-29 22:52:00,0.0,0.0,5.27,5.27,0.0,0.0,False
HALDIA,api_vs_pdf,Low,2026-07-30 06:09:00,2026-07-30 06:09:00,0.0,0.0,1.27,1.27,0.0,0.0,False
HALDIA,api_vs_pdf,High,2026-07-30 10:59:00,2026-07-30 10:59:00,0.0,0.0,5.88,5.88,0.0,0.0,False
HALDIA,api_vs_pdf,Low,2026-07-30 18:26:00,2026-07-30 18:26:00,0.0,0.0,1.27,1.27,0.0,0.0,False
HALDIA,api_vs_pdf,High,2026-07-30 23:15:00,2026-07-30 23:15:00,0.0,0.0,5.45,5.45,0.0,0.0,False
HALDIA,api_vs_pdf,Low,2026-07-31 06:38:00,2026-07-31 06:38:00,0.0,0.0,1.18,1.18,0.0,0.0,False
HALDIA,api_vs_pdf,High,2026-07-31 11:24:00,2026-07-31 11:24:00,0.0,0.0,5.97,5.97,0.0,0.0,False
HALDIA,api_vs_pdf,Low,2026-07-31 18:59:00,2026-07-31 18:59:00,0.0,0.0,1.17,1.17,0.0,0.0,False
HALDIA,api_vs_pdf,High,2026-07-31 23:43:00,2026-07-31 23:43:00,0.0,0.0,5.58,5.58,0.0,0.0,False
HALDIA,api_vs_pdf,Low,2026-08-01 07:10:00,2026-08-01 07:10:00,0.0,0.0,1.15,1.15,0.0,0.0,False
HALDIA,api_vs_pdf,High,2026-08-01 11:54:00,2026-08-01 11:54:00,0.0,0.0,5.97,5.97,0.0,0.0,False
HALDIA,api_vs_pdf,Low,2026-08-01 19:34:00,2026-08-01 19:34:00,0.0,0.0,1.12,1.12,0.0,0.0,False
HALDIA,api_vs_pdf,High,2026-08-02 00:17:00,2026-08-02 00:17:00,0.0,0.0,5.65,5.65,0.0,0.0,False
HALDIA,api_vs_pdf,Low,2026-08-02 07:43:00,2026-08-02 07:43:00,0.0,0.0,1.17,1.17,0.0,0.0,False
HALDIA,api_vs_pdf,High,2026-08-02 12:31:00,2026-08-02 12:31:00,0.0,0.0,5.88,5.88,0.0,0.0,False
HALDIA,api_vs_pdf,Low,2026-08-02 20:07:00,2026-08-02 20:07:00,0.0,0.0,1.11,1.11,0.0,0.0,False
HALDIA,api_vs_pdf,High,2026-08-03 00:52:00,2026-08-03 00:52:00,0.0,0.0,5.65,5.65,0.0,0.0,False
HALDIA,api_vs_pdf,Low,2026-08-03 08:13:00,2026-08-03 08:13:00,0.0,0.0,1.26,1.26,0.0,0.0,False
HALDIA,api_vs_pdf,High,2026-08-03 13:08:00,2026-08-03 13:08:00,0.0,0.0,5.73,5.73,0.0,0.0,False
HALDIA,api_vs_pdf,Low,2026-08-03 20:36:00,2026-08-03 20:36:00,0.0,0.0,1.15,1.15,0.0,0.0,False
HALDIA,api_vs_pdf,High,2026-08-04 01:30:00,2026-08-04 01:30:00,0.0,0.0,5.59,5.59,0.0,0.0,False
HALDIA,api_vs_pdf,Low,2026-08-04 08:40:00,2026-08-04 08:40:00,0.0,0.0,1.4,1.4,0.0,0.0,False
HALDIA,api_vs_pdf,High,2026-08-04 13:47:00,2026-08-04 13:47:00,0.0,0.0,5.55,5.55,0.0,0.0,False
HALDIA,api_vs_pdf,Low,2026-08-04 21:02:00,2026-08-04 21:02:00,0.0,0.0,1.24,1.24,0.0,0.0,False
HALDIA,api_vs_pdf,High,2026-08-05 02:08:00,2026-08-05 02:08:00,0.0,0.0,5.48,5.48,0.0,0.0,False
HALDIA,api_vs_pdf,Low,2026-08-05 09:08:00,2026-08-05 09:08:00,0.0,0.0,1.6,1.6,0.0,0.0,False
HALDIA,api_vs_pdf,High,2026-08-05 14:27:00,2026-08-05 14:27:00,0.0,0.0,5.31,5.31,0.0,0.0,False
HALDIA,api_vs_pdf,Low,2026-08-05 21:31:00,2026-08-05 21:31:00,0.0,0.0,1.4,1.4,0.0,0.0,False
HALDIA,api_vs_pdf,High,2026-08-06 02:50:00,2026-08-06 02:50:00,0.0,0.0,5.28,5.28,0.0,0.0,False
HALDIA,api_vs_pdf,Low,2026-08-06 09:48:00,2026-08-06 09:48:00,0.0,0.0,1.85,1.85,0.0,0.0,False
HALDIA,api_vs_pdf,High,2026-08-06 15:16:00,2026-08-06 15:16:00,0.0,0.0,5.01,5.01,0.0,0.0,False
HALDIA,api_vs_pdf,Low,2026-08-06 22:14:00,2026-08-06 22:14:00,0.0,0.0,1.64,1.64,0.0,0.0,False
HALDIA,api_vs_pdf,High,2026-08-07 03:51:00,2026-08-07 03:51:00,0.0,0.0,5.01,5.01,0.0,0.0,False
HALDIA,api_vs_pdf,Low,2026-08-07 10:51:00,2026-08-07 10:51:00,0.0,0.0,2.11,2.11,0.0,0.0,False
HALDIA,api_vs_pdf,High,2026-08-07 16:31:00,2026-08-07 16:31:00,0.0,0.0,4.67,4.67,0.0,0.0,False
HALDIA,api_vs_pdf,Low,2026-08-07 23:29:00,2026-08-07 23:29:00,0.0,0.0,1.88,1.88,0.0,0.0,False
HALDIA,api_vs_pdf,High,2026-08-08 05:40:00,2026-08-08 05:40:00,0.0,0.0,4.86,4.86,0.0,0.0,False
HALDIA,api_vs_pdf,Low,2026-08-08 12:42:00,2026-08-08 12:42:00,0.0,0.0,2.21,2.21,0.0,0.0,False
HALDIA,api_vs_pdf,High,2026-08-08 18:26:00,2026-08-08 18:26:00,0.0,0.0,4.57,4.57,0.0,0.0,False
HALDIA,api_vs_pdf,Low,2026-08-09 01:23:00,2026-08-09 01:23:00,0.0,0.0,1.9,1.9,0.0,0.0,False
HALDIA,api_vs_pdf,High,2026-08-09 07:19:00,2026-08-09 07:19:00,0.0,0.0,5.06,5.06,0.0,0.0,False
HALDIA,api_vs_pdf,Low,2026-08-09 14:38:00,2026-08-09 14:38:00,0.0,0.0,1.95,1.95,0.0,0.0,False
HALDIA,api_vs_pdf,High,2026-08-09 19:59:00,2026-08-09 19:59:00,0.0,0.0,4.8,4.8,0.0,0.0,False
HALDIA,api_vs_pdf,Low,2026-08-10 03:04:00,2026-08-10 03:04:00,0.0,0.0,1.64,1.64,0.0,0.0,False
HALDIA,api_vs_pdf,High,2026-08-10 08:33:00,2026-08-10 08:33:00,0.0,0.0,5.46,5.46,0.0,0.0,False
HALDIA,api_vs_pdf,Low,2026-08-10 16:05:00,2026-08-10 16:05:00,0.0,0.0,1.55,1.55,0.0,0.0,False
HALDIA,api_vs_pdf,High,2026-08-10 21:05:00,2026-08-10 21:05:00,0.0,0.0,5.19,5.19,0.0,0.0,False
HALDIA,api_vs_pdf,Low,2026-08-11 04:23:00,2026-08-11 04:23:00,0.0,0.0,1.29,1.29,0.0,0.0,False
HALDIA,api_vs_pdf,High,2026-08-11 09:26:00,2026-08-11 09:26:00,0.0,0.0,5.87,5.87,0.0,0.0,False
HALDIA,api_vs_pdf,Low,2026-08-11 17:07:00,2026-08-11 17:07:00,0.0,0.0,1.16,1.16,0.0,0.0,False
HALDIA,api_vs_pdf,High,2026-08-11 21:54:00,2026-08-11 21:54:00,0.0,0.0,5.58,5.58,0.0,0.0,False
HALDIA,api_vs_pdf,Low,2026-08-12 05:25:00,2026-08-12 05:25:00,0.0,0.0,1.0,1.0,0.0,0.0,False
HALDIA,api_vs_pdf,High,2026-08-12 10:10:00,2026-08-12 10:10:00,0.0,0.0,6.21,6.21,0.0,0.0,False
HALDIA,api_vs_pdf,Low,2026-08-12 17:56:00,2026-08-12 17:56:00,0.0,0.0,0.87,0.87,0.0,0.0,False
HALDIA,api_vs_pdf,High,2026-08-12 22:34:00,2026-08-12 22:34:00,0.0,0.0,5.89,5.89,0.0,0.0,False
HALDIA,api_vs_pdf,Low,2026-08-13 06:13:00,2026-08-13 06:13:00,0.0,0.0,0.82,0.82,0.0,0.0,False
HALDIA,api_vs_pdf,High,2026-08-13 10:47:00,2026-08-13 10:47:00,0.0,0.0,6.39,6.39,0.0,0.0,False
HALDIA,api_vs_pdf,Low,2026-08-13 18:35:00,2026-08-13 18:35:00,0.0,0.0,0.74,0.74,0.0,0.0,False
HALDIA,api_vs_pdf,High,2026-08-13 23:09:00,2026-08-13 23:09:00,0.0,0.0,6.07,6.07,0.0,0.0,False
HALDIA,api_vs_pdf,Low,2026-08-14 06:51:00,2026-08-14 06:51:00,0.0,0.0,0.8,0.8,0.0,0.0,False
HALDIA,api_vs_pdf,High,2026-08-14 11:22:00,2026-08-14 11:22:00,0.0,0.0,6.39,6.39,0.0,0.0,False
HALDIA,api_vs_pdf,Low,2026-08-14 19:10:00,2026-08-14 19:10:00,0.0,0.0,0.75,0.75,0.0,0.0,False
HALDIA,api_vs_pdf,High,2026-08-14 23:44:00,2026-08-14 23:44:00,0.0,0.0,6.09,6.09,0.0,0.0,False
HALDIA,api_vs_pdf,Low,2026-08-15 07:24:00,2026-08-15 07:24:00,0.0,0.0,0.9,0.9,0.0,0.0,False
HALDIA,api_vs_pdf,High,2026-08-15 12:00:00,2026-08-15 12:00:00,0.0,0.0,6.22,6.22,0.0,0.0,False
HALDIA,api_vs_pdf,Low,2026-08-15 19:41:00,2026-08-15 19:41:00,0.0,0.0,0.88,0.88,0.0,0.0,False
HALDIA,api_vs_pdf,High,2026-08-16 00:20:00,2026-08-16 00:20:00,0.0,0.0,5.97,5.97,0.0,0.0,False
HALDIA,api_vs_pdf,Low,2026-08-16 07:54:00,2026-08-16 07:54:00,0.0,0.0,1.09,1.09,0.0,0.0,False
HALDIA,api_vs_pdf,High,2026-08-16 12:36:00,2026-08-16 12:36:00,0.0,0.0,5.94,5.94,0.0,0.0,False
HALDIA,api_vs_pdf,Low,2026-08-16 20:06:00,2026-08-16 20:06:00,0.0,0.0,1.06,1.06,0.0,0.0,False
HALDIA,api_vs_pdf,High,2026-08-17 00:57:00,2026-08-17 00:57:00,0.0,0.0,5.78,5.78,0.0,0.0,False
HALDIA,api_vs_pdf,Low,2026-08-17 08:16:00,2026-08-17 08:16:00,0.0,0.0,1.3,1.3,0.0,0.0,False
HALDIA,api_vs_pdf,High,2026-08-17 13:10:00,2026-08-17 13:10:00,0.0,0.0,5.62,5.62,0.0,0.0,False
HALDIA,api_vs_pdf,Low,2026-08-17 20:27:00,2026-08-17 20:27:00,0.0,0.0,1.24,1.24,0.0,0.0,False
HALDIA,api_vs_pdf,High,2026-08-18 01:29:00,2026-08-18 01:29:00,0.0,0.0,5.55,5.55,0.0,0.0,False
HALDIA,api_vs_pdf,Low,2026-08-18 08:34:00,2026-08-18 08:34:00,0.0,0.0,1.52,1.52,0.0,0.0,False
HALDIA,api_vs_pdf,High,2026-08-18 13:41:00,2026-08-18 13:41:00,0.0,0.0,5.3,5.3,0.0,0.0,False
HALDIA,api_vs_pdf,Low,2026-08-18 20:45:00,2026-08-18 20:45:00,0.0,0.0,1.43,1.43,0.0,0.0,False
HALDIA,api_vs_pdf,High,2026-08-19 01:59:00,2026-08-19 01:59:00,0.0,0.0,5.27,5.27,0.0,0.0,False
HALDIA,api_vs_pdf,Low,2026-08-19 08:51:00,2026-08-19 08:51:00,0.0,0.0,1.77,1.77,0.0,0.0,False
HALDIA,api_vs_pdf,High,2026-08-19 14:10:00,2026-08-19 14:10:00,0.0,0.0,4.96,4.96,0.0,0.0,False
HALDIA,api_vs_pdf,Low,2026-08-19 21:01:00,2026-08-19 21:01:00,0.0,0.0,1.69,1.69,0.0,0.0,False
HALDIA,api_vs_pdf,High,2026-08-20 02:30:00,2026-08-20 02:30:00,0.0,0.0,4.94,4.94,0.0,0.0,False
HALDIA,api_vs_pdf,Low,2026-08-20 09:14:00,2026-08-20 09:14:00,0.0,0.0,2.09,2.09,0.0,0.0,False
HALDIA,api_vs_pdf,High,2026-08-20 14:42:00,2026-08-20 14:42:00,0.0,0.0,4.59,4.59,0.0,0.0,False
HALDIA,api_vs_pdf,Low,2026-08-20 21:27:00,2026-08-20 21:27:00,0.0,0.0,2.01,2.01,0.0,0.0,False
HALDIA,api_vs_pdf,High,2026-08-21 03:14:00,2026-08-21 03:14:00,0.0,0.0,4.57,4.57,0.0,0.0,False
HALDIA,api_vs_pdf,Low,2026-08-21 10:00:00,2026-08-21 10:00:00,0.0,0.0,2.45,2.45,0.0,0.0,False
HALDIA,api_vs_pdf,High,2026-08-21 15:33:00,2026-08-21 15:33:00,0.0,0.0,4.21,4.21,0.0,0.0,False
HALDIA,api_vs_pdf,Low,2026-08-21 22:31:00,2026-08-21 22:31:00,0.0,0.0,2.35,2.35,0.0,0.0,False
HALDIA,api_vs_pdf,High,2026-08-22 05:23:00,2026-08-22 05:23:00,0.0,0.0,4.31,4.31,0.0,0.0,False
HALDIA,api_vs_pdf,Low,2026-08-22 12:13:00,2026-08-22 12:13:00,0.0,0.0,2.64,2.64,0.0,0.0,False
HALDIA,api_vs_pdf,High,2026-08-22 18:18:00,2026-08-22 18:18:00,0.0,0.0,4.01,4.01,0.0,0.0,False
HALDIA,api_vs_pdf,Low,2026-08-23 01:01:00,2026-08-23 01:01:00,0.0,0.0,2.41,2.41,0.0,0.0,False
HALDIA,api_vs_pdf,High,2026-08-23 07:34:00,2026-08-23 07:34:00,0.0,0.0,4.52,4.52,0.0,0.0,False
HALDIA,api_vs_pdf,Low,2026-08-23 14:24:00,2026-08-23 14:24:00,0.0,0.0,2.38,2.38,0.0,0.0,False
HALDIA,api_vs_pdf,High,2026-08-23 20:23:00,2026-08-23 20:23:00,0.0,0.0,4.29,4.29,0.0,0.0,False
HALDIA,api_vs_pdf,Low,2026-08-24 02:42:00,2026-08-24 02:42:00,0.0,0.0,2.13,2.13,0.0,0.0,False
HALDIA,api_vs_pdf,High,2026-08-24 08:33:00,2026-08-24 08:33:00,0.0,0.0,4.88,4.88,0.0,0.0,False
HALDIA,api_vs_pdf,Low,2026-08-24 15:33:00,2026-08-24 15:33:00,0.0,0.0,2.02,2.02,0.0,0.0,False
HALDIA,api_vs_pdf,High,2026-08-24 21:09:00,2026-08-24 21:09:00,0.0,0.0,4.64,4.64,0.0,0.0,False
HALDIA,api_vs_pdf,Low,2026-08-25 03:48:00,2026-08-25 03:48:00,0.0,0.0,1.8,1.8,0.0,0.0,False
HALDIA,api_vs_pdf,High,2026-08-25 09:16:00,2026-08-25 09:16:00,0.0,0.0,5.25,5.25,0.0,0.0,False
HALDIA,api_vs_pdf,Low,2026-08-25 16:25:00,2026-08-25 16:25:00,0.0,0.0,1.67,1.67,0.0,0.0,False
HALDIA,api_vs_pdf,High,2026-08-25 21:43:00,2026-08-25 21:43:00,0.0,0.0,4.97,4.97,0.0,0.0,False
HALDIA,api_vs_pdf,Low,2026-08-26 04:40:00,2026-08-26 04:40:00,0.0,0.0,1.51,1.51,0.0,0.0,False
HALDIA,api_vs_pdf,High,2026-08-26 09:49:00,2026-08-26 09:49:00,0.0,0.0,5.57,5.57,0.0,0.0,False
HALDIA,api_vs_pdf,Low,2026-08-26 17:08:00,2026-08-26 17:08:00,0.0,0.0,1.39,1.39,0.0,0.0,False
HALDIA,api_vs_pdf,High,2026-08-26 22:08:00,2026-08-26 22:08:00,0.0,0.0,5.28,5.28,0.0,0.0,False
HALDIA,api_vs_pdf,Low,2026-08-27 05:21:00,2026-08-27 05:21:00,0.0,0.0,1.28,1.28,0.0,0.0,False
HALDIA,api_vs_pdf,High,2026-08-27 10:14:00,2026-08-27 10:14:00,0.0,0.0,5.83,5.83,0.0,0.0,False
HALDIA,api_vs_pdf,Low,2026-08-27 17:42:00,2026-08-27 17:42:00,0.0,0.0,1.16,1.16,0.0,0.0,False
HALDIA,api_vs_pdf,High,2026-08-27 22:29:00,2026-08-27 22:29:00,0.0,0.0,5.57,5.57,0.0,0.0,False
HALDIA,api_vs_pdf,Low,2026-08-28 05:54:00,2026-08-28 05:54:00,0.0,0.0,1.1,1.1,0.0,0.0,False
HALDIA,api_vs_pdf,High,2026-08-28 10:36:00,2026-08-28 10:36:00,0.0,0.0,6.04,6.04,0.0,0.0,False
HALDIA,api_vs_pdf,Low,2026-08-28 18:12:00,2026-08-28 18:12:00,0.0,0.0,0.97,0.97,0.0,0.0,False
HALDIA,api_vs_pdf,High,2026-08-28 22:48:00,2026-08-28 22:48:00,0.0,0.0,5.83,5.83,0.0,0.0,False
HALDIA,api_vs_pdf,Low,2026-08-29 06:24:00,2026-08-29 06:24:00,0.0,0.0,0.96,0.96,0.0,0.0,False
HALDIA,api_vs_pdf,High,2026-08-29 10:58:00,2026-08-29 10:58:00,0.0,0.0,6.16,6.16,0.0,0.0,False
HALDIA,api_vs_pdf,Low,2026-08-29 18:42:00,2026-08-29 18:42:00,0.0,0.0,0.83,0.83,0.0,0.0,False
HALDIA,api_vs_pdf,High,2026-08-29 23:14:00,2026-08-29 23:14:00,0.0,0.0,6.01,6.01,0.0,0.0,False
HALDIA,api_vs_pdf,Low,2026-08-30 06:56:00,2026-08-30 06:56:00,0.0,0.0,0.88,0.88,0.0,0.0,False
HALDIA,api_vs_pdf,High,2026-08-30 11:28:00,2026-08-30 11:28:00,0.0,0.0,6.17,6.17,0.0,0.0,False
HALDIA,api_vs_pdf,Low,2026-08-30 19:13:00,2026-08-30 19:13:00,0.0,0.0,0.77,0.77,0.0,0.0,False
HALDIA,api_vs_pdf,High,2026-08-30 23:46:00,2026-08-30 23:46:00,0.0,0.0,6.08,6.08,0.0,0.0,False
HALDIA,api_vs_pdf,Low,2026-08-31 07:29:00,2026-08-31 07:29:00,0.0,0.0,0.9,0.9,0.0,0.0,False
HALDIA,api_vs_pdf,High,2026-08-31 12:02:00,2026-08-31 12:02:00,0.0,0.0,6.06,6.06,0.0,0.0,False
HALDIA,api_vs_pdf,Low,2026-08-31 19:45:00,2026-08-31 19:45:00,0.0,0.0,0.79,0.79,0.0,0.0,False
DIAMOND HARBOUR,api_vs_pdf,Low,2026-07-01 07:14:00,2026-07-01 07:14:00,0.0,0.0,1.43,1.43,0.0,0.0,False
DIAMOND HARBOUR,api_vs_pdf,High,2026-07-01 11:51:00,2026-07-01 11:51:00,0.0,0.0,5.82,5.82,0.0,0.0,False
DIAMOND HARBOUR,api_vs_pdf,Low,2026-07-01 19:34:00,2026-07-01 19:34:00,0.0,0.0,1.57,1.57,0.0,0.0,False
DIAMOND HARBOUR,api_vs_pdf,High,2026-07-02 00:12:00,2026-07-02 00:12:00,0.0,0.0,5.32,5.32,0.0,0.0,False
DIAMOND HARBOUR,api_vs_pdf,Low,2026-07-02 07:45:00,2026-07-02 07:45:00,0.0,0.0,1.43,1.43,0.0,0.0,False
DIAMOND HARBOUR,api_vs_pdf,High,2026-07-02 12:19:00,2026-07-02 12:19:00,0.0,0.0,5.84,5.84,0.0,0.0,False
DIAMOND HARBOUR,api_vs_pdf,Low,2026-07-02 20:08:00,2026-07-02 20:08:00,0.0,0.0,1.55,1.55,0.0,0.0,False
DIAMOND HARBOUR,api_vs_pdf,High,2026-07-03 00:42:00,2026-07-03 00:42:00,0.0,0.0,5.36,5.36,0.0,0.0,False
DIAMOND HARBOUR,api_vs_pdf,Low,2026-07-03 08:18:00,2026-07-03 08:18:00,0.0,0.0,1.47,1.47,0.0,0.0,False
DIAMOND HARBOUR,api_vs_pdf,High,2026-07-03 12:53:00,2026-07-03 12:53:00,0.0,0.0,5.8,5.8,0.0,0.0,False
DIAMOND HARBOUR,api_vs_pdf,Low,2026-07-03 20:44:00,2026-07-03 20:44:00,0.0,0.0,1.54,1.54,0.0,0.0,False
DIAMOND HARBOUR,api_vs_pdf,High,2026-07-04 01:17:00,2026-07-04 01:17:00,0.0,0.0,5.36,5.36,0.0,0.0,False
DIAMOND HARBOUR,api_vs_pdf,Low,2026-07-04 08:51:00,2026-07-04 08:51:00,0.0,0.0,1.55,1.55,0.0,0.0,False
DIAMOND HARBOUR,api_vs_pdf,High,2026-07-04 13:29:00,2026-07-04 13:29:00,0.0,0.0,5.71,5.71,0.0,0.0,False
DIAMOND HARBOUR,api_vs_pdf,Low,2026-07-04 21:20:00,2026-07-04 21:20:00,0.0,0.0,1.56,1.56,0.0,0.0,False
DIAMOND HARBOUR,api_vs_pdf,High,2026-07-05 01:54:00,2026-07-05 01:54:00,0.0,0.0,5.33,5.33,0.0,0.0,False
DIAMOND HARBOUR,api_vs_pdf,Low,2026-07-05 09:23:00,2026-07-05 09:23:00,0.0,0.0,1.65,1.65,0.0,0.0,False
DIAMOND HARBOUR,api_vs_pdf,High,2026-07-05 14:07:00,2026-07-05 14:07:00,0.0,0.0,5.61,5.61,0.0,0.0,False
DIAMOND HARBOUR,api_vs_pdf,Low,2026-07-05 21:55:00,2026-07-05 21:55:00,0.0,0.0,1.58,1.58,0.0,0.0,False
DIAMOND HARBOUR,api_vs_pdf,High,2026-07-06 02:33:00,2026-07-06 02:33:00,0.0,0.0,5.3,5.3,0.0,0.0,False
DIAMOND HARBOUR,api_vs_pdf,Low,2026-07-06 09:56:00,2026-07-06 09:56:00,0.0,0.0,1.76,1.76,0.0,0.0,False
DIAMOND HARBOUR,api_vs_pdf,High,2026-07-06 14:47:00,2026-07-06 14:47:00,0.0,0.0,5.49,5.49,0.0,0.0,False
DIAMOND HARBOUR,api_vs_pdf,Low,2026-07-06 22:28:00,2026-07-06 22:28:00,0.0,0.0,1.61,1.61,0.0,0.0,False
DIAMOND HARBOUR,api_vs_pdf,High,2026-07-07 03:16:00,2026-07-07 03:16:00,0.0,0.0,5.26,5.26,0.0,0.0,False
DIAMOND HARBOUR,api_vs_pdf,Low,2026-07-07 10:34:00,2026-07-07 10:34:00,0.0,0.0,1.88,1.88,0.0,0.0,False
DIAMOND HARBOUR,api_vs_pdf,High,2026-07-07 15:32:00,2026-07-07 15:32:00,0.0,0.0,5.35,5.35,0.0,0.0,False
DIAMOND HARBOUR,api_vs_pdf,Low,2026-07-07 23:06:00,2026-07-07 23:06:00,0.0,0.0,1.66,1.66,0.0,0.0,False
DIAMOND HARBOUR,api_vs_pdf,High,2026-07-08 04:06:00,2026-07-08 04:06:00,0.0,0.0,5.19,5.19,0.0,0.0,False
DIAMOND HARBOUR,api_vs_pdf,Low,2026-07-08 11:22:00,2026-07-08 11:22:00,0.0,0.0,2.01,2.01,0.0,0.0,False
DIAMOND HARBOUR,api_vs_pdf,High,2026-07-08 16:27:00,2026-07-08 16:27:00,0.0,0.0,5.16,5.16,0.0,0.0,False
DIAMOND HARBOUR,api_vs_pdf,Low,2026-07-08 23:55:00,2026-07-08 23:55:00,0.0,0.0,1.74,1.74,0.0,0.0,False
DIAMOND HARBOUR,api_vs_pdf,High,2026-07-09 05:13:00,2026-07-09 05:13:00,0.0,0.0,5.12,5.12,0.0,0.0,False
DIAMOND HARBOUR,api_vs_pdf,Low,2026-07-09 12:28:00,2026-07-09 12:28:00,0.0,0.0,2.11,2.11,0.0,0.0,False
DIAMOND HARBOUR,api_vs_pdf,High,2026-07-09 17:43:00,2026-07-09 17:43:00,0.0,0.0,4.98,4.98,0.0,0.0,False
DIAMOND HARBOUR,api_vs_pdf,Low,2026-07-10 01:06:00,2026-07-10 01:06:00,0.0,0.0,1.8,1.8,0.0,0.0,False
DIAMOND HARBOUR,api_vs_pdf,High,2026-07-10 06:39:00,2026-07-10 06:39:00,0.0,0.0,5.17,5.17,0.0,0.0,False
DIAMOND HARBOUR,api_vs_pdf,Low,2026-07-10 13:56:00,2026-07-10 13:56:00,0.0,0.0,2.08,2.08,0.0,0.0,False
DIAMOND HARBOUR,api_vs_pdf,High,2026-07-10 19:08:00,2026-07-10 19:08:00,0.0,0.0,4.96,4.96,0.0,0.0,False
DIAMOND HARBOUR,api_vs_pdf,Low,2026-07-11 02:33:00,2026-07-11 02:33:00,0.0,0.0,1.75,1.75,0.0,0.0,False
DIAMOND HARBOUR,api_vs_pdf,High,2026-07-11 07:54:00,2026-07-11 07:54:00,0.0,0.0,5.39,5.39,0.0,0.0,False
DIAMOND HARBOUR,api_vs_pdf,Low,2026-07-11 15:29:00,2026-07-11 15:29:00,0.0,0.0,1.89,1.89,0.0,0.0,False
DIAMOND HARBOUR,api_vs_pdf,High,2026-07-11 20:23:00,2026-07-11 20:23:00,0.0,0.0,5.1,5.1,0.0,0.0,False
DIAMOND HARBOUR,api_vs_pdf,Low,2026-07-12 04:00:00,2026-07-12 04:00:00,0.0,0.0,1.57,1.57,0.0,0.0,False
DIAMOND HARBOUR,api_vs_pdf,High,2026-07-12 08:57:00,2026-07-12 08:57:00,0.0,0.0,5.71,5.71,0.0,0.0,False
DIAMOND HARBOUR,api_vs_pdf,Low,2026-07-12 16:53:00,2026-07-12 16:53:00,0.0,0.0,1.62,1.62,0.0,0.0,False
DIAMOND HARBOUR,api_vs_pdf,High,2026-07-12 21:27:00,2026-07-12 21:27:00,0.0,0.0,5.36,5.36,0.0,0.0,False
DIAMOND HARBOUR,api_vs_pdf,Low,2026-07-13 05:16:00,2026-07-13 05:16:00,0.0,0.0,1.34,1.34,0.0,0.0,False
DIAMOND HARBOUR,api_vs_pdf,High,2026-07-13 09:50:00,2026-07-13 09:50:00,0.0,0.0,6.06,6.06,0.0,0.0,False
DIAMOND HARBOUR,api_vs_pdf,Low,2026-07-13 18:01:00,2026-07-13 18:01:00,0.0,0.0,1.36,1.36,0.0,0.0,False
DIAMOND HARBOUR,api_vs_pdf,High,2026-07-13 22:21:00,2026-07-13 22:21:00,0.0,0.0,5.65,5.65,0.0,0.0,False
DIAMOND HARBOUR,api_vs_pdf,Low,2026-07-14 06:23:00,2026-07-14 06:23:00,0.0,0.0,1.14,1.14,0.0,0.0,False
DIAMOND HARBOUR,api_vs_pdf,High,2026-07-14 10:36:00,2026-07-14 10:36:00,0.0,0.0,6.34,6.34,0.0,0.0,False
DIAMOND HARBOUR,api_vs_pdf,Low,2026-07-14 18:59:00,2026-07-14 18:59:00,0.0,0.0,1.16,1.16,0.0,0.0,False
DIAMOND HARBOUR,api_vs_pdf,High,2026-07-14 23:08:00,2026-07-14 23:08:00,0.0,0.0,5.9,5.9,0.0,0.0,False
DIAMOND HARBOUR,api_vs_pdf,Low,2026-07-15 07:18:00,2026-07-15 07:18:00,0.0,0.0,1.03,1.03,0.0,0.0,False
DIAMOND HARBOUR,api_vs_pdf,High,2026-07-15 11:20:00,2026-07-15 11:20:00,0.0,0.0,6.5,6.5,0.0,0.0,False
DIAMOND HARBOUR,api_vs_pdf,Low,2026-07-15 19:50:00,2026-07-15 19:50:00,0.0,0.0,1.05,1.05,0.0,0.0,False
DIAMOND HARBOUR,api_vs_pdf,High,2026-07-15 23:53:00,2026-07-15 23:53:00,0.0,0.0,6.03,6.03,0.0,0.0,False
DIAMOND HARBOUR,api_vs_pdf,Low,2026-07-16 08:05:00,2026-07-16 08:05:00,0.0,0.0,1.03,1.03,0.0,0.0,False
DIAMOND HARBOUR,api_vs_pdf,High,2026-07-16 12:03:00,2026-07-16 12:03:00,0.0,0.0,6.49,6.49,0.0,0.0,False
DIAMOND HARBOUR,api_vs_pdf,Low,2026-07-16 20:33:00,2026-07-16 20:33:00,0.0,0.0,1.07,1.07,0.0,0.0,False
DIAMOND HARBOUR,api_vs_pdf,High,2026-07-17 00:37:00,2026-07-17 00:37:00,0.0,0.0,6.02,6.02,0.0,0.0,False
DIAMOND HARBOUR,api_vs_pdf,Low,2026-07-17 08:47:00,2026-07-17 08:47:00,0.0,0.0,1.14,1.14,0.0,0.0,False
DIAMOND HARBOUR,api_vs_pdf,High,2026-07-17 12:49:00,2026-07-17 12:49:00,0.0,0.0,6.31,6.31,0.0,0.0,False
DIAMOND HARBOUR,api_vs_pdf,Low,2026-07-17 21:12:00,2026-07-17 21:12:00,0.0,0.0,1.16,1.16,0.0,0.0,False
DIAMOND HARBOUR,api_vs_pdf,High,2026-07-18 01:22:00,2026-07-18 01:22:00,0.0,0.0,5.89,5.89,0.0,0.0,False
DIAMOND HARBOUR,api_vs_pdf,Low,2026-07-18 09:20:00,2026-07-18 09:20:00,0.0,0.0,1.33,1.33,0.0,0.0,False
DIAMOND HARBOUR,api_vs_pdf,High,2026-07-18 13:35:00,2026-07-18 13:35:00,0.0,0.0,6.04,6.04,0.0,0.0,False
DIAMOND HARBOUR,api_vs_pdf,Low,2026-07-18 21:44:00,2026-07-18 21:44:00,0.0,0.0,1.33,1.33,0.0,0.0,False
DIAMOND HARBOUR,api_vs_pdf,High,2026-07-19 02:05:00,2026-07-19 02:05:00,0.0,0.0,5.69,5.69,0.0,0.0,False
DIAMOND HARBOUR,api_vs_pdf,Low,2026-07-19 09:48:00,2026-07-19 09:48:00,0.0,0.0,1.55,1.55,0.0,0.0,False
DIAMOND HARBOUR,api_vs_pdf,High,2026-07-19 14:19:00,2026-07-19 14:19:00,0.0,0.0,5.72,5.72,0.0,0.0,False
DIAMOND HARBOUR,api_vs_pdf,Low,2026-07-19 22:09:00,2026-07-19 22:09:00,0.0,0.0,1.5,1.5,0.0,0.0,False
DIAMOND HARBOUR,api_vs_pdf,High,2026-07-20 02:46:00,2026-07-20 02:46:00,0.0,0.0,5.47,5.47,0.0,0.0,False
DIAMOND HARBOUR,api_vs_pdf,Low,2026-07-20 10:13:00,2026-07-20 10:13:00,0.0,0.0,1.77,1.77,0.0,0.0,False
DIAMOND HARBOUR,api_vs_pdf,High,2026-07-20 14:59:00,2026-07-20 14:59:00,0.0,0.0,5.41,5.41,0.0,0.0,False
DIAMOND HARBOUR,api_vs_pdf,Low,2026-07-20 22:32:00,2026-07-20 22:32:00,0.0,0.0,1.67,1.67,0.0,0.0,False
DIAMOND HARBOUR,api_vs_pdf,High,2026-07-21 03:25:00,2026-07-21 03:25:00,0.0,0.0,5.24,5.24,0.0,0.0,False
DIAMOND HARBOUR,api_vs_pdf,Low,2026-07-21 10:36:00,2026-07-21 10:36:00,0.0,0.0,1.99,1.99,0.0,0.0,False
DIAMOND HARBOUR,api_vs_pdf,High,2026-07-21 15:36:00,2026-07-21 15:36:00,0.0,0.0,5.1,5.1,0.0,0.0,False
DIAMOND HARBOUR,api_vs_pdf,Low,2026-07-21 22:56:00,2026-07-21 22:56:00,0.0,0.0,1.87,1.87,0.0,0.0,False
DIAMOND HARBOUR,api_vs_pdf,High,2026-07-22 04:08:00,2026-07-22 04:08:00,0.0,0.0,4.99,4.99,0.0,0.0,False
DIAMOND HARBOUR,api_vs_pdf,Low,2026-07-22 11:09:00,2026-07-22 11:09:00,0.0,0.0,2.24,2.24,0.0,0.0,False
DIAMOND HARBOUR,api_vs_pdf,High,2026-07-22 16:22:00,2026-07-22 16:22:00,0.0,0.0,4.78,4.78,0.0,0.0,False
DIAMOND HARBOUR,api_vs_pdf,Low,2026-07-22 23:34:00,2026-07-22 23:34:00,0.0,0.0,2.09,2.09,0.0,0.0,False
DIAMOND HARBOUR,api_vs_pdf,High,2026-07-23 05:14:00,2026-07-23 05:14:00,0.0,0.0,4.76,4.76,0.0,0.0,False
DIAMOND HARBOUR,api_vs_pdf,Low,2026-07-23 12:15:00,2026-07-23 12:15:00,0.0,0.0,2.45,2.45,0.0,0.0,False
DIAMOND HARBOUR,api_vs_pdf,High,2026-07-23 17:35:00,2026-07-23 17:35:00,0.0,0.0,4.5,4.5,0.0,0.0,False
DIAMOND HARBOUR,api_vs_pdf,Low,2026-07-24 00:52:00,2026-07-24 00:52:00,0.0,0.0,2.26,2.26,0.0,0.0,False
DIAMOND HARBOUR,api_vs_pdf,High,2026-07-24 06:54:00,2026-07-24 06:54:00,0.0,0.0,4.7,4.7,0.0,0.0,False
DIAMOND HARBOUR,api_vs_pdf,Low,2026-07-24 14:01:00,2026-07-24 14:01:00,0.0,0.0,2.47,2.47,0.0,0.0,False
DIAMOND HARBOUR,api_vs_pdf,High,2026-07-24 19:29:00,2026-07-24 19:29:00,0.0,0.0,4.42,4.42,0.0,0.0,False
DIAMOND HARBOUR,api_vs_pdf,Low,2026-07-25 02:32:00,2026-07-25 02:32:00,0.0,0.0,2.22,2.22,0.0,0.0,False
DIAMOND HARBOUR,api_vs_pdf,High,2026-07-25 08:26:00,2026-07-25 08:26:00,0.0,0.0,4.88,4.88,0.0,0.0,False
DIAMOND HARBOUR,api_vs_pdf,Low,2026-07-25 15:34:00,2026-07-25 15:34:00,0.0,0.0,2.27,2.27,0.0,0.0,False
DIAMOND HARBOUR,api_vs_pdf,High,2026-07-25 20:59:00,2026-07-25 20:59:00,0.0,0.0,4.58,4.58,0.0,0.0,False
DIAMOND HARBOUR,api_vs_pdf,Low,2026-07-26 03:53:00,2026-07-26 03:53:00,0.0,0.0,2.01,2.01,0.0,0.0,False
DIAMOND HARBOUR,api_vs_pdf,High,2026-07-26 09:23:00,2026-07-26 09:23:00,0.0,0.0,5.15,5.15,0.0,0.0,False
DIAMOND HARBOUR,api_vs_pdf,Low,2026-07-26 16:41:00,2026-07-26 16:41:00,0.0,0.0,2.01,2.01,0.0,0.0,False
DIAMOND HARBOUR,api_vs_pdf,High,2026-07-26 21:53:00,2026-07-26 21:53:00,0.0,0.0,4.81,4.81,0.0,0.0,False
DIAMOND HARBOUR,api_vs_pdf,Low,2026-07-27 04:57:00,2026-07-27 04:57:00,0.0,0.0,1.78,1.78,0.0,0.0,False
DIAMOND HARBOUR,api_vs_pdf,High,2026-07-27 10:08:00,2026-07-27 10:08:00,0.0,0.0,5.43,5.43,0.0,0.0,False
DIAMOND HARBOUR,api_vs_pdf,Low,2026-07-27 17:35:00,2026-07-27 17:35:00,0.0,0.0,1.79,1.79,0.0,0.0,False
DIAMOND HARBOUR,api_vs_pdf,High,2026-07-27 22:33:00,2026-07-27 22:33:00,0.0,0.0,5.04,5.04,0.0,0.0,False
DIAMOND HARBOUR,api_vs_pdf,Low,2026-07-28 05:50:00,2026-07-28 05:50:00,0.0,0.0,1.59,1.59,0.0,0.0,False
DIAMOND HARBOUR,api_vs_pdf,High,2026-07-28 10:43:00,2026-07-28 10:43:00,0.0,0.0,5.67,5.67,0.0,0.0,False
DIAMOND HARBOUR,api_vs_pdf,Low,2026-07-28 18:18:00,2026-07-28 18:18:00,0.0,0.0,1.61,1.61,0.0,0.0,False
DIAMOND HARBOUR,api_vs_pdf,High,2026-07-28 23:04:00,2026-07-28 23:04:00,0.0,0.0,5.26,5.26,0.0,0.0,False
DIAMOND HARBOUR,api_vs_pdf,Low,2026-07-29 06:32:00,2026-07-29 06:32:00,0.0,0.0,1.45,1.45,0.0,0.0,False
DIAMOND HARBOUR,api_vs_pdf,High,2026-07-29 11:11:00,2026-07-29 11:11:00,0.0,0.0,5.89,5.89,0.0,0.0,False
DIAMOND HARBOUR,api_vs_pdf,Low,2026-07-29 18:54:00,2026-07-29 18:54:00,0.0,0.0,1.47,1.47,0.0,0.0,False
DIAMOND HARBOUR,api_vs_pdf,High,2026-07-29 23:28:00,2026-07-29 23:28:00,0.0,0.0,5.48,5.48,0.0,0.0,False
DIAMOND HARBOUR,api_vs_pdf,Low,2026-07-30 07:07:00,2026-07-30 07:07:00,0.0,0.0,1.36,1.36,0.0,0.0,False
DIAMOND HARBOUR,api_vs_pdf,High,2026-07-30 11:32:00,2026-07-30 11:32:00,0.0,0.0,6.06,6.06,0.0,0.0,False
DIAMOND HARBOUR,api_vs_pdf,Low,2026-07-30 19:25:00,2026-07-30 19:25:00,0.0,0.0,1.36,1.36,0.0,0.0,False
DIAMOND HARBOUR,api_vs_pdf,High,2026-07-30 23:50:00,2026-07-30 23:50:00,0.0,0.0,5.67,5.67,0.0,0.0,False
DIAMOND HARBOUR,api_vs_pdf,Low,2026-07-31 07:37:00,2026-07-31 07:37:00,0.0,0.0,1.29,1.29,0.0,0.0,False
DIAMOND HARBOUR,api_vs_pdf,High,2026-07-31 11:55:00,2026-07-31 11:55:00,0.0,0.0,6.16,6.16,0.0,0.0,False
DIAMOND HARBOUR,api_vs_pdf,Low,2026-07-31 19:56:00,2026-07-31 19:56:00,0.0,0.0,1.27,1.27,0.0,0.0,False
DIAMOND HARBOUR,api_vs_pdf,High,2026-08-01 00:15:00,2026-08-01 00:15:00,0.0,0.0,5.82,5.82,0.0,0.0,False
DIAMOND HARBOUR,api_vs_pdf,Low,2026-08-01 08:09:00,2026-08-01 08:09:00,0.0,0.0,1.27,1.27,0.0,0.0,False
DIAMOND HARBOUR,api_vs_pdf,High,2026-08-01 12:24:00,2026-08-01 12:24:00,0.0,0.0,6.16,6.16,0.0,0.0,False
DIAMOND HARBOUR,api_vs_pdf,Low,2026-08-01 20:30:00,2026-08-01 20:30:00,0.0,0.0,1.23,1.23,0.0,0.0,False
DIAMOND HARBOUR,api_vs_pdf,High,2026-08-02 00:46:00,2026-08-02 00:46:00,0.0,0.0,5.88,5.88,0.0,0.0,False
DIAMOND HARBOUR,api_vs_pdf,Low,2026-08-02 08:43:00,2026-08-02 08:43:00,0.0,0.0,1.3,1.3,0.0,0.0,False
DIAMOND HARBOUR,api_vs_pdf,High,2026-08-02 12:59:00,2026-08-02 12:59:00,0.0,0.0,6.08,6.08,0.0,0.0,False
DIAMOND HARBOUR,api_vs_pdf,Low,2026-08-02 21:03:00,2026-08-02 21:03:00,0.0,0.0,1.24,1.24,0.0,0.0,False
DIAMOND HARBOUR,api_vs_pdf,High,2026-08-03 01:20:00,2026-08-03 01:20:00,0.0,0.0,5.87,5.87,0.0,0.0,False
DIAMOND HARBOUR,api_vs_pdf,Low,2026-08-03 09:14:00,2026-08-03 09:14:00,0.0,0.0,1.39,1.39,0.0,0.0,False
DIAMOND HARBOUR,api_vs_pdf,High,2026-08-03 13:36:00,2026-08-03 13:36:00,0.0,0.0,5.93,5.93,0.0,0.0,False
DIAMOND HARBOUR,api_vs_pdf,Low,2026-08-03 21:34:00,2026-08-03 21:34:00,0.0,0.0,1.29,1.29,0.0,0.0,False
DIAMOND HARBOUR,api_vs_pdf,High,2026-08-04 01:59:00,2026-08-04 01:59:00,0.0,0.0,5.8,5.8,0.0,0.0,False
DIAMOND HARBOUR,api_vs_pdf,Low,2026-08-04 09:43:00,2026-08-04 09:43:00,0.0,0.0,1.52,1.52,0.0,0.0,False
DIAMOND HARBOUR,api_vs_pdf,High,2026-08-04 14:15:00,2026-08-04 14:15:00,0.0,0.0,5.75,5.75,0.0,0.0,False
DIAMOND HARBOUR,api_vs_pdf,Low,2026-08-04 22:04:00,2026-08-04 22:04:00,0.0,0.0,1.38,1.38,0.0,0.0,False
DIAMOND HARBOUR,api_vs_pdf,High,2026-08-05 02:39:00,2026-08-05 02:39:00,0.0,0.0,5.67,5.67,0.0,0.0,False
DIAMOND HARBOUR,api_vs_pdf,Low,2026-08-05 10:12:00,2026-08-05 10:12:00,0.0,0.0,1.7,1.7,0.0,0.0,False
DIAMOND HARBOUR,api_vs_pdf,High,2026-08-05 14:55:00,2026-08-05 14:55:00,0.0,0.0,5.51,5.51,0.0,0.0,False
DIAMOND HARBOUR,api_vs_pdf,Low,2026-08-05 22:35:00,2026-08-05 22:35:00,0.0,0.0,1.52,1.52,0.0,0.0,False
DIAMOND HARBOUR,api_vs_pdf,High,2026-08-06 03:22:00,2026-08-06 03:22:00,0.0,0.0,5.46,5.46,0.0,0.0,False
DIAMOND HARBOUR,api_vs_pdf,Low,2026-08-06 10:50:00,2026-08-06 10:50:00,0.0,0.0,1.93,1.93,0.0,0.0,False
DIAMOND HARBOUR,api_vs_pdf,High,2026-08-06 15:44:00,2026-08-06 15:44:00,0.0,0.0,5.19,5.19,0.0,0.0,False
DIAMOND HARBOUR,api_vs_pdf,Low,2026-08-06 23:16:00,2026-08-06 23:16:00,0.0,0.0,1.74,1.74,0.0,0.0,False
DIAMOND HARBOUR,api_vs_pdf,High,2026-08-07 04:22:00,2026-08-07 04:22:00,0.0,0.0,5.18,5.18,0.0,0.0,False
DIAMOND HARBOUR,api_vs_pdf,Low,2026-08-07 11:50:00,2026-08-07 11:50:00,0.0,0.0,2.17,2.17,0.0,0.0,False
DIAMOND HARBOUR,api_vs_pdf,High,2026-08-07 16:58:00,2026-08-07 16:58:00,0.0,0.0,4.84,4.84,0.0,0.0,False
DIAMOND HARBOUR,api_vs_pdf,Low,2026-08-08 00:28:00,2026-08-08 00:28:00,0.0,0.0,1.96,1.96,0.0,0.0,False
DIAMOND HARBOUR,api_vs_pdf,High,2026-08-08 06:10:00,2026-08-08 06:10:00,0.0,0.0,5.03,5.03,0.0,0.0,False
DIAMOND HARBOUR,api_vs_pdf,Low,2026-08-08 13:36:00,2026-08-08 13:36:00,0.0,0.0,2.25,2.25,0.0,0.0,False
DIAMOND HARBOUR,api_vs_pdf,High,2026-08-08 18:53:00,2026-08-08 18:53:00,0.0,0.0,4.73,4.73,0.0,0.0,False
DIAMOND HARBOUR,api_vs_pdf,Low,2026-08-09 02:18:00,2026-08-09 02:18:00,0.0,0.0,1.97,1.97,0.0,0.0,False
DIAMOND HARBOUR,api_vs_pdf,High,2026-08-09 07:48:00,2026-08-09 07:48:00,0.0,0.0,5.22,5.22,0.0,0.0,False
DIAMOND HARBOUR,api_vs_pdf,Low,2026-08-09 15:29:00,2026-08-09 15:29:00,0.0,0.0,2.0,2.0,0.0,0.0,False
DIAMOND HARBOUR,api_vs_pdf,High,2026-08-09 20:27:00,2026-08-09 20:27:00,0.0,0.0,4.96,4.96,0.0,0.0,False
DIAMOND HARBOUR,api_vs_pdf,Low,2026-08-10 03:57:00,2026-08-10 03:57:00,0.0,0.0,1.71,1.71,0.0,0.0,False
DIAMOND HARBOUR,api_vs_pdf,High,2026-08-10 09:01:00,2026-08-10 09:01:00,0.0,0.0,5.61,5.61,0.0,0.0,False
DIAMOND HARBOUR,api_vs_pdf,Low,2026-08-10 16:56:00,2026-08-10 16:56:00,0.0,0.0,1.6,1.6,0.0,0.0,False
DIAMOND HARBOUR,api_vs_pdf,High,2026-08-10 21:35:00,2026-08-10 21:35:00,0.0,0.0,5.36,5.36,0.0,0.0,False
DIAMOND HARBOUR,api_vs_pdf,Low,2026-08-11 05:17:00,2026-08-11 05:17:00,0.0,0.0,1.38,1.38,0.0,0.0,False
DIAMOND HARBOUR,api_vs_pdf,High,2026-08-11 09:54:00,2026-08-11 09:54:00,0.0,0.0,6.03,6.03,0.0,0.0,False
DIAMOND HARBOUR,api_vs_pdf,Low,2026-08-11 18:02:00,2026-08-11 18:02:00,0.0,0.0,1.24,1.24,0.0,0.0,False
DIAMOND HARBOUR,api_vs_pdf,High,2026-08-11 22:24:00,2026-08-11 22:24:00,0.0,0.0,5.77,5.77,0.0,0.0,False
DIAMOND HARBOUR,api_vs_pdf,Low,2026-08-12 06:22:00,2026-08-12 06:22:00,0.0,0.0,1.1,1.1,0.0,0.0,False
DIAMOND HARBOUR,api_vs_pdf,High,2026-08-12 10:36:00,2026-08-12 10:36:00,0.0,0.0,6.37,6.37,0.0,0.0,False
DIAMOND HARBOUR,api_vs_pdf,Low,2026-08-12 18:55:00,2026-08-12 18:55:00,0.0,0.0,0.98,0.98,0.0,0.0,False
DIAMOND HARBOUR,api_vs_pdf,High,2026-08-12 23:04:00,2026-08-12 23:04:00,0.0,0.0,6.1,6.1,0.0,0.0,False
DIAMOND HARBOUR,api_vs_pdf,Low,2026-08-13 07:13:00,2026-08-13 07:13:00,0.0,0.0,0.95,0.95,0.0,0.0,False
DIAMOND HARBOUR,api_vs_pdf,High,2026-08-13 11:12:00,2026-08-13 11:12:00,0.0,0.0,6.56,6.56,0.0,0.0,False
DIAMOND HARBOUR,api_vs_pdf,Low,2026-08-13 19:38:00,2026-08-13 19:38:00,0.0,0.0,0.86,0.86,0.0,0.0,False
DIAMOND HARBOUR,api_vs_pdf,High,2026-08-13 23:37:00,2026-08-13 23:37:00,0.0,0.0,6.29,6.29,0.0,0.0,False
DIAMOND HARBOUR,api_vs_pdf,Low,2026-08-14 07:54:00,2026-08-14 07:54:00,0.0,0.0,0.93,0.93,0.0,0.0,False
DIAMOND HARBOUR,api_vs_pdf,High,2026-08-14 11:45:00,2026-08-14 11:45:00,0.0,0.0,6.57,6.57,0.0,0.0,False
DIAMOND HARBOUR,api_vs_pdf,Low,2026-08-14 20:13:00,2026-08-14 20:13:00,0.0,0.0,0.88,0.88,0.0,0.0,False
DIAMOND HARBOUR,api_vs_pdf,High,2026-08-15 00:09:00,2026-08-15 00:09:00,0.0,0.0,6.31,6.31,0.0,0.0,False
DIAMOND HARBOUR,api_vs_pdf,Low,2026-08-15 08:28:00,2026-08-15 08:28:00,0.0,0.0,1.03,1.03,0.0,0.0,False
DIAMOND HARBOUR,api_vs_pdf,High,2026-08-15 12:22:00,2026-08-15 12:22:00,0.0,0.0,6.41,6.41,0.0,0.0,False
DIAMOND HARBOUR,api_vs_pdf,Low,2026-08-15 20:44:00,2026-08-15 20:44:00,0.0,0.0,1.01,1.01,0.0,0.0,False
DIAMOND HARBOUR,api_vs_pdf,High,2026-08-16 00:43:00,2026-08-16 00:43:00,0.0,0.0,6.19,6.19,0.0,0.0,False
DIAMOND HARBOUR,api_vs_pdf,Low,2026-08-16 08:57:00,2026-08-16 08:57:00,0.0,0.0,1.22,1.22,0.0,0.0,False
DIAMOND HARBOUR,api_vs_pdf,High,2026-08-16 12:59:00,2026-08-16 12:59:00,0.0,0.0,6.14,6.14,0.0,0.0,False
DIAMOND HARBOUR,api_vs_pdf,Low,2026-08-16 21:08:00,2026-08-16 21:08:00,0.0,0.0,1.19,1.19,0.0,0.0,False
DIAMOND HARBOUR,api_vs_pdf,High,2026-08-17 01:20:00,2026-08-17 01:20:00,0.0,0.0,5.98,5.98,0.0,0.0,False
DIAMOND HARBOUR,api_vs_pdf,Low,2026-08-17 09:19:00,2026-08-17 09:19:00,0.0,0.0,1.42,1.42,0.0,0.0,False
DIAMOND HARBOUR,api_vs_pdf,High,2026-08-17 13:36:00,2026-08-17 13:36:00,0.0,0.0,5.83,5.83,0.0,0.0,False
DIAMOND HARBOUR,api_vs_pdf,Low,2026-08-17 21:28:00,2026-08-17 21:28:00,0.0,0.0,1.37,1.37,0.0,0.0,False
DIAMOND HARBOUR,api_vs_pdf,High,2026-08-18 01:55:00,2026-08-18 01:55:00,0.0,0.0,5.74,5.74,0.0,0.0,False
DIAMOND HARBOUR,api_vs_pdf,Low,2026-08-18 09:37:00,2026-08-18 09:37:00,0.0,0.0,1.63,1.63,0.0,0.0,False
DIAMOND HARBOUR,api_vs_pdf,High,2026-08-18 14:10:00,2026-08-18 14:10:00,0.0,0.0,5.5,5.5,0.0,0.0,False
DIAMOND HARBOUR,api_vs_pdf,Low,2026-08-18 21:46:00,2026-08-18 21:46:00,0.0,0.0,1.56,1.56,0.0,0.0,False
DIAMOND HARBOUR,api_vs_pdf,High,2026-08-19 02:30:00,2026-08-19 02:30:00,0.0,0.0,5.46,5.46,0.0,0.0,False
DIAMOND HARBOUR,api_vs_pdf,Low,2026-08-19 09:53:00,2026-08-19 09:53:00,0.0,0.0,1.86,1.86,0.0,0.0,False
DIAMOND HARBOUR,api_vs_pdf,High,2026-08-19 14:41:00,2026-08-19 14:41:00,0.0,0.0,5.17,5.17,0.0,0.0,False
DIAMOND HARBOUR,api_vs_pdf,Low,2026-08-19 22:02:00,2026-08-19 22:02:00,0.0,0.0,1.79,1.79,0.0,0.0,False
DIAMOND HARBOUR,api_vs_pdf,High,2026-08-20 03:03:00,2026-08-20 03:03:00,0.0,0.0,5.13,5.13,0.0,0.0,False
DIAMOND HARBOUR,api_vs_pdf,Low,2026-08-20 10:15:00,2026-08-20 10:15:00,0.0,0.0,2.15,2.15,0.0,0.0,False
DIAMOND HARBOUR,api_vs_pdf,High,2026-08-20 15:12:00,2026-08-20 15:12:00,0.0,0.0,4.79,4.79,0.0,0.0,False
DIAMOND HARBOUR,api_vs_pdf,Low,2026-08-20 22:26:00,2026-08-20 22:26:00,0.0,0.0,2.09,2.09,0.0,0.0,False
DIAMOND HARBOUR,api_vs_pdf,High,2026-08-21 03:48:00,2026-08-21 03:48:00,0.0,0.0,4.76,4.76,0.0,0.0,False
DIAMOND HARBOUR,api_vs_pdf,Low,2026-08-21 10:57:00,2026-08-21 10:57:00,0.0,0.0,2.47,2.47,0.0,0.0,False
DIAMOND HARBOUR,api_vs_pdf,High,2026-08-21 16:01:00,2026-08-21 16:01:00,0.0,0.0,4.4,4.4,0.0,0.0,False
DIAMOND HARBOUR,api_vs_pdf,Low,2026-08-21 23:26:00,2026-08-21 23:26:00,0.0,0.0,2.39,2.39,0.0,0.0,False
DIAMOND HARBOUR,api_vs_pdf,High,2026-08-22 05:55:00,2026-08-22 05:55:00,0.0,0.0,4.49,4.49,0.0,0.0,False
DIAMOND HARBOUR,api_vs_pdf,Low,2026-08-22 13:06:00,2026-08-22 13:06:00,0.0,0.0,2.63,2.63,0.0,0.0,False
DIAMOND HARBOUR,api_vs_pdf,High,2026-08-22 18:44:00,2026-08-22 18:44:00,0.0,0.0,4.18,4.18,0.0,0.0,False
DIAMOND HARBOUR,api_vs_pdf,Low,2026-08-23 01:51:00,2026-08-23 01:51:00,0.0,0.0,2.42,2.42,0.0,0.0,False
DIAMOND HARBOUR,api_vs_pdf,High,2026-08-23 08:04:00,2026-08-23 08:04:00,0.0,0.0,4.68,4.68,0.0,0.0,False
DIAMOND HARBOUR,api_vs_pdf,Low,2026-08-23 15:12:00,2026-08-23 15:12:00,0.0,0.0,2.36,2.36,0.0,0.0,False
DIAMOND HARBOUR,api_vs_pdf,High,2026-08-23 20:48:00,2026-08-23 20:48:00,0.0,0.0,4.44,4.44,0.0,0.0,False
DIAMOND HARBOUR,api_vs_pdf,Low,2026-08-24 03:29:00,2026-08-24 03:29:00,0.0,0.0,2.12,2.12,0.0,0.0,False
DIAMOND HARBOUR,api_vs_pdf,High,2026-08-24 09:02:00,2026-08-24 09:02:00,0.0,0.0,5.03,5.03,0.0,0.0,False
DIAMOND HARBOUR,api_vs_pdf,Low,2026-08-24 16:20:00,2026-08-24 16:20:00,0.0,0.0,2.0,2.0,0.0,0.0,False
DIAMOND HARBOUR,api_vs_pdf,High,2026-08-24 21:36:00,2026-08-24 21:36:00,0.0,0.0,4.79,4.79,0.0,0.0,False
DIAMOND HARBOUR,api_vs_pdf,Low,2026-08-25 04:36:00,2026-08-25 04:36:00,0.0,0.0,1.8,1.8,0.0,0.0,False
DIAMOND HARBOUR,api_vs_pdf,High,2026-08-25 09:46:00,2026-08-25 09:46:00,0.0,0.0,5.38,5.38,0.0,0.0,False
DIAMOND HARBOUR,api_vs_pdf,Low,2026-08-25 17:14:00,2026-08-25 17:14:00,0.0,0.0,1.69,1.69,0.0,0.0,False
DIAMOND HARBOUR,api_vs_pdf,High,2026-08-25 22:14:00,2026-08-25 22:14:00,0.0,0.0,5.12,5.12,0.0,0.0,False
DIAMOND HARBOUR,api_vs_pdf,Low,2026-08-26 05:31:00,2026-08-26 05:31:00,0.0,0.0,1.54,1.54,0.0,0.0,False
DIAMOND HARBOUR,api_vs_pdf,High,2026-08-26 10:21:00,2026-08-26 10:21:00,0.0,0.0,5.7,5.7,0.0,0.0,False
DIAMOND HARBOUR,api_vs_pdf,Low,2026-08-26 18:01:00,2026-08-26 18:01:00,0.0,0.0,1.44,1.44,0.0,0.0,False
DIAMOND HARBOUR,api_vs_pdf,High,2026-08-26 22:42:00,2026-08-26 22:42:00,0.0,0.0,5.45,5.45,0.0,0.0,False
DIAMOND HARBOUR,api_vs_pdf,Low,2026-08-27 06:17:00,2026-08-27 06:17:00,0.0,0.0,1.35,1.35,0.0,0.0,False
DIAMOND HARBOUR,api_vs_pdf,High,2026-08-27 10:47:00,2026-08-27 10:47:00,0.0,0.0,5.97,5.97,0.0,0.0,False
DIAMOND HARBOUR,api_vs_pdf,Low,2026-08-27 18:39:00,2026-08-27 18:39:00,0.0,0.0,1.25,1.25,0.0,0.0,False
DIAMOND HARBOUR,api_vs_pdf,High,2026-08-27 23:03:00,2026-08-27 23:03:00,0.0,0.0,5.77,5.77,0.0,0.0,False
DIAMOND HARBOUR,api_vs_pdf,Low,2026-08-28 06:54:00,2026-08-28 06:54:00,0.0,0.0,1.21,1.21,0.0,0.0,False
DIAMOND HARBOUR,api_vs_pdf,High,2026-08-28 11:08:00,2026-08-28 11:08:00,0.0,0.0,6.2,6.2,0.0,0.0,False
DIAMOND HARBOUR,api_vs_pdf,Low,2026-08-28 19:11:00,2026-08-28 19:11:00,0.0,0.0,1.09,1.09,0.0,0.0,False
DIAMOND HARBOUR,api_vs_pdf,High,2026-08-28 23:21:00,2026-08-28 23:21:00,0.0,0.0,6.06,6.06,0.0,0.0,False
DIAMOND HARBOUR,api_vs_pdf,Low,2026-08-29 07:25:00,2026-08-29 07:25:00,0.0,0.0,1.1,1.1,0.0,0.0,False
DIAMOND HARBOUR,api_vs_pdf,High,2026-08-29 11:28:00,2026-08-29 11:28:00,0.0,0.0,6.35,6.35,0.0,0.0,False
DIAMOND HARBOUR,api_vs_pdf,Low,2026-08-29 19:41:00,2026-08-29 19:41:00,0.0,0.0,0.98,0.98,0.0,0.0,False
DIAMOND HARBOUR,api_vs_pdf,High,2026-08-29 23:42:00,2026-08-29 23:42:00,0.0,0.0,6.27,6.27,0.0,0.0,False
DIAMOND HARBOUR,api_vs_pdf,Low,2026-08-30 07:57:00,2026-08-30 07:57:00,0.0,0.0,1.04,1.04,0.0,0.0,False
DIAMOND HARBOUR,api_vs_pdf,High,2026-08-30 11:55:00,2026-08-30 11:55:00,0.0,0.0,6.39,6.39,0.0,0.0,False
DIAMOND HARBOUR,api_vs_pdf,Low,2026-08-30 20:12:00,2026-08-30 20:12:00,0.0,0.0,0.93,0.93,0.0,0.0,False
DIAMOND HARBOUR,api_vs_pdf,High,2026-08-31 00:11:00,2026-08-31 00:11:00,0.0,0.0,6.35,6.35,0.0,0.0,False
DIAMOND HARBOUR,api_vs_pdf,Low,2026-08-31 08:29:00,2026-08-31 08:29:00,0.0,0.0,1.06,1.06,0.0,0.0,False
DIAMOND HARBOUR,api_vs_pdf,High,2026-08-31 12:29:00,2026-08-31 12:29:00,0.0,0.0,6.29,6.29,0.0,0.0,False
DIAMOND HARBOUR,api_vs_pdf,Low,2026-08-31 20:44:00,2026-08-31 20:44:00,0.0,0.0,0.96,0.96,0.0,0.0,False
