port,comparison,state,pdf_datetime_ist,model_datetime_ist,time_error_minutes,absolute_time_error_minutes,pdf_height_m,model_height_m,height_error_m,absolute_height_error_m,unmatched_ref
HALDIA,model_vs_pdf,Low,2026-07-01 06:17:00,2026-07-01 05:54:53.090299902,-22.115161683333334,22.115161683333334,1.36,1.4331649647733866,0.07316496477338652,0.07316496477338652,False
HALDIA,model_vs_pdf,High,2026-07-01 11:19:00,2026-07-01 11:06:38.225783298,-12.362903616666667,12.362903616666667,5.62,5.802314992179387,0.18231499217938651,0.18231499217938651,False
HALDIA,model_vs_pdf,Low,2026-07-01 18:36:00,2026-07-01 18:23:56.675373768,-12.05541045,12.05541045,1.53,1.6325348313141517,0.10253483131415164,0.10253483131415164,False
HALDIA,model_vs_pdf,High,2026-07-01 23:36:00,2026-07-01 23:30:15.354392442,-5.7440934666666665,5.7440934666666665,5.11,5.3161688767101,0.20616887671009998,0.20616887671009998,False
HALDIA,model_vs_pdf,Low,2026-07-02 06:47:00,2026-07-02 06:28:57.145782684,-18.0475703,18.0475703,1.35,1.3880154271080327,0.03801542710803263,0.03801542710803263,False
HALDIA,model_vs_pdf,High,2026-07-02 11:49:00,2026-07-02 11:38:18.487909338,-10.691868183333334,10.691868183333334,5.65,5.826018441496225,0.17601844149622448,0.17601844149622448,False
HALDIA,model_vs_pdf,Low,2026-07-02 19:11:00,2026-07-02 19:00:16.126199250,-10.731230016666666,10.731230016666666,1.49,1.60004898626729,0.11004898626728998,0.11004898626728998,False
HALDIA,model_vs_pdf,High,2026-07-03 00:08:00,2026-07-03 00:00:37.618197432,-7.37303005,7.37303005,5.16,5.357334384150775,0.19733438415077487,0.19733438415077487,False
HALDIA,model_vs_pdf,Low,2026-07-03 07:19:00,2026-07-03 07:02:25.563821646,-16.573936316666668,16.573936316666668,1.39,1.422806842902626,0.03280684290262603,0.03280684290262603,False
HALDIA,model_vs_pdf,High,2026-07-03 12:24:00,2026-07-03 12:08:40.402242750,-15.3266293,15.3266293,5.62,5.793084460763104,0.17308446076310346,0.17308446076310346,False
HALDIA,model_vs_pdf,Low,2026-07-03 19:49:00,2026-07-03 19:34:27.598890738,-14.5400185,14.5400185,1.48,1.5906252341390583,0.11062523413905834,0.11062523413905834,False
HALDIA,model_vs_pdf,High,2026-07-04 00:44:00,2026-07-04 00:30:27.815447634,-13.536409216666668,13.536409216666668,5.17,5.368232331773939,0.19823233177393895,0.19823233177393895,False
HALDIA,model_vs_pdf,Low,2026-07-04 07:51:00,2026-07-04 07:34:48.774716136,-16.187088066666668,16.187088066666668,1.47,1.520636107263049,0.05063610726304901,0.05063610726304901,False
HALDIA,model_vs_pdf,High,2026-07-04 13:01:00,2026-07-04 12:40:52.998297444,-20.116695049999997,20.116695049999997,5.55,5.73284027358431,0.18284027358431043,0.18284027358431043,False
HALDIA,model_vs_pdf,Low,2026-07-04 20:24:00,2026-07-04 20:07:52.880285046,-16.118661916666667,16.118661916666667,1.48,1.607522515415964,0.12752251541596404,0.12752251541596404,False
HALDIA,model_vs_pdf,High,2026-07-05 01:22:00,2026-07-05 01:03:57.570863587,-18.04048561666667,18.04048561666667,5.16,5.36531683248321,0.2053168324832102,0.2053168324832102,False
HALDIA,model_vs_pdf,Low,2026-07-05 08:22:00,2026-07-05 08:07:41.010854100,-14.316485766666666,14.316485766666666,1.57,1.6486430530917204,0.07864305309172037,0.07864305309172037,False
HALDIA,model_vs_pdf,High,2026-07-05 13:39:00,2026-07-05 13:17:21.769997622,-21.637166716666666,21.637166716666666,5.45,5.64722671868257,0.19722671868257002,0.19722671868257002,False
HALDIA,model_vs_pdf,Low,2026-07-05 20:57:00,2026-07-05 20:40:31.046224140,-16.482562933333334,16.482562933333334,1.5,1.633317648813015,0.133317648813015,0.133317648813015,False
HALDIA,model_vs_pdf,High,2026-07-06 02:00:00,2026-07-06 01:43:36.661877573,-16.388968716666668,16.388968716666668,5.13,5.343033998652868,0.2130339986528682,0.2130339986528682,False
HALDIA,model_vs_pdf,Low,2026-07-06 08:54:00,2026-07-06 08:41:21.625015050,-12.639583083333333,12.639583083333333,1.69,1.8236368039293078,0.13363680392930788,0.13363680392930788,False
HALDIA,model_vs_pdf,High,2026-07-06 14:19:00,2026-07-06 13:59:11.420997174,-19.809650050000002,19.809650050000002,5.34,5.530572922161112,0.19057292216111232,0.19057292216111232,False
HALDIA,model_vs_pdf,Low,2026-07-06 21:28:00,2026-07-06 21:13:55.391091750,-14.07681515,14.07681515,1.52,1.6854591548019209,0.16545915480192086,0.16545915480192086,False
HALDIA,model_vs_pdf,High,2026-07-07 02:44:00,2026-07-07 02:29:51.784181466,-14.136930316666668,14.136930316666668,5.1,5.294542995694206,0.1945429956942064,0.1945429956942064,False
HALDIA,model_vs_pdf,Low,2026-07-07 09:32:00,2026-07-07 09:20:39.231855486,-11.34613575,11.34613575,1.82,1.9813916369796352,0.1613916369796351,0.1613916369796351,False
HALDIA,model_vs_pdf,High,2026-07-07 15:03:00,2026-07-07 14:50:41.607774864,-12.306537100000002,12.306537100000002,5.2,5.349085173604688,0.14908517360468743,0.14908517360468743,False
HALDIA,model_vs_pdf,Low,2026-07-07 22:05:00,2026-07-07 21:52:36.543928704,-12.390934533333333,12.390934533333333,1.58,1.7643002514315964,0.18430025143159634,0.18430025143159634,False
HALDIA,model_vs_pdf,High,2026-07-08 03:34:00,2026-07-08 03:25:49.303422936,-8.1782763,8.1782763,5.04,5.213290272202152,0.1732902722021521,0.1732902722021521,False
HALDIA,model_vs_pdf,Low,2026-07-08 10:23:00,2026-07-08 10:11:25.602100374,-11.573298333333334,11.573298333333334,1.96,2.143036713198872,0.18303671319887194,0.18303671319887194,False
HALDIA,model_vs_pdf,High,2026-07-08 15:59:00,2026-07-08 15:54:33.189398232,-4.446843366666667,4.446843366666667,5.01,5.159445358829895,0.14944535882989562,0.14944535882989562,False
HALDIA,model_vs_pdf,Low,2026-07-08 22:56:00,2026-07-08 22:39:32.347812672,-16.4608698,16.4608698,1.67,1.8689166972636149,0.19891669726361494,0.19891669726361494,False
HALDIA,model_vs_pdf,High,2026-07-09 04:41:00,2026-07-09 04:31:15.735219150,-9.73774635,9.73774635,4.98,5.126566122555794,0.14656612255579393,0.14656612255579393,False
HALDIA,model_vs_pdf,Low,2026-07-09 11:33:00,2026-07-09 11:17:36.103444650,-15.398275933333334,15.398275933333334,2.07,2.242141936888205,0.17214193688820512,0.17214193688820512,False
HALDIA,model_vs_pdf,High,2026-07-09 17:14:00,2026-07-09 17:08:52.430296530,-5.126161733333333,5.126161733333333,4.83,4.970291667903488,0.14029166790348757,0.14029166790348757,False
HALDIA,model_vs_pdf,Low,2026-07-10 00:09:00,2026-07-09 23:44:30.661985142,-24.488966916666666,24.488966916666666,1.74,1.9394012916168453,0.19940129161684528,0.19940129161684528,False
HALDIA,model_vs_pdf,High,2026-07-10 06:09:00,2026-07-10 05:52:48.811033452,-16.186482783333336,16.186482783333336,5.03,5.13972780181647,0.10972780181646957,0.10972780181646957,False
HALDIA,model_vs_pdf,Low,2026-07-10 13:05:00,2026-07-10 12:46:45.952298748,-18.234128366666667,18.234128366666667,2.05,2.2505582494004255,0.20055824940042566,0.20055824940042566,False
HALDIA,model_vs_pdf,High,2026-07-10 18:39:00,2026-07-10 18:31:24.319999860,-7.594666683333333,7.594666683333333,4.81,4.92334369812926,0.1133436981292606,0.1133436981292606,False
HALDIA,model_vs_pdf,Low,2026-07-11 01:38:00,2026-07-11 01:20:41.205814529,-17.313236433333334,17.313236433333334,1.69,1.9446243995244452,0.25462439952444527,0.25462439952444527,False
HALDIA,model_vs_pdf,High,2026-07-11 07:25:00,2026-07-11 07:17:46.881559968,-7.218640683333334,7.218640683333334,5.26,5.312402067650032,0.05240206765003208,0.05240206765003208,False
HALDIA,model_vs_pdf,Low,2026-07-11 14:38:00,2026-07-11 14:27:46.118228299,-10.231362866666666,10.231362866666666,1.86,2.095910740922868,0.2359107409228678,0.2359107409228678,False
HALDIA,model_vs_pdf,High,2026-07-11 19:53:00,2026-07-11 19:47:34.498989294,-5.4250168500000004,5.4250168500000004,4.96,5.039351296640862,0.07935129664086205,0.07935129664086205,False
HALDIA,model_vs_pdf,Low,2026-07-12 03:06:00,2026-07-12 02:49:22.296946026,-16.628384233333332,16.628384233333332,1.51,1.7608814935113286,0.2508814935113286,0.2508814935113286,False
HALDIA,model_vs_pdf,High,2026-07-12 08:30:00,2026-07-12 08:25:38.931368922,-4.351143866666666,4.351143866666666,5.58,5.59662461160071,0.016624611600709827,0.016624611600709827,False
HALDIA,model_vs_pdf,Low,2026-07-12 16:00:00,2026-07-12 15:44:10.658751738,-15.822354149999999,15.822354149999999,1.58,1.8408915027502224,0.2608915027502223,0.2608915027502223,False
HALDIA,model_vs_pdf,High,2026-07-12 20:57:00,2026-07-12 20:52:33.174932826,-4.4470844666666665,4.4470844666666665,5.2,5.249962979999041,0.04996297999904087,0.04996297999904087,False
HALDIA,model_vs_pdf,Low,2026-07-13 04:21:00,2026-07-13 04:00:52.706593902,-20.121556783333332,20.121556783333332,1.26,1.5099322310030738,0.24993223100307382,0.24993223100307382,False
HALDIA,model_vs_pdf,High,2026-07-13 09:24:00,2026-07-13 09:18:50.824199508,-5.152930016666667,5.152930016666667,5.92,5.912167669238975,-0.007832330761025297,0.007832330761025297,False
HALDIA,model_vs_pdf,Low,2026-07-13 17:04:00,2026-07-13 16:46:19.062239964,-17.682296016666665,17.682296016666665,1.3,1.5638618089595646,0.26386180895956457,0.26386180895956457,False
HALDIA,model_vs_pdf,High,2026-07-13 21:51:00,2026-07-13 21:48:16.514980068,-2.724750333333333,2.724750333333333,5.48,5.491242956710541,0.01124295671054032,0.01124295671054032,False
HALDIA,model_vs_pdf,Low,2026-07-14 05:24:00,2026-07-14 05:00:08.055545250,-23.865740916666667,23.865740916666667,1.04,1.2525069222497596,0.21250692224975953,0.21250692224975953,False
HALDIA,model_vs_pdf,High,2026-07-14 10:11:00,2026-07-14 10:03:57.659389188,-7.039010183333334,7.039010183333334,6.19,6.183238413910607,-0.006761586089393035,0.006761586089393035,False
HALDIA,model_vs_pdf,Low,2026-07-14 17:58:00,2026-07-14 17:41:40.116922836,-16.331384633333332,16.331384633333332,1.09,1.298027979358104,0.2080279793581039,0.2080279793581039,False
HALDIA,model_vs_pdf,High,2026-07-14 22:39:00,2026-07-14 22:36:23.157157116,-2.6140473833333333,2.6140473833333333,5.71,5.720009525376663,0.01000952537666322,0.01000952537666322,False
HALDIA,model_vs_pdf,Low,2026-07-15 06:17:00,2026-07-15 05:51:38.908575264,-25.351523750000002,25.351523750000002,0.92,1.045643825552936,0.12564382555293585,0.12564382555293585,False
HALDIA,model_vs_pdf,High,2026-07-15 10:57:00,2026-07-15 10:46:45.266706378,-10.2455549,10.2455549,6.33,6.339981505311194,0.009981505311193573,0.009981505311193573,False
HALDIA,model_vs_pdf,Low,2026-07-15 18:46:00,2026-07-15 18:29:52.683787944,-16.121936883333333,16.121936883333333,0.98,1.1223551810564378,0.14235518105643785,0.14235518105643785,False
HALDIA,model_vs_pdf,High,2026-07-15 23:26:00,2026-07-15 23:19:34.063180098,-6.432280333333334,6.432280333333334,5.83,5.866911122971865,0.03691112297186461,0.03691112297186461,False
HALDIA,model_vs_pdf,Low,2026-07-16 07:01:00,2026-07-16 06:37:26.301908478,-23.56163486666667,23.56163486666667,0.92,0.974286532223257,0.05428653222325697,0.05428653222325697,False
HALDIA,model_vs_pdf,High,2026-07-16 11:42:00,2026-07-16 11:29:54.662807473,-12.088953216666665,12.088953216666665,6.31,6.357125922834203,0.04712592283420314,0.04712592283420314,False
HALDIA,model_vs_pdf,Low,2026-07-16 19:29:00,2026-07-16 19:13:01.534645800,-15.974422583333334,15.974422583333334,0.98,1.0438717400141422,0.0638717400141422,0.0638717400141422,False
HALDIA,model_vs_pdf,High,2026-07-17 00:11:00,2026-07-17 00:03:49.719759468,-7.17133735,7.17133735,5.82,5.914463495502152,0.0944634955021515,0.0944634955021515,False
HALDIA,model_vs_pdf,Low,2026-07-17 07:42:00,2026-07-17 07:18:30.165964152,-23.497233933333334,23.497233933333334,1.04,1.0379386174300167,-0.002061382569983339,0.002061382569983339,False
HALDIA,model_vs_pdf,High,2026-07-17 12:28:00,2026-07-17 12:12:13.729522830,-15.771174633333334,15.771174633333334,6.13,6.258175924451303,0.12817592445130277,0.12817592445130277,False
HALDIA,model_vs_pdf,Low,2026-07-17 20:09:00,2026-07-17 19:52:17.517167658,-16.708047216666667,16.708047216666667,1.08,1.0790818052741449,-0.0009181947258551926,0.0009181947258551926,False
HALDIA,model_vs_pdf,High,2026-07-18 00:56:00,2026-07-18 00:46:18.270785388,-9.695486916666665,9.695486916666665,5.7,5.867529551497194,0.16752955149719373,0.16752955149719373,False
HALDIA,model_vs_pdf,Low,2026-07-18 08:17:00,2026-07-18 07:55:06.863451341,-21.88560915,21.88560915,1.24,1.1981495345500752,-0.04185046544992477,0.04185046544992477,False
HALDIA,model_vs_pdf,High,2026-07-18 13:12:00,2026-07-18 12:53:05.545201632,-18.907579983333335,18.907579983333335,5.85,6.063172395593273,0.21317239559327295,0.21317239559327295,False
HALDIA,model_vs_pdf,Low,2026-07-18 20:43:00,2026-07-18 20:26:27.648569856,-16.539190516666668,16.539190516666668,1.24,1.2204190916618454,-0.019580908338154623,0.019580908338154623,False
HALDIA,model_vs_pdf,High,2026-07-19 01:38:00,2026-07-19 01:25:51.499677780,-12.14167205,12.14167205,5.51,5.724549779253283,0.2145497792532831,0.2145497792532831,False
HALDIA,model_vs_pdf,Low,2026-07-19 08:46:00,2026-07-19 08:27:19.057307580,-18.682378216666667,18.682378216666667,1.47,1.4289320520481532,-0.04106794795184676,0.04106794795184676,False
HALDIA,model_vs_pdf,High,2026-07-19 13:54:00,2026-07-19 13:33:13.304053512,-20.77826578333333,20.77826578333333,5.54,5.763479520007035,0.22347952000703497,0.22347952000703497,False
HALDIA,model_vs_pdf,Low,2026-07-19 21:09:00,2026-07-19 20:56:04.383570738,-12.9269405,12.9269405,1.42,1.4397470983940674,0.01974709839406752,0.01974709839406752,False
HALDIA,model_vs_pdf,High,2026-07-20 02:16:00,2026-07-20 02:05:26.967536244,-10.550541066666666,10.550541066666666,5.29,5.52371330443804,0.23371330443803995,0.23371330443803995,False
HALDIA,model_vs_pdf,Low,2026-07-20 09:11:00,2026-07-20 08:56:47.139210054,-14.2143465,14.2143465,1.71,1.7394066424322088,0.029406642432208807,0.029406642432208807,False
HALDIA,model_vs_pdf,High,2026-07-20 14:31:00,2026-07-20 14:13:30.915324534,-17.4847446,17.4847446,5.22,5.451461412591733,0.23146141259173358,0.23146141259173358,False
HALDIA,model_vs_pdf,Low,2026-07-20 21:32:00,2026-07-20 21:22:46.317393036,-9.22804345,9.22804345,1.6,1.7223093047277673,0.12230930472776724,0.12230930472776724,False
HALDIA,model_vs_pdf,High,2026-07-21 02:52:00,2026-07-21 02:44:07.432229970,-7.8761295166666665,7.8761295166666665,5.07,5.291159629601995,0.22115962960199465,0.22115962960199465,False
HALDIA,model_vs_pdf,Low,2026-07-21 09:36:00,2026-07-21 09:23:08.411604126,-12.8598066,12.8598066,1.96,2.0573634117718482,0.09736341177184826,0.09736341177184826,False
HALDIA,model_vs_pdf,High,2026-07-21 15:06:00,2026-07-21 14:54:38.127609288,-11.36453985,11.36453985,4.91,5.13489636974504,0.22489636974504013,0.22489636974504013,False
HALDIA,model_vs_pdf,Low,2026-07-21 21:57:00,2026-07-21 21:48:50.486388624,-8.1585602,8.1585602,1.81,1.9984819397013136,0.18848193970131355,0.18848193970131355,False
HALDIA,model_vs_pdf,High,2026-07-22 03:33:00,2026-07-22 03:26:15.545311494,-6.740911483333333,6.740911483333333,4.83,5.037265469410546,0.20726546941054558,0.20726546941054558,False
HALDIA,model_vs_pdf,Low,2026-07-22 10:12:00,2026-07-22 09:58:48.557019378,-13.19071635,13.19071635,2.23,2.3383882341821383,0.10838823418213828,0.10838823418213828,False
HALDIA,model_vs_pdf,High,2026-07-22 15:52:00,2026-07-22 15:44:14.829886530,-7.752835233333333,7.752835233333333,4.59,4.77852452777233,0.18852452777232998,0.18852452777232998,False
HALDIA,model_vs_pdf,Low,2026-07-22 22:37:00,2026-07-22 22:24:44.085764952,-12.265237266666666,12.265237266666666,2.06,2.2432481076933866,0.1832481076933865,0.1832481076933865,False
HALDIA,model_vs_pdf,High,2026-07-23 04:40:00,2026-07-23 04:26:11.321641422,-13.811305983333334,13.811305983333334,4.6,4.754897420459383,0.15489742045938293,0.15489742045938293,False
HALDIA,model_vs_pdf,Low,2026-07-23 11:21:00,2026-07-23 10:55:07.825790310,-25.869570166666666,25.869570166666666,2.46,2.6187072804651916,0.15870728046519167,0.15870728046519167,False
HALDIA,model_vs_pdf,High,2026-07-23 17:07:00,2026-07-23 16:51:40.218075936,-15.32969875,15.32969875,4.32,4.446733681756418,0.1267336817564173,0.1267336817564173,False
HALDIA,model_vs_pdf,Low,2026-07-23 23:58:00,2026-07-23 23:23:54.790522086,-34.086824633333336,34.086824633333336,2.25,2.4751213169713155,0.22512131697131554,0.22512131697131554,False
HALDIA,model_vs_pdf,High,2026-07-24 06:22:00,2026-07-24 05:50:39.876011490,-31.335399816666666,31.335399816666666,4.54,4.611528212564487,0.07152821256448672,0.07152821256448672,False
HALDIA,model_vs_pdf,Low,2026-07-24 13:11:00,2026-07-24 12:27:42.109049070,-43.298182516666664,43.298182516666664,2.49,2.6879217162895213,0.19792171628952104,0.19792171628952104,False
HALDIA,model_vs_pdf,High,2026-07-24 19:02:00,2026-07-24 18:23:11.088809016,-38.81518651666667,38.81518651666667,4.26,4.301290973871831,0.04129097387183123,0.04129097387183123,False
HALDIA,model_vs_pdf,Low,2026-07-25 01:41:00,2026-07-25 01:12:22.708916580,-28.621518066666667,28.621518066666667,2.22,2.4152246332493004,0.19522463324930017,0.19522463324930017,False
HALDIA,model_vs_pdf,High,2026-07-25 07:56:00,2026-07-25 07:18:57.332797296,-37.044453383333334,37.044453383333334,4.73,4.73354052422569,0.003540524225689623,0.003540524225689623,False
HALDIA,model_vs_pdf,Low,2026-07-25 14:45:00,2026-07-25 14:20:35.370179082,-24.410497016666667,24.410497016666667,2.29,2.4486114139985835,0.15861141399858347,0.15861141399858347,False
HALDIA,model_vs_pdf,High,2026-07-25 20:31:00,2026-07-25 19:49:38.420363088,-41.359660616666666,41.359660616666666,4.43,4.426077500663811,-0.003922499336188601,0.003922499336188601,False
HALDIA,model_vs_pdf,Low,2026-07-26 03:04:00,2026-07-26 02:34:08.067341070,-29.865544316666668,29.865544316666668,2.02,2.185238236364954,0.16523823636495383,0.16523823636495383,False
HALDIA,model_vs_pdf,High,2026-07-26 08:53:00,2026-07-26 08:21:48.968185602,-31.183863583333334,31.183863583333334,5.01,5.038876927682832,0.028876927682832232,0.028876927682832232,False
HALDIA,model_vs_pdf,Low,2026-07-26 15:53:00,2026-07-26 15:26:56.728417686,-26.054526383333332,26.054526383333332,2.03,2.2120333846479836,0.1820333846479838,0.1820333846479838,False
HALDIA,model_vs_pdf,High,2026-07-26 21:23:00,2026-07-26 20:51:32.258167290,-31.462363883333335,31.462363883333335,4.66,4.683918162286745,0.023918162286745037,0.023918162286745037,False
HALDIA,model_vs_pdf,Low,2026-07-27 04:08:00,2026-07-27 03:33:52.009316832,-34.133178066666666,34.133178066666666,1.77,1.9425723948164175,0.1725723948164175,0.1725723948164175,False
HALDIA,model_vs_pdf,High,2026-07-27 09:37:00,2026-07-27 09:10:24.920073360,-26.58466545,26.58466545,5.28,5.336810636625299,0.05681063662529873,0.05681063662529873,False
HALDIA,model_vs_pdf,Low,2026-07-27 16:43:00,2026-07-27 16:18:06.449287266,-24.892511883333334,24.892511883333334,1.78,1.9897429976767373,0.20974299767673732,0.20974299767673732,False
HALDIA,model_vs_pdf,High,2026-07-27 22:00:00,2026-07-27 21:35:27.858270348,-24.5356955,24.5356955,4.88,4.976542061247427,0.09654206124742704,0.09654206124742704,False
HALDIA,model_vs_pdf,Low,2026-07-28 04:58:00,2026-07-28 04:24:51.449280144,-33.142511999999996,33.142511999999996,1.56,1.7364096669103464,0.17640966691034632,0.17640966691034632,False
HALDIA,model_vs_pdf,High,2026-07-28 10:11:00,2026-07-28 09:47:31.483898976,-23.47526836666667,23.47526836666667,5.52,5.640562723133033,0.12056272313303307,0.12056272313303307,False
HALDIA,model_vs_pdf,Low,2026-07-28 17:22:00,2026-07-28 17:01:52.990403160,-20.116826616666668,20.116826616666668,1.57,1.7532623831621317,0.18326238316213161,0.18326238316213161,False
HALDIA,model_vs_pdf,High,2026-07-28 22:28:00,2026-07-28 22:10:35.262186288,-17.4122969,17.4122969,5.08,5.255140849590471,0.17514084959047072,0.17514084959047072,False
HALDIA,model_vs_pdf,Low,2026-07-29 05:36:00,2026-07-29 05:09:35.526888102,-26.4078852,26.4078852,1.39,1.476665240880418,0.08666524088041805,0.08666524088041805,False
HALDIA,model_vs_pdf,High,2026-07-29 10:37:00,2026-07-29 10:17:21.272636502,-19.645456066666668,19.645456066666668,5.72,5.874947668672062,0.15494766867206256,0.15494766867206256,False
HALDIA,model_vs_pdf,Low,2026-07-29 17:56:00,2026-07-29 17:41:12.211863895,-14.79646895,14.79646895,1.41,1.5086836829368095,0.09868368293680962,0.09868368293680962,False
HALDIA,model_vs_pdf,High,2026-07-29 22:52:00,2026-07-29 22:41:21.613523994,-10.639774616666667,10.639774616666667,5.27,5.499940259173797,0.22994025917379712,0.22994025917379712,False
HALDIA,model_vs_pdf,Low,2026-07-30 06:09:00,2026-07-30 05:48:35.164122864,-20.4139313,20.4139313,1.27,1.2569475111472694,-0.013052488852730582,0.013052488852730582,False
HALDIA,model_vs_pdf,High,2026-07-30 10:59:00,2026-07-30 10:45:41.905374006,-13.3015771,13.3015771,5.88,6.069744633348118,0.18974463334811809,0.18974463334811809,False
HALDIA,model_vs_pdf,Low,2026-07-30 18:26:00,2026-07-30 18:18:34.784279022,-7.420262016666666,7.420262016666666,1.27,1.3245947202387118,0.054594720238711814,0.054594720238711814,False
HALDIA,model_vs_pdf,High,2026-07-30 23:15:00,2026-07-30 23:09:43.781916486,-5.270301399999999,5.270301399999999,5.45,5.7203212379920965,0.2703212379920963,0.2703212379920963,False
HALDIA,model_vs_pdf,Low,2026-07-31 06:38:00,2026-07-31 06:24:48.582453966,-13.19029245,13.19029245,1.18,1.1430642878653836,-0.03693571213461633,0.03693571213461633,False
HALDIA,model_vs_pdf,High,2026-07-31 11:24:00,2026-07-31 11:15:59.536523118,-8.007724616666668,8.007724616666668,5.97,6.179167671603788,0.20916767160378846,0.20916767160378846,False
HALDIA,model_vs_pdf,Low,2026-07-31 18:59:00,2026-07-31 18:53:02.154940554,-5.964084333333333,5.964084333333333,1.17,1.2406524213237795,0.07065242132377958,0.07065242132377958,False
HALDIA,model_vs_pdf,High,2026-07-31 23:43:00,2026-07-31 23:37:13.714630698,-5.771422833333333,5.771422833333333,5.58,5.84099888961105,0.26099888961104956,0.26099888961104956,False
HALDIA,model_vs_pdf,Low,2026-08-01 07:10:00,2026-08-01 06:59:48.104968458,-10.198250533333333,10.198250533333333,1.15,1.1334421494079359,-0.01655785059206405,0.01655785059206405,False
HALDIA,model_vs_pdf,High,2026-08-01 11:54:00,2026-08-01 11:45:29.345065254,-8.510915583333334,8.510915583333334,5.97,6.2005356791453305,0.2305356791453308,0.2305356791453308,False
HALDIA,model_vs_pdf,Low,2026-08-01 19:34:00,2026-08-01 19:26:13.501103178,-7.7749816166666665,7.7749816166666665,1.12,1.1773747047985135,0.057374704798513365,0.057374704798513365,False
HALDIA,model_vs_pdf,High,2026-08-02 00:17:00,2026-08-02 00:05:21.446548301,-11.642557533333333,11.642557533333333,5.65,5.894063014067111,0.24406301406711073,0.24406301406711073,False
HALDIA,model_vs_pdf,Low,2026-08-02 07:43:00,2026-08-02 07:30:53.625384372,-12.106243599999999,12.106243599999999,1.17,1.1794733618259705,0.009473361825970583,0.009473361825970583,False
HALDIA,model_vs_pdf,High,2026-08-02 12:31:00,2026-08-02 12:15:16.384462074,-15.726925633333334,15.726925633333334,5.88,6.118039059554276,0.23803905955427584,0.23803905955427584,False
HALDIA,model_vs_pdf,Low,2026-08-02 20:07:00,2026-08-02 19:56:03.215657904,-10.946405716666668,10.946405716666668,1.11,1.1670900023936401,0.05709000239364004,0.05709000239364004,False
HALDIA,model_vs_pdf,High,2026-08-03 00:52:00,2026-08-03 00:36:12.848132574,-15.785864466666668,15.785864466666668,5.65,5.865069717339243,0.21506971733924285,0.21506971733924285,False
HALDIA,model_vs_pdf,Low,2026-08-03 08:13:00,2026-08-03 08:00:53.579895942,-12.10700175,12.10700175,1.26,1.2973521567585045,0.03735215675850445,0.03735215675850445,False
HALDIA,model_vs_pdf,High,2026-08-03 13:08:00,2026-08-03 12:48:48.356221608,-19.194062983333332,19.194062983333332,5.73,5.969692226127399,0.23969222612739838,0.23969222612739838,False
HALDIA,model_vs_pdf,Low,2026-08-03 20:36:00,2026-08-03 20:24:17.992780404,-11.700120333333333,11.700120333333333,1.15,1.2105303330479351,0.0605303330479352,0.0605303330479352,False
HALDIA,model_vs_pdf,High,2026-08-04 01:30:00,2026-08-04 01:11:58.378902371,-18.0270183,18.0270183,5.59,5.806039336700184,0.2160393367001845,0.2160393367001845,False
HALDIA,model_vs_pdf,Low,2026-08-04 08:40:00,2026-08-04 08:29:48.171704208,-10.197138266666666,10.197138266666666,1.4,1.4817648698792911,0.08176486987929121,0.08176486987929121,False
HALDIA,model_vs_pdf,High,2026-08-04 13:47:00,2026-08-04 13:27:48.875031090,-19.18541615,19.18541615,5.55,5.765968116780176,0.2159681167801759,0.2159681167801759,False
HALDIA,model_vs_pdf,Low,2026-08-04 21:02:00,2026-08-04 20:51:32.008872732,-10.4665188,10.4665188,1.24,1.3503818775820104,0.11038187758201046,0.11038187758201046,False
HALDIA,model_vs_pdf,High,2026-08-05 02:08:00,2026-08-05 01:54:09.548011236,-13.840866483333334,13.840866483333334,5.48,5.668674929403578,0.18867492940357788,0.18867492940357788,False
HALDIA,model_vs_pdf,Low,2026-08-05 09:08:00,2026-08-05 08:59:06.853048542,-8.885782533333334,8.885782533333334,1.6,1.7515741324315468,0.15157413243154672,0.15157413243154672,False
HALDIA,model_vs_pdf,High,2026-08-05 14:27:00,2026-08-05 14:14:08.082380922,-12.865293666666668,12.865293666666668,5.31,5.492012386489293,0.1820123864892933,0.1820123864892933,False
HALDIA,model_vs_pdf,Low,2026-08-05 21:31:00,2026-08-05 21:22:16.624231872,-8.722929483333333,8.722929483333333,1.4,1.5802698127495842,0.1802698127495843,0.1802698127495843,False
HALDIA,model_vs_pdf,High,2026-08-06 02:50:00,2026-08-06 02:45:04.561722960,-4.923971300000001,4.923971300000001,5.28,5.436673782134218,0.15667378213421745,0.15667378213421745,False
HALDIA,model_vs_pdf,Low,2026-08-06 09:48:00,2026-08-06 09:38:38.577782280,-9.357036966666668,9.357036966666668,1.85,2.0320024093130145,0.18200240931301437,0.18200240931301437,False
HALDIA,model_vs_pdf,High,2026-08-06 15:16:00,2026-08-06 15:11:18.476971854,-4.692050483333333,4.692050483333333,5.01,5.161995915483246,0.15199591548324598,0.15199591548324598,False
HALDIA,model_vs_pdf,Low,2026-08-06 22:14:00,2026-08-06 22:03:00.282446406,-10.995292566666667,10.995292566666667,1.64,1.8579768411988067,0.21797684119880678,0.21797684119880678,False
HALDIA,model_vs_pdf,High,2026-08-07 03:51:00,2026-08-07 03:47:17.415469350,-3.7097421833333333,3.7097421833333333,5.01,5.160569200032501,0.15056920003250163,0.15056920003250163,False
HALDIA,model_vs_pdf,Low,2026-08-07 10:51:00,2026-08-07 10:35:10.468069014,-15.825532183333333,15.825532183333333,2.11,2.3095358150763836,0.19953581507638374,0.19953581507638374,False
HALDIA,model_vs_pdf,High,2026-08-07 16:31:00,2026-08-07 16:26:35.393453304,-4.410109116666666,4.410109116666666,4.67,4.815780671273142,0.1457806712731422,0.1457806712731422,False
HALDIA,model_vs_pdf,Low,2026-08-07 23:29:00,2026-08-07 23:02:53.893670238,-26.101772166666667,26.101772166666667,1.88,2.114462325907119,0.23446232590711924,0.23446232590711924,False
HALDIA,model_vs_pdf,High,2026-08-08 05:40:00,2026-08-08 05:15:30.545346762,-24.4909109,24.4909109,4.86,4.955797530769506,0.09579753076950581,0.09579753076950581,False
HALDIA,model_vs_pdf,Low,2026-08-08 12:42:00,2026-08-08 12:11:23.506576801,-30.608223733333332,30.608223733333332,2.21,2.4637923209532047,0.2537923209532047,0.2537923209532047,False
HALDIA,model_vs_pdf,High,2026-08-08 18:26:00,2026-08-08 18:11:20.841480366,-14.652641999999998,14.652641999999998,4.57,4.6641921886522635,0.0941921886522632,0.0941921886522632,False
HALDIA,model_vs_pdf,Low,2026-08-09 01:23:00,2026-08-09 00:57:43.663094412,-25.272281766666666,25.272281766666666,1.9,2.1755053325912685,0.27550533259126864,0.27550533259126864,False
HALDIA,model_vs_pdf,High,2026-08-09 07:19:00,2026-08-09 07:08:06.225576084,-10.8962404,10.8962404,5.06,5.0986776122983795,0.03867761229837985,0.03867761229837985,False
HALDIA,model_vs_pdf,Low,2026-08-09 14:38:00,2026-08-09 14:25:28.057127160,-12.532381216666666,12.532381216666666,1.95,2.243976943079049,0.2939769430790491,0.2939769430790491,False
HALDIA,model_vs_pdf,High,2026-08-09 19:59:00,2026-08-09 19:50:02.073130110,-8.965447833333334,8.965447833333334,4.8,4.857554293931326,0.05755429393132605,0.05755429393132605,False
HALDIA,model_vs_pdf,Low,2026-08-10 03:04:00,2026-08-10 02:47:06.574499790,-16.89042501666667,16.89042501666667,1.64,1.9272351223475643,0.28723512234756443,0.28723512234756443,False
HALDIA,model_vs_pdf,High,2026-08-10 08:33:00,2026-08-10 08:25:49.573677972,-7.17377205,7.17377205,5.46,5.471501152064766,0.011501152064766096,0.011501152064766096,False
HALDIA,model_vs_pdf,Low,2026-08-10 16:05:00,2026-08-10 15:47:44.559281472,-17.257345316666665,17.257345316666665,1.55,1.862151972821285,0.31215197282128493,0.31215197282128493,False
HALDIA,model_vs_pdf,High,2026-08-10 21:05:00,2026-08-10 20:57:11.238980448,-7.812683666666667,7.812683666666667,5.19,5.212146511482356,0.022146511482355358,0.022146511482355358,False
HALDIA,model_vs_pdf,Low,2026-08-11 04:23:00,2026-08-11 04:02:42.444404574,-20.292593266666664,20.292593266666664,1.29,1.5658605096953013,0.2758605096953013,0.2758605096953013,False
HALDIA,model_vs_pdf,High,2026-08-11 09:26:00,2026-08-11 09:18:25.179821286,-7.580336316666666,7.580336316666666,5.87,5.873743956926194,0.003743956926194336,0.003743956926194336,False
HALDIA,model_vs_pdf,Low,2026-08-11 17:07:00,2026-08-11 16:47:11.871886770,-19.802135233333335,19.802135233333335,1.16,1.420808797774845,0.260808797774845,0.260808797774845,False
HALDIA,model_vs_pdf,High,2026-08-11 21:54:00,2026-08-11 21:49:35.833955970,-4.402767416666666,4.402767416666666,5.58,5.575941223793782,-0.004058776206218084,0.004058776206218084,False
HALDIA,model_vs_pdf,Low,2026-08-12 05:25:00,2026-08-12 04:59:53.516392812,-25.108060133333332,25.108060133333332,1.0,1.1715798672197115,0.17157986721971152,0.17157986721971152,False
HALDIA,model_vs_pdf,High,2026-08-12 10:10:00,2026-08-12 09:57:47.343400872,-12.210943333333335,12.210943333333335,6.21,6.209767772149106,-0.0002322278508941622,0.0002322278508941622,False
HALDIA,model_vs_pdf,Low,2026-08-12 17:56:00,2026-08-12 17:36:17.909083680,-19.701515283333332,19.701515283333332,0.87,1.0751309760233494,0.2051309760233494,0.2051309760233494,False
HALDIA,model_vs_pdf,High,2026-08-12 22:34:00,2026-08-12 22:27:51.327739842,-6.144537683333334,6.144537683333334,5.89,5.918256248163479,0.028256248163478936,0.028256248163478936,False
HALDIA,model_vs_pdf,Low,2026-08-13 06:13:00,2026-08-13 05:46:57.434375928,-26.042760416666667,26.042760416666667,0.82,0.9602373721205331,0.1402373721205331,0.1402373721205331,False
HALDIA,model_vs_pdf,High,2026-08-13 10:47:00,2026-08-13 10:35:16.941879413,-11.71763535,11.71763535,6.39,6.4211023197500054,0.03110231975000577,0.03110231975000577,False
HALDIA,model_vs_pdf,Low,2026-08-13 18:35:00,2026-08-13 18:18:33.185424492,-16.4469096,16.4469096,0.74,0.8917369247937358,0.1517369247937358,0.1517369247937358,False
HALDIA,model_vs_pdf,High,2026-08-13 23:09:00,2026-08-13 23:05:02.864513010,-3.952258116666667,3.952258116666667,6.07,6.163865606741295,0.09386560674129463,0.09386560674129463,False
HALDIA,model_vs_pdf,Low,2026-08-14 06:51:00,2026-08-14 06:28:15.928801008,-22.734519983333332,22.734519983333332,0.8,0.8724821522634063,0.07248215226340626,0.07248215226340626,False
HALDIA,model_vs_pdf,High,2026-08-14 11:22:00,2026-08-14 11:11:12.632604600,-10.7894566,10.7894566,6.39,6.473832342649543,0.08383234264954353,0.08383234264954353,False
HALDIA,model_vs_pdf,Low,2026-08-14 19:10:00,2026-08-14 18:55:35.330513244,-14.411158116666666,14.411158116666666,0.75,0.8368461389292403,0.08684613892924031,0.08684613892924031,False
HALDIA,model_vs_pdf,High,2026-08-14 23:44:00,2026-08-14 23:41:26.863049532,-2.5522825166666667,2.5522825166666667,6.09,6.252310894114325,0.16231089411432542,0.16231089411432542,False
HALDIA,model_vs_pdf,Low,2026-08-15 07:24:00,2026-08-15 07:02:33.256492872,-21.445725133333333,21.445725133333333,0.9,0.9112161142081638,0.011216114208163819,0.011216114208163819,False
HALDIA,model_vs_pdf,High,2026-08-15 12:00:00,2026-08-15 11:48:12.252753792,-11.79578745,11.79578745,6.22,6.376251417810631,0.15625141781063157,0.15625141781063157,False
HALDIA,model_vs_pdf,Low,2026-08-15 19:41:00,2026-08-15 19:27:18.506845529,-13.691552583333333,13.691552583333333,0.88,0.9111219011191689,0.031121901119168904,0.031121901119168904,False
HALDIA,model_vs_pdf,High,2026-08-16 00:20:00,2026-08-16 00:16:51.312319692,-3.144794683333333,3.144794683333333,5.97,6.190430546965511,0.22043054696551145,0.22043054696551145,False
HALDIA,model_vs_pdf,Low,2026-08-16 07:54:00,2026-08-16 07:32:43.385435232,-21.27690941666667,21.27690941666667,1.09,1.026095488557508,-0.0639045114424921,0.0639045114424921,False
HALDIA,model_vs_pdf,High,2026-08-16 12:36:00,2026-08-16 12:24:53.952217914,-11.100796383333334,11.100796383333334,5.94,6.140288843191469,0.20028884319146822,0.20028884319146822,False
HALDIA,model_vs_pdf,Low,2026-08-16 20:06:00,2026-08-16 19:54:25.224759858,-11.57958735,11.57958735,1.06,1.0439346851915676,-0.01606531480843243,0.01606531480843243,False
HALDIA,model_vs_pdf,High,2026-08-17 00:57:00,2026-08-17 00:52:11.504986458,-4.808250233333334,4.808250233333334,5.78,5.995984964806935,0.21598496480693452,0.21598496480693452,False
HALDIA,model_vs_pdf,Low,2026-08-17 08:16:00,2026-08-17 07:58:45.757816284,-17.23736973333333,17.23736973333333,1.3,1.2189375866535448,-0.08106241334645525,0.08106241334645525,False
HALDIA,model_vs_pdf,High,2026-08-17 13:10:00,2026-08-17 12:59:59.466059106,-10.008899016666668,10.008899016666668,5.62,5.8424062764388545,0.22240627643885436,0.22240627643885436,False
HALDIA,model_vs_pdf,Low,2026-08-17 20:27:00,2026-08-17 20:18:04.166930082,-8.930551166666667,8.930551166666667,1.24,1.2731532070198188,0.03315320701981883,0.03315320701981883,False
HALDIA,model_vs_pdf,High,2026-08-18 01:29:00,2026-08-18 01:25:46.675761990,-3.22207065,3.22207065,5.55,5.730382172205105,0.1803821722051051,0.1803821722051051,False
HALDIA,model_vs_pdf,Low,2026-08-18 08:34:00,2026-08-18 08:22:29.886599118,-11.501890016666666,11.501890016666666,1.52,1.5087477231769162,-0.011252276823083829,0.011252276823083829,False
HALDIA,model_vs_pdf,High,2026-08-18 13:41:00,2026-08-18 13:34:53.367837258,-6.110536049999999,6.110536049999999,5.3,5.485119588465015,0.18511958846501475,0.18511958846501475,False
HALDIA,model_vs_pdf,Low,2026-08-18 20:45:00,2026-08-18 20:38:08.303589529,-6.86160685,6.86160685,1.43,1.5547332064840855,0.12473320648408559,0.12473320648408559,False
HALDIA,model_vs_pdf,High,2026-08-19 01:59:00,2026-08-19 02:00:21.757500726,1.362625,1.362625,5.27,5.405532262287379,0.1355322622873798,0.1355322622873798,False
HALDIA,model_vs_pdf,Low,2026-08-19 08:51:00,2026-08-19 08:44:35.438814426,-6.409353100000001,6.409353100000001,1.77,1.851510325194368,0.08151032519436807,0.08151032519436807,False
HALDIA,model_vs_pdf,High,2026-08-19 14:10:00,2026-08-19 14:09:48.201625739,-0.19663958333333334,0.19663958333333334,4.96,5.115866511491934,0.15586651149193376,0.15586651149193376,False
HALDIA,model_vs_pdf,Low,2026-08-19 21:01:00,2026-08-19 21:00:15.381737190,-0.7436377166666667,0.7436377166666667,1.69,1.8517012147059633,0.16170121470596333,0.16170121470596333,False
HALDIA,model_vs_pdf,High,2026-08-20 02:30:00,2026-08-20 02:34:18.218533668,4.303642216666666,4.303642216666666,4.94,5.063993015443368,0.12399301544336794,0.12399301544336794,False
HALDIA,model_vs_pdf,Low,2026-08-20 09:14:00,2026-08-20 09:10:07.253026842,-3.8791162333333333,3.8791162333333333,2.09,2.199732752647593,0.1097327526475933,0.1097327526475933,False
HALDIA,model_vs_pdf,High,2026-08-20 14:42:00,2026-08-20 14:50:38.074791594,8.63457985,8.63457985,4.59,4.714962288047473,0.124962288047473,0.124962288047473,False
HALDIA,model_vs_pdf,Low,2026-08-20 21:27:00,2026-08-20 21:29:39.422242290,2.6570373666666667,2.6570373666666667,2.01,2.1655948045809104,0.15559480458091057,0.15559480458091057,False
HALDIA,model_vs_pdf,High,2026-08-21 03:14:00,2026-08-21 03:24:03.432167910,10.057202783333334,10.057202783333334,4.57,4.670598972773035,0.10059897277303431,0.10059897277303431,False
HALDIA,model_vs_pdf,Low,2026-08-21 10:00:00,2026-08-21 09:54:54.008545764,-5.099857583333333,5.099857583333333,2.45,2.5939328130744226,0.1439328130744224,0.1439328130744224,False
HALDIA,model_vs_pdf,High,2026-08-21 15:33:00,2026-08-21 15:45:38.813841708,12.64689735,12.64689735,4.21,4.296666014355111,0.08666601435511101,0.08666601435511101,False
HALDIA,model_vs_pdf,Low,2026-08-21 22:31:00,2026-08-21 22:19:23.391792984,-11.6101368,11.6101368,2.35,2.5316400427101438,0.18164004271014367,0.18164004271014367,False
HALDIA,model_vs_pdf,High,2026-08-22 05:23:00,2026-08-22 04:47:56.149793916,-35.064170116666666,35.064170116666666,4.31,4.364139513747111,0.05413951374711168,0.05413951374711168,False
HALDIA,model_vs_pdf,Low,2026-08-22 12:13:00,2026-08-22 11:11:19.495940412,-61.67506766666667,61.67506766666667,2.64,2.8347839297078488,0.19478392970784864,0.19478392970784864,False
HALDIA,model_vs_pdf,High,2026-08-22 18:18:00,2026-08-22 17:33:47.601315750,-44.20664475,44.20664475,4.01,4.016236747005354,0.0062367470053539265,0.0062367470053539265,False
HALDIA,model_vs_pdf,Low,2026-08-23 01:01:00,2026-08-22 23:50:10.006235574,-70.83322941666667,70.83322941666667,2.41,2.7109869069303207,0.3009869069303206,0.3009869069303206,False
HALDIA,model_vs_pdf,High,2026-08-23 07:34:00,2026-08-23 06:49:52.230751854,-44.129487483333335,44.129487483333335,4.52,4.438744462263805,-0.08125553773619476,0.08125553773619476,False
HALDIA,model_vs_pdf,Low,2026-08-23 14:24:00,2026-08-23 13:46:37.353454842,-37.377442433333336,37.377442433333336,2.38,2.694025428373426,0.31402542837342606,0.31402542837342606,False
HALDIA,model_vs_pdf,High,2026-08-23 20:23:00,2026-08-23 19:32:40.313708274,-50.32810486666666,50.32810486666666,4.29,4.193995380378322,-0.09600461962167817,0.09600461962167817,False
HALDIA,model_vs_pdf,Low,2026-08-24 02:42:00,2026-08-24 02:11:22.680514716,-30.621991433333335,30.621991433333335,2.13,2.4061602724072,0.2761602724072003,0.2761602724072003,False
HALDIA,model_vs_pdf,High,2026-08-24 08:33:00,2026-08-24 08:05:42.837049938,-27.286049183333333,27.286049183333333,4.88,4.802090565880983,-0.07790943411901718,0.07790943411901718,False
HALDIA,model_vs_pdf,Low,2026-08-24 15:33:00,2026-08-24 15:13:34.735652490,-19.421072466666665,19.421072466666665,2.02,2.2421087402143307,0.2221087402143307,0.2221087402143307,False
HALDIA,model_vs_pdf,High,2026-08-24 21:09:00,2026-08-24 20:41:23.569364430,-27.607177266666667,27.607177266666667,4.64,4.5856085388577785,-0.054391461142221154,0.054391461142221154,False
HALDIA,model_vs_pdf,Low,2026-08-25 03:48:00,2026-08-25 03:21:15.835485450,-26.73607525,26.73607525,1.8,1.996794549938166,0.19679454993816603,0.19679454993816603,False
HALDIA,model_vs_pdf,High,2026-08-25 09:16:00,2026-08-25 08:56:11.722004226,-19.804633266666666,19.804633266666666,5.25,5.2162494489800935,-0.03375055101990654,0.03375055101990654,False
HALDIA,model_vs_pdf,Low,2026-08-25 16:25:00,2026-08-25 16:07:10.989895722,-17.816835083333334,17.816835083333334,1.67,1.903073679968607,0.23307367996860706,0.23307367996860706,False
HALDIA,model_vs_pdf,High,2026-08-25 21:43:00,2026-08-25 21:23:18.456289962,-19.692395183333335,19.692395183333335,4.97,5.012432543025233,0.04243254302523347,0.04243254302523347,False
HALDIA,model_vs_pdf,Low,2026-08-26 04:40:00,2026-08-26 04:17:29.616231552,-22.50639615,22.50639615,1.51,1.7044770996153225,0.19447709961532245,0.19447709961532245,False
HALDIA,model_vs_pdf,High,2026-08-26 09:49:00,2026-08-26 09:32:30.017906904,-16.499701566666666,16.499701566666666,5.57,5.598596590215689,0.028596590215689055,0.028596590215689055,False
HALDIA,model_vs_pdf,Low,2026-08-26 17:08:00,2026-08-26 16:50:02.717609490,-17.954706516666665,17.954706516666665,1.39,1.5839738057315227,0.19397380573152279,0.19397380573152279,False
HALDIA,model_vs_pdf,High,2026-08-26 22:08:00,2026-08-26 21:55:36.909454344,-12.384842433333334,12.384842433333334,5.28,5.388543901299349,0.10854390129934899,0.10854390129934899,False
HALDIA,model_vs_pdf,Low,2026-08-27 05:21:00,2026-08-27 05:00:47.312573034,-20.21145711666667,20.21145711666667,1.28,1.3562090582637767,0.07620905826377666,0.07620905826377666,False
HALDIA,model_vs_pdf,High,2026-08-27 10:14:00,2026-08-27 09:59:52.926705558,-14.11788825,14.11788825,5.83,5.908318179312937,0.07831817931293727,0.07831817931293727,False
HALDIA,model_vs_pdf,Low,2026-08-27 17:42:00,2026-08-27 17:27:39.684038058,-14.338599366666667,14.338599366666667,1.16,1.248748654955439,0.08874865495543904,0.08874865495543904,False
HALDIA,model_vs_pdf,High,2026-08-27 22:29:00,2026-08-27 22:21:51.278671056,-7.145355483333334,7.145355483333334,5.57,5.727519467155438,0.15751946715543763,0.15751946715543763,False
HALDIA,model_vs_pdf,Low,2026-08-28 05:54:00,2026-08-28 05:38:54.575598984,-15.090406699999999,15.090406699999999,1.1,1.083045307888387,-0.016954692111613046,0.016954692111613046,False
HALDIA,model_vs_pdf,High,2026-08-28 10:36:00,2026-08-28 10:26:07.796007402,-9.870066549999999,9.870066549999999,6.04,6.1451792745164555,0.10517927451645548,0.10517927451645548,False
HALDIA,model_vs_pdf,Low,2026-08-28 18:12:00,2026-08-28 18:03:40.128598674,-8.331190033333334,8.331190033333334,0.97,1.0260648697847181,0.05606486978471814,0.05606486978471814,False
HALDIA,model_vs_pdf,High,2026-08-28 22:48:00,2026-08-28 22:46:44.847458496,-1.2525423666666666,1.2525423666666666,5.83,5.993805286932217,0.16380528693221663,0.16380528693221663,False
HALDIA,model_vs_pdf,Low,2026-08-29 06:24:00,2026-08-29 06:14:44.359006932,-9.260683233333333,9.260683233333333,0.96,0.9388147210288001,-0.021185278971199817,0.021185278971199817,False
HALDIA,model_vs_pdf,High,2026-08-29 10:58:00,2026-08-29 10:51:52.867820118,-6.118869666666667,6.118869666666667,6.16,6.285157128642208,0.12515712864220774,0.12515712864220774,False
HALDIA,model_vs_pdf,Low,2026-08-29 18:42:00,2026-08-29 18:36:36.403291482,-5.393278483333333,5.393278483333333,0.83,0.9012264023051313,0.07122640230513133,0.07122640230513133,False
HALDIA,model_vs_pdf,High,2026-08-29 23:14:00,2026-08-29 23:11:59.611249014,-2.0064791833333335,2.0064791833333335,6.01,6.171494127463461,0.16149412746346137,0.16149412746346137,False
HALDIA,model_vs_pdf,Low,2026-08-30 06:56:00,2026-08-30 06:47:39.317600802,-8.344706666666665,8.344706666666665,0.88,0.9038584305480241,0.023858430548024057,0.023858430548024057,False
HALDIA,model_vs_pdf,High,2026-08-30 11:28:00,2026-08-30 11:19:41.546259336,-8.30756235,8.30756235,6.17,6.300794894652004,0.1307948946520039,0.1307948946520039,False
HALDIA,model_vs_pdf,Low,2026-08-30 19:13:00,2026-08-30 19:08:02.649559998,-4.955840683333333,4.955840683333333,0.77,0.8418969463055592,0.0718969463055592,0.0718969463055592,False
HALDIA,model_vs_pdf,High,2026-08-30 23:46:00,2026-08-30 23:38:59.460155796,-7.008997416666667,7.008997416666667,6.08,6.235828280872979,0.15582828087297873,0.15582828087297873,False
HALDIA,model_vs_pdf,Low,2026-08-31 07:29:00,2026-08-31 07:18:33.429340255,-10.442844333333333,10.442844333333333,0.9,0.9590536183300169,0.05905361833001688,0.05905361833001688,False
HALDIA,model_vs_pdf,High,2026-08-31 12:02:00,2026-08-31 11:50:08.244720276,-11.862587999999999,11.862587999999999,6.06,6.216493007234111,0.1564930072341113,0.1564930072341113,False
HALDIA,model_vs_pdf,Low,2026-08-31 19:45:00,2026-08-31 19:36:42.910129536,-8.284831183333333,8.284831183333333,0.79,0.8830050725483027,0.0930050725483027,0.0930050725483027,False
DIAMOND HARBOUR,model_vs_pdf,Low,2026-07-01 07:14:00,2026-07-01 06:57:58.685551566,-16.021907483333333,16.021907483333333,1.43,1.5359693120744728,0.10596931207447291,0.10596931207447291,False
DIAMOND HARBOUR,model_vs_pdf,High,2026-07-01 11:51:00,2026-07-01 11:55:47.485482288,4.791424699999999,4.791424699999999,5.82,5.96208073753385,0.14208073753384998,0.14208073753384998,False
DIAMOND HARBOUR,model_vs_pdf,Low,2026-07-01 19:34:00,2026-07-01 19:33:11.807175983,-0.80321375,0.80321375,1.57,1.7095949807796478,0.13959498077964771,0.13959498077964771,False
DIAMOND HARBOUR,model_vs_pdf,High,2026-07-02 00:12:00,2026-07-02 00:17:41.372477628,5.689541283333333,5.689541283333333,5.32,5.462818144426376,0.14281814442637586,0.14281814442637586,False
DIAMOND HARBOUR,model_vs_pdf,Low,2026-07-02 07:45:00,2026-07-02 07:31:37.462423446,-13.375626283333334,13.375626283333334,1.43,1.5134400113784683,0.08344001137846835,0.08344001137846835,False
DIAMOND HARBOUR,model_vs_pdf,High,2026-07-02 12:19:00,2026-07-02 12:19:34.335917238,0.5722652833333334,0.5722652833333334,5.84,6.001246924273827,0.16124692427382747,0.16124692427382747,False
DIAMOND HARBOUR,model_vs_pdf,Low,2026-07-02 20:08:00,2026-07-02 20:06:48.748530270,-1.1875244999999999,1.1875244999999999,1.55,1.6745181439443757,0.12451814394437566,0.12451814394437566,False
DIAMOND HARBOUR,model_vs_pdf,High,2026-07-03 00:42:00,2026-07-03 00:40:45.471097373,-1.2421483833333333,1.2421483833333333,5.36,5.508589847415923,0.14858984741592263,0.14858984741592263,False
DIAMOND HARBOUR,model_vs_pdf,Low,2026-07-03 08:18:00,2026-07-03 08:05:57.101830434,-12.048302833333334,12.048302833333334,1.47,1.5417305694173347,0.07173056941733469,0.07173056941733469,False
DIAMOND HARBOUR,model_vs_pdf,High,2026-07-03 12:53:00,2026-07-03 12:46:59.216660442,-6.013055666666667,6.013055666666667,5.8,5.97243414485895,0.1724341448589506,0.1724341448589506,False
DIAMOND HARBOUR,model_vs_pdf,Low,2026-07-03 20:44:00,2026-07-03 20:40:54.889082232,-3.0851819666666667,3.0851819666666667,1.54,1.6622855888182535,0.12228558881825347,0.12228558881825347,False
DIAMOND HARBOUR,model_vs_pdf,High,2026-07-04 01:17:00,2026-07-04 01:11:08.182730712,-5.863621166666666,5.863621166666666,5.36,5.527453952083326,0.16745395208332603,0.16745395208332603,False
DIAMOND HARBOUR,model_vs_pdf,Low,2026-07-04 08:51:00,2026-07-04 08:42:26.853260226,-8.552445666666667,8.552445666666667,1.55,1.5943076500268623,0.04430765002686221,0.04430765002686221,False
DIAMOND HARBOUR,model_vs_pdf,High,2026-07-04 13:29:00,2026-07-04 13:22:26.371254954,-6.560479099999999,6.560479099999999,5.71,5.912682323214738,0.2026823232147379,0.2026823232147379,False
DIAMOND HARBOUR,model_vs_pdf,Low,2026-07-04 21:20:00,2026-07-04 21:14:42.268774914,-5.295520433333333,5.295520433333333,1.56,1.6770855826978641,0.11708558269786407,0.11708558269786407,False
DIAMOND HARBOUR,model_vs_pdf,High,2026-07-05 01:54:00,2026-07-05 01:48:18.338771352,-5.694353816666666,5.694353816666666,5.33,5.5304624788366645,0.20046247883666446,0.20046247883666446,False
DIAMOND HARBOUR,model_vs_pdf,Low,2026-07-05 09:23:00,2026-07-05 09:17:50.516678934,-5.158055366666667,5.158055366666667,1.65,1.705951799981625,0.05595179998162503,0.05595179998162503,False
DIAMOND HARBOUR,model_vs_pdf,High,2026-07-05 14:07:00,2026-07-05 14:01:32.531670204,-5.4578055,5.4578055,5.61,5.819081228962762,0.20908122896276193,0.20908122896276193,False
DIAMOND HARBOUR,model_vs_pdf,Low,2026-07-05 21:55:00,2026-07-05 21:46:58.553568990,-8.0241072,8.0241072,1.58,1.7093096207438134,0.12930962074381336,0.12930962074381336,False
DIAMOND HARBOUR,model_vs_pdf,High,2026-07-06 02:33:00,2026-07-06 02:30:30.767931702,-2.4872011499999997,2.4872011499999997,5.3,5.49255249025541,0.19255249025541055,0.19255249025541055,False
DIAMOND HARBOUR,model_vs_pdf,Low,2026-07-06 09:56:00,2026-07-06 09:54:01.731473669,-1.9711421166666667,1.9711421166666667,1.76,1.8516396218188236,0.09163962181882357,0.09163962181882357,False
DIAMOND HARBOUR,model_vs_pdf,High,2026-07-06 14:47:00,2026-07-06 14:45:20.061650484,-1.6656391666666666,1.6656391666666666,5.49,5.650016573638473,0.16001657363847244,0.16001657363847244,False
DIAMOND HARBOUR,model_vs_pdf,Low,2026-07-06 22:28:00,2026-07-06 22:19:02.805382710,-8.953243633333333,8.953243633333333,1.61,1.7387708582864612,0.12877085828646107,0.12877085828646107,False
DIAMOND HARBOUR,model_vs_pdf,High,2026-07-07 03:16:00,2026-07-07 03:15:56.179571281,-0.06367381666666666,0.06367381666666666,5.26,5.419379007841499,0.1593790078414994,0.1593790078414994,False
DIAMOND HARBOUR,model_vs_pdf,Low,2026-07-07 10:34:00,2026-07-07 10:30:48.678128964,-3.1886978666666668,3.1886978666666668,1.88,1.997241216350327,0.11724121635032714,0.11724121635032714,False
DIAMOND HARBOUR,model_vs_pdf,High,2026-07-07 15:32:00,2026-07-07 15:35:27.737504376,3.462291733333333,3.462291733333333,5.35,5.459118701700606,0.10911870170060656,0.10911870170060656,False
DIAMOND HARBOUR,model_vs_pdf,Low,2026-07-07 23:06:00,2026-07-07 22:54:16.880301792,-11.71866165,11.71866165,1.66,1.7969138196198025,0.13691381961980253,0.13691381961980253,False
DIAMOND HARBOUR,model_vs_pdf,High,2026-07-08 04:06:00,2026-07-08 04:12:10.593606246,6.1765601000000006,6.1765601000000006,5.19,5.333923867768797,0.1439238677687964,0.1439238677687964,False
DIAMOND HARBOUR,model_vs_pdf,Low,2026-07-08 11:22:00,2026-07-08 11:15:36.836456274,-6.386059066666666,6.386059066666666,2.01,2.1232373433860365,0.11323734338603675,0.11323734338603675,False
DIAMOND HARBOUR,model_vs_pdf,High,2026-07-08 16:27:00,2026-07-08 16:34:15.103705734,7.2517284166666665,7.2517284166666665,5.16,5.283198875178799,0.12319887517879913,0.12319887517879913,False
DIAMOND HARBOUR,model_vs_pdf,Low,2026-07-08 23:55:00,2026-07-08 23:39:34.051075656,-15.432482083333333,15.432482083333333,1.74,1.8798770398627322,0.13987703986273226,0.13987703986273226,False
DIAMOND HARBOUR,model_vs_pdf,High,2026-07-09 05:13:00,2026-07-09 05:15:08.145465684,2.1357577500000002,2.1357577500000002,5.12,5.269381418519646,0.1493814185196456,0.1493814185196456,False
DIAMOND HARBOUR,model_vs_pdf,Low,2026-07-09 12:28:00,2026-07-09 12:12:40.783703214,-15.320271616666668,15.320271616666668,2.11,2.2315098414215706,0.12150984142157073,0.12150984142157073,False
DIAMOND HARBOUR,model_vs_pdf,High,2026-07-09 17:43:00,2026-07-09 17:42:39.549738024,-0.34083769999999997,0.34083769999999997,4.98,5.0789378527298545,0.09893785272985411,0.09893785272985411,False
DIAMOND HARBOUR,model_vs_pdf,Low,2026-07-10 01:06:00,2026-07-10 00:41:21.776844348,-24.6370526,24.6370526,1.8,1.9730152957382232,0.17301529573822316,0.17301529573822316,False
DIAMOND HARBOUR,model_vs_pdf,High,2026-07-10 06:39:00,2026-07-10 06:32:39.101195610,-6.348313416666667,6.348313416666667,5.17,5.264368292002506,0.09436829200250596,0.09436829200250596,False
DIAMOND HARBOUR,model_vs_pdf,Low,2026-07-10 13:56:00,2026-07-10 13:34:39.684632562,-21.33858946666667,21.33858946666667,2.08,2.248916128155612,0.16891612815561174,0.16891612815561174,False
DIAMOND HARBOUR,model_vs_pdf,High,2026-07-10 19:08:00,2026-07-10 19:08:59.966962266,0.9994493666666667,0.9994493666666667,4.96,5.057001670750363,0.09700167075036337,0.09700167075036337,False
DIAMOND HARBOUR,model_vs_pdf,Low,2026-07-11 02:33:00,2026-07-11 02:23:14.756478948,-9.7540587,9.7540587,1.75,1.9962846600331072,0.24628466003310723,0.24628466003310723,False
DIAMOND HARBOUR,model_vs_pdf,High,2026-07-11 07:54:00,2026-07-11 08:06:23.698204686,12.394970066666668,12.394970066666668,5.39,5.427216204183861,0.037216204183861734,0.037216204183861734,False
DIAMOND HARBOUR,model_vs_pdf,Low,2026-07-11 15:29:00,2026-07-11 15:24:25.718246544,-4.571362566666666,4.571362566666666,1.89,2.1178797358805874,0.22787973588058752,0.22787973588058752,False
DIAMOND HARBOUR,model_vs_pdf,High,2026-07-11 20:23:00,2026-07-11 20:39:02.837442984,16.0472907,16.0472907,5.1,5.186266006711928,0.08626600671192808,0.08626600671192808,False
DIAMOND HARBOUR,model_vs_pdf,Low,2026-07-12 04:00:00,2026-07-12 03:59:45.504929220,-0.24158451666666667,0.24158451666666667,1.57,1.8079520681042487,0.23795206810424863,0.23795206810424863,False
DIAMOND HARBOUR,model_vs_pdf,High,2026-07-12 08:57:00,2026-07-12 09:19:00.098354376,22.001639233333332,22.001639233333332,5.71,5.713300968143964,0.003300968143964411,0.003300968143964411,False
DIAMOND HARBOUR,model_vs_pdf,Low,2026-07-12 16:53:00,2026-07-12 16:46:00.123499566,-6.997941683333334,6.997941683333334,1.62,1.8662733249632282,0.24627332496322807,0.24627332496322807,False
DIAMOND HARBOUR,model_vs_pdf,High,2026-07-12 21:27:00,2026-07-12 21:45:22.000782372,18.366679700000002,18.366679700000002,5.36,5.382783913629083,0.022783913629083052,0.022783913629083052,False
DIAMOND HARBOUR,model_vs_pdf,Low,2026-07-13 05:16:00,2026-07-13 05:09:03.012810457,-6.9497865,6.9497865,1.34,1.5585277958415684,0.21852779584156834,0.21852779584156834,False
DIAMOND HARBOUR,model_vs_pdf,High,2026-07-13 09:50:00,2026-07-13 10:11:07.848048083,21.1308008,21.1308008,6.06,6.050389992736462,-0.009610007263537668,0.009610007263537668,False
DIAMOND HARBOUR,model_vs_pdf,Low,2026-07-13 18:01:00,2026-07-13 17:52:14.796495840,-8.753391749999999,8.753391749999999,1.36,1.581696853354564,0.2216968533545638,0.2216968533545638,False
DIAMOND HARBOUR,model_vs_pdf,High,2026-07-13 22:21:00,2026-07-13 22:36:41.337204288,15.6889534,15.6889534,5.65,5.619137591224039,-0.03086240877596147,0.03086240877596147,False
DIAMOND HARBOUR,model_vs_pdf,Low,2026-07-14 06:23:00,2026-07-14 06:09:38.595962466,-13.356733966666667,13.356733966666667,1.14,1.316395922797126,0.17639592279712613,0.17639592279712613,False
DIAMOND HARBOUR,model_vs_pdf,High,2026-07-14 10:36:00,2026-07-14 10:55:26.160966348,19.4360161,19.4360161,6.34,6.340244573168262,0.0002445731682625407,0.0002445731682625407,False
DIAMOND HARBOUR,model_vs_pdf,Low,2026-07-14 18:59:00,2026-07-14 18:49:58.966441332,-9.017225983333333,9.017225983333333,1.16,1.3106404057668226,0.1506404057668227,0.1506404057668227,False
DIAMOND HARBOUR,model_vs_pdf,High,2026-07-14 23:08:00,2026-07-14 23:23:09.159042546,15.1526507,15.1526507,5.9,5.835955483072597,-0.0640445169274031,0.0640445169274031,False
DIAMOND HARBOUR,model_vs_pdf,Low,2026-07-15 07:18:00,2026-07-15 07:03:09.919955034,-14.834667416666667,14.834667416666667,1.03,1.1203753261724407,0.0903753261724407,0.0903753261724407,False
DIAMOND HARBOUR,model_vs_pdf,High,2026-07-15 11:20:00,2026-07-15 11:35:01.379489700,15.022991483333334,15.022991483333334,6.5,6.511822044550813,0.01182204455081326,0.01182204455081326,False
DIAMOND HARBOUR,model_vs_pdf,Low,2026-07-15 19:50:00,2026-07-15 19:38:23.389238490,-11.610179366666667,11.610179366666667,1.05,1.1352712364398787,0.08527123643987866,0.08527123643987866,False
DIAMOND HARBOUR,model_vs_pdf,High,2026-07-15 23:53:00,2026-07-16 00:04:11.645785098,11.194096416666667,11.194096416666667,6.03,5.976029503702554,-0.053970496297446324,0.053970496297446324,False
DIAMOND HARBOUR,model_vs_pdf,Low,2026-07-16 08:05:00,2026-07-16 07:48:07.145390076,-16.880910166666666,16.880910166666666,1.03,1.0396754399215746,0.009675439921574602,0.009675439921574602,False
DIAMOND HARBOUR,model_vs_pdf,High,2026-07-16 12:03:00,2026-07-16 12:11:01.453826364,8.024230433333333,8.024230433333333,6.49,6.517700688188514,0.027700688188513567,0.027700688188513567,False
DIAMOND HARBOUR,model_vs_pdf,Low,2026-07-16 20:33:00,2026-07-16 20:19:35.974333608,-13.400427783333333,13.400427783333333,1.07,1.0958222265767534,0.02582222657675337,0.02582222657675337,False
DIAMOND HARBOUR,model_vs_pdf,High,2026-07-17 00:37:00,2026-07-17 00:41:53.406018636,4.8901003,4.8901003,6.02,5.9995566374224385,-0.020443362577561075,0.020443362577561075,False
DIAMOND HARBOUR,model_vs_pdf,Low,2026-07-17 08:47:00,2026-07-17 08:28:29.077274298,-18.515378766666668,18.515378766666668,1.14,1.0913376575326206,-0.04866234246737933,0.04866234246737933,False
DIAMOND HARBOUR,model_vs_pdf,High,2026-07-17 12:49:00,2026-07-17 12:48:29.582636016,-0.5069560666666667,0.5069560666666667,6.31,6.388194723925857,0.0781947239258578,0.0781947239258578,False
DIAMOND HARBOUR,model_vs_pdf,Low,2026-07-17 21:12:00,2026-07-17 20:57:01.311521256,-14.978141316666667,14.978141316666667,1.16,1.1179671838923912,-0.04203281610760867,0.04203281610760867,False
DIAMOND HARBOUR,model_vs_pdf,High,2026-07-18 01:22:00,2026-07-18 01:18:29.046951138,-3.5158841499999998,3.5158841499999998,5.89,5.909230276079464,0.01923027607946448,0.01923027607946448,False
DIAMOND HARBOUR,model_vs_pdf,Low,2026-07-18 09:20:00,2026-07-18 09:06:07.360747950,-13.877320883333335,13.877320883333335,1.33,1.202997069557484,-0.12700293044251598,0.12700293044251598,False
DIAMOND HARBOUR,model_vs_pdf,High,2026-07-18 13:35:00,2026-07-18 13:29:56.839822608,-5.052669633333333,5.052669633333333,6.04,6.134430424787554,0.09443042478755359,0.09443042478755359,False
DIAMOND HARBOUR,model_vs_pdf,Low,2026-07-18 21:44:00,2026-07-18 21:33:23.681625804,-10.60530625,10.60530625,1.33,1.2409504647480636,-0.08904953525193648,0.08904953525193648,False
DIAMOND HARBOUR,model_vs_pdf,High,2026-07-19 02:05:00,2026-07-19 01:59:47.407227540,-5.20987955,5.20987955,5.69,5.743486391359355,0.05348639135935418,0.05348639135935418,False
DIAMOND HARBOUR,model_vs_pdf,Low,2026-07-19 09:48:00,2026-07-19 09:39:27.743618195,-8.537606366666667,8.537606366666667,1.55,1.3754190681465417,-0.17458093185345835,0.17458093185345835,False
DIAMOND HARBOUR,model_vs_pdf,High,2026-07-19 14:19:00,2026-07-19 14:12:52.055279304,-6.132412016666667,6.132412016666667,5.72,5.803767399705397,0.0837673997053976,0.0837673997053976,False
DIAMOND HARBOUR,model_vs_pdf,Low,2026-07-19 22:09:00,2026-07-19 22:03:41.442401778,-5.3092933166666665,5.3092933166666665,1.5,1.4321748897830564,-0.0678251102169436,0.0678251102169436,False
DIAMOND HARBOUR,model_vs_pdf,High,2026-07-20 02:46:00,2026-07-20 02:44:43.462089936,-1.27563185,1.27563185,5.47,5.539529563337626,0.0695295633376265,0.0695295633376265,False
DIAMOND HARBOUR,model_vs_pdf,Low,2026-07-20 10:13:00,2026-07-20 10:09:10.696357962,-3.821727383333333,3.821727383333333,1.77,1.6645864080203592,-0.10541359197964084,0.10541359197964084,False
DIAMOND HARBOUR,model_vs_pdf,High,2026-07-20 14:59:00,2026-07-20 14:59:13.944761484,0.23241268333333334,0.23241268333333334,5.41,5.489097584017233,0.07909758401723277,0.07909758401723277,False
DIAMOND HARBOUR,model_vs_pdf,Low,2026-07-20 22:32:00,2026-07-20 22:28:36.216161466,-3.3963973166666666,3.3963973166666666,1.67,1.6824597748903483,0.01245977489034833,0.01245977489034833,False
DIAMOND HARBOUR,model_vs_pdf,High,2026-07-21 03:25:00,2026-07-21 03:32:44.565195600,7.742753250000001,7.742753250000001,5.24,5.323696607615916,0.08369660761591557,0.08369660761591557,False
DIAMOND HARBOUR,model_vs_pdf,Low,2026-07-21 10:36:00,2026-07-21 10:34:21.905934138,-1.6349011,1.6349011,1.99,1.989982098982799,-1.790101720100523e-05,1.790101720100523e-05,False
DIAMOND HARBOUR,model_vs_pdf,High,2026-07-21 15:36:00,2026-07-21 15:46:53.964690918,10.899411500000001,10.899411500000001,5.1,5.2170561910289,0.11705619102890008,0.11705619102890008,False
DIAMOND HARBOUR,model_vs_pdf,Low,2026-07-21 22:56:00,2026-07-21 22:50:54.697712814,-5.088371466666667,5.088371466666667,1.87,1.9370918736237215,0.06709187362372138,0.06709187362372138,False
DIAMOND HARBOUR,model_vs_pdf,High,2026-07-22 04:08:00,2026-07-22 04:17:59.337683850,9.988961383333333,9.988961383333333,4.99,5.122487508789881,0.1324875087898807,0.1324875087898807,False
DIAMOND HARBOUR,model_vs_pdf,Low,2026-07-22 11:09:00,2026-07-22 11:05:54.941287446,-3.0843118833333336,3.0843118833333336,2.24,2.242525088835321,0.0025250888353207657,0.0025250888353207657,False
DIAMOND HARBOUR,model_vs_pdf,High,2026-07-22 16:22:00,2026-07-22 16:29:55.387945986,7.923132416666666,7.923132416666666,4.78,4.8771651202141975,0.09716512021419721,0.09716512021419721,False
DIAMOND HARBOUR,model_vs_pdf,Low,2026-07-22 23:34:00,2026-07-22 23:25:18.298502496,-8.695024966666667,8.695024966666667,2.09,2.1632964877078504,0.07329648770785058,0.07329648770785058,False
DIAMOND HARBOUR,model_vs_pdf,High,2026-07-23 05:14:00,2026-07-23 05:05:14.428650401,-8.759522500000001,8.759522500000001,4.76,4.836767453029374,0.07676745302937427,0.07676745302937427,False
DIAMOND HARBOUR,model_vs_pdf,Low,2026-07-23 12:15:00,2026-07-23 11:50:33.589712472,-24.440171466666666,24.440171466666666,2.45,2.503523179833282,0.05352317983328181,0.05352317983328181,False
DIAMOND HARBOUR,model_vs_pdf,High,2026-07-23 17:35:00,2026-07-23 17:24:49.006727658,-10.183221216666668,10.183221216666668,4.5,4.562863415098768,0.06286341509876792,0.06286341509876792,False
DIAMOND HARBOUR,model_vs_pdf,Low,2026-07-24 00:52:00,2026-07-24 00:18:02.642191854,-33.955963483333335,33.955963483333335,2.26,2.36400924109103,0.10400924109103027,0.10400924109103027,False
DIAMOND HARBOUR,model_vs_pdf,High,2026-07-24 06:54:00,2026-07-24 06:23:50.413005480,-30.159783249999997,30.159783249999997,4.7,4.686903256550842,-0.013096743449158232,0.013096743449158232,False
DIAMOND HARBOUR,model_vs_pdf,Low,2026-07-24 14:01:00,2026-07-24 13:00:51.597278370,-60.14004536666666,60.14004536666666,2.47,2.636644587994028,0.16664458799402793,0.16664458799402793,False
DIAMOND HARBOUR,model_vs_pdf,High,2026-07-24 19:29:00,2026-07-24 18:55:07.764528744,-33.8705912,33.8705912,4.42,4.409487855621766,-0.010512144378234112,0.010512144378234112,False
DIAMOND HARBOUR,model_vs_pdf,Low,2026-07-25 02:32:00,2026-07-25 01:44:34.182104724,-47.43029826666667,47.43029826666667,2.22,2.4108396478648633,0.19083964786486307,0.19083964786486307,False
DIAMOND HARBOUR,model_vs_pdf,High,2026-07-25 08:26:00,2026-07-25 08:01:01.253459064,-24.979109016666666,24.979109016666666,4.88,4.802362215973798,-0.07763778402620147,0.07763778402620147,False
DIAMOND HARBOUR,model_vs_pdf,Low,2026-07-25 15:34:00,2026-07-25 14:58:54.513492360,-35.0914418,35.0914418,2.27,2.47923689479921,0.20923689479921004,0.20923689479921004,False
DIAMOND HARBOUR,model_vs_pdf,High,2026-07-25 20:59:00,2026-07-25 20:29:38.433424866,-29.359442933333334,29.359442933333334,4.58,4.545281422721783,-0.03471857727821703,0.03471857727821703,False
DIAMOND HARBOUR,model_vs_pdf,Low,2026-07-26 03:53:00,2026-07-26 03:30:14.619413544,-22.756343116666667,22.756343116666667,2.01,2.207562612256898,0.19756261225689808,0.19756261225689808,False
DIAMOND HARBOUR,model_vs_pdf,High,2026-07-26 09:23:00,2026-07-26 09:11:45.287939466,-11.245201016666666,11.245201016666666,5.15,5.151189749551909,0.0011897495519086476,0.0011897495519086476,False
DIAMOND HARBOUR,model_vs_pdf,Low,2026-07-26 16:41:00,2026-07-26 16:18:49.928063825,-22.167865616666667,22.167865616666667,2.01,2.2423592279733304,0.23235922797333064,0.23235922797333064,False
DIAMOND HARBOUR,model_vs_pdf,High,2026-07-26 21:53:00,2026-07-26 21:35:49.453358394,-17.17577736666667,17.17577736666667,4.81,4.819115844439194,0.009115844439194554,0.009115844439194554,False
DIAMOND HARBOUR,model_vs_pdf,Low,2026-07-27 04:57:00,2026-07-27 04:31:19.664580534,-25.672257000000002,25.672257000000002,1.78,1.9550271917003967,0.1750271917003967,0.1750271917003967,False
DIAMOND HARBOUR,model_vs_pdf,High,2026-07-27 10:08:00,2026-07-27 10:02:18.602216214,-5.6899630666666665,5.6899630666666665,5.43,5.449676644037554,0.019676644037554425,0.019676644037554425,False
DIAMOND HARBOUR,model_vs_pdf,Low,2026-07-27 17:35:00,2026-07-27 17:17:37.042588242,-17.382623533333334,17.382623533333334,1.79,1.9980466685237575,0.20804666852375742,0.20804666852375742,False
DIAMOND HARBOUR,model_vs_pdf,High,2026-07-27 22:33:00,2026-07-27 22:23:05.267580444,-9.912207,9.912207,5.04,5.120176727045265,0.08017672704526468,0.08017672704526468,False
DIAMOND HARBOUR,model_vs_pdf,Low,2026-07-28 05:50:00,2026-07-28 05:25:50.815079916,-24.153082016666666,24.153082016666666,1.59,1.7418899588773638,0.15188995887736367,0.15188995887736367,False
DIAMOND HARBOUR,model_vs_pdf,High,2026-07-28 10:43:00,2026-07-28 10:40:23.752599906,-2.60412335,2.60412335,5.67,5.741316146775539,0.07131614677553877,0.07131614677553877,False
DIAMOND HARBOUR,model_vs_pdf,Low,2026-07-28 18:18:00,2026-07-28 18:09:43.019974806,-8.283000433333333,8.283000433333333,1.61,1.7844788789056496,0.1744788789056495,0.1744788789056495,False
DIAMOND HARBOUR,model_vs_pdf,High,2026-07-28 23:04:00,2026-07-28 23:00:56.183076324,-3.0636154,3.0636154,5.26,5.381508556375816,0.12150855637581603,0.12150855637581603,False
DIAMOND HARBOUR,model_vs_pdf,Low,2026-07-29 06:32:00,2026-07-29 06:14:36.768156462,-17.387197399999998,17.387197399999998,1.45,1.5379039420915215,0.08790394209152153,0.08790394209152153,False
DIAMOND HARBOUR,model_vs_pdf,High,2026-07-29 11:11:00,2026-07-29 11:12:15.095869794,1.2515978166666666,1.2515978166666666,5.89,6.015832420385082,0.12583242038508224,0.12583242038508224,False
DIAMOND HARBOUR,model_vs_pdf,Low,2026-07-29 18:54:00,2026-07-29 18:53:18.331584150,-0.6944736,0.6944736,1.47,1.5455574370374217,0.07555743703742168,0.07555743703742168,False
DIAMOND HARBOUR,model_vs_pdf,High,2026-07-29 23:28:00,2026-07-29 23:30:55.743990216,2.9290665,2.9290665,5.48,5.632984889061149,0.15298488906114827,0.15298488906114827,False
DIAMOND HARBOUR,model_vs_pdf,Low,2026-07-30 07:07:00,2026-07-30 06:56:38.643128694,-10.355947866666666,10.355947866666666,1.36,1.3603668405455747,0.0003668405455745649,0.0003668405455745649,False
DIAMOND HARBOUR,model_vs_pdf,High,2026-07-30 11:32:00,2026-07-30 11:38:29.459705958,6.490995083333333,6.490995083333333,6.06,6.2211889493069,0.16118894930690075,0.16118894930690075,False
DIAMOND HARBOUR,model_vs_pdf,Low,2026-07-30 19:25:00,2026-07-30 19:29:56.691346362,4.944855766666667,4.944855766666667,1.36,1.408220815328096,0.048220815328095856,0.048220815328095856,False
DIAMOND HARBOUR,model_vs_pdf,High,2026-07-30 23:50:00,2026-07-30 23:55:04.538692254,5.075644866666667,5.075644866666667,5.67,5.842187897854955,0.17218789785495492,0.17218789785495492,False
DIAMOND HARBOUR,model_vs_pdf,Low,2026-07-31 07:37:00,2026-07-31 07:32:52.291263378,-4.12847895,4.12847895,1.29,1.2698370347040926,-0.020162965295907442,0.020162965295907442,False
DIAMOND HARBOUR,model_vs_pdf,High,2026-07-31 11:55:00,2026-07-31 11:59:30.473694882,4.5078949,4.5078949,6.16,6.342945491259345,0.18294549125934445,0.18294549125934445,False
DIAMOND HARBOUR,model_vs_pdf,Low,2026-07-31 19:56:00,2026-07-31 20:01:54.820604189,5.913676733333333,5.913676733333333,1.27,1.3013317883828457,0.03133178838284567,0.03133178838284567,False
DIAMOND HARBOUR,model_vs_pdf,High,2026-08-01 00:15:00,2026-08-01 00:16:21.094842186,1.3515807,1.3515807,5.82,6.021270477665357,0.2012704776653571,0.2012704776653571,False
DIAMOND HARBOUR,model_vs_pdf,Low,2026-08-01 08:09:00,2026-08-01 08:07:03.261401340,-1.9456433166666665,1.9456433166666665,1.27,1.265313730349647,-0.004686269650353125,0.004686269650353125,False
DIAMOND HARBOUR,model_vs_pdf,High,2026-08-01 12:24:00,2026-08-01 12:23:01.724002482,-0.9712666333333334,0.9712666333333334,6.16,6.402044873802277,0.24204487380227668,0.24204487380227668,False
DIAMOND HARBOUR,model_vs_pdf,Low,2026-08-01 20:30:00,2026-08-01 20:32:15.173465160,2.252891083333333,2.252891083333333,1.23,1.278619221720581,0.048619221720580974,0.048619221720580974,False
DIAMOND HARBOUR,model_vs_pdf,High,2026-08-02 00:46:00,2026-08-02 00:42:44.969382864,-3.2505103,3.2505103,5.88,6.119541555697556,0.23954155569755642,0.23954155569755642,False
DIAMOND HARBOUR,model_vs_pdf,Low,2026-08-02 08:43:00,2026-08-02 08:40:51.243886332,-2.1459352333333332,2.1459352333333332,1.3,1.2935758884890283,-0.006424111510971775,0.006424111510971775,False
DIAMOND HARBOUR,model_vs_pdf,High,2026-08-02 12:59:00,2026-08-02 12:55:02.484529740,-3.958591183333333,3.958591183333333,6.08,6.349681333297344,0.2696813332973438,0.2696813332973438,False
DIAMOND HARBOUR,model_vs_pdf,Low,2026-08-02 21:03:00,2026-08-02 21:03:07.005331530,0.11675551666666667,0.11675551666666667,1.24,1.2836661341527627,0.04366613415276266,0.04366613415276266,False
DIAMOND HARBOUR,model_vs_pdf,High,2026-08-03 01:20:00,2026-08-03 01:17:34.320390720,-2.4279935,2.4279935,5.87,6.107220439455093,0.23722043945509252,0.23722043945509252,False
DIAMOND HARBOUR,model_vs_pdf,Low,2026-08-03 09:14:00,2026-08-03 09:13:31.050271110,-0.48249548333333336,0.48249548333333336,1.39,1.3912683126591505,0.0012683126591506166,0.0012683126591506166,False
DIAMOND HARBOUR,model_vs_pdf,High,2026-08-03 13:36:00,2026-08-03 13:33:01.144454334,-2.9809257666666666,2.9809257666666666,5.93,6.215601446458254,0.28560144645825414,0.28560144645825414,False
DIAMOND HARBOUR,model_vs_pdf,Low,2026-08-03 21:34:00,2026-08-03 21:31:49.632922116,-2.1727846333333334,2.1727846333333334,1.29,1.342523625100626,0.052523625100626026,0.052523625100626026,False
DIAMOND HARBOUR,model_vs_pdf,High,2026-08-04 01:59:00,2026-08-04 01:57:17.918810088,-1.7013531666666668,1.7013531666666668,5.8,6.04488508300102,0.2448850830010203,0.2448850830010203,False
DIAMOND HARBOUR,model_vs_pdf,Low,2026-08-04 09:43:00,2026-08-04 09:44:14.647287264,1.2441214500000002,1.2441214500000002,1.52,1.555074830587375,0.03507483058737493,0.03507483058737493,False
DIAMOND HARBOUR,model_vs_pdf,High,2026-08-04 14:15:00,2026-08-04 14:14:31.128834750,-0.4811861,0.4811861,5.75,5.9704431247857706,0.22044312478577055,0.22044312478577055,False
DIAMOND HARBOUR,model_vs_pdf,Low,2026-08-04 22:04:00,2026-08-04 21:59:00.304484370,-4.994925266666667,4.994925266666667,1.38,1.471549208720703,0.09154920872070305,0.09154920872070305,False
DIAMOND HARBOUR,model_vs_pdf,High,2026-08-05 02:39:00,2026-08-05 02:42:41.650319358,3.6941719833333333,3.6941719833333333,5.67,5.828116257422898,0.1581162574228978,0.1581162574228978,False
DIAMOND HARBOUR,model_vs_pdf,Low,2026-08-05 10:12:00,2026-08-05 10:14:50.854074571,2.8475679,2.8475679,1.7,1.7779629576049616,0.07796295760496164,0.07796295760496164,False
DIAMOND HARBOUR,model_vs_pdf,High,2026-08-05 14:55:00,2026-08-05 15:00:41.306515248,5.688441916666666,5.688441916666666,5.51,5.614444187956003,0.10444418795600363,0.10444418795600363,False
DIAMOND HARBOUR,model_vs_pdf,Low,2026-08-05 22:35:00,2026-08-05 22:27:54.523982340,-7.091266966666667,7.091266966666667,1.52,1.6644348999819567,0.1444348999819567,0.1444348999819567,False
DIAMOND HARBOUR,model_vs_pdf,High,2026-08-06 03:22:00,2026-08-06 03:33:45.139069020,11.752317816666666,11.752317816666666,5.46,5.571008589498194,0.11100858949819425,0.11100858949819425,False
DIAMOND HARBOUR,model_vs_pdf,Low,2026-08-06 10:50:00,2026-08-06 10:50:09.978957569,0.16631595,0.16631595,1.93,2.0302590435069416,0.1002590435069417,0.1002590435069417,False
DIAMOND HARBOUR,model_vs_pdf,High,2026-08-06 15:44:00,2026-08-06 15:56:39.143566938,12.652392766666667,12.652392766666667,5.19,5.287672442145311,0.09767244214531079,0.09767244214531079,False
DIAMOND HARBOUR,model_vs_pdf,Low,2026-08-06 23:16:00,2026-08-06 23:04:51.916358118,-11.134727366666668,11.134727366666668,1.74,1.8850357486742018,0.14503574867420177,0.14503574867420177,False
DIAMOND HARBOUR,model_vs_pdf,High,2026-08-07 04:22:00,2026-08-07 04:30:58.541930232,8.975698833333333,8.975698833333333,5.18,5.292763524249913,0.11276352424991298,0.11276352424991298,False
DIAMOND HARBOUR,model_vs_pdf,Low,2026-08-07 11:50:00,2026-08-07 11:36:28.535746494,-13.524404233333334,13.524404233333334,2.17,2.302596713288607,0.13259671328860723,0.13259671328860723,False
DIAMOND HARBOUR,model_vs_pdf,High,2026-08-07 16:58:00,2026-08-07 16:54:36.103242702,-3.3982793,3.3982793,4.84,4.9881908404086595,0.1481908404086596,0.1481908404086596,False
DIAMOND HARBOUR,model_vs_pdf,Low,2026-08-08 00:28:00,2026-08-08 00:01:57.318823104,-26.04468628333333,26.04468628333333,1.96,2.1205814794650415,0.16058147946504153,0.16058147946504153,False
DIAMOND HARBOUR,model_vs_pdf,High,2026-08-08 06:10:00,2026-08-08 05:44:44.878862646,-25.252018966666665,25.252018966666665,5.03,5.074900618867519,0.04490061886751917,0.04490061886751917,False
DIAMOND HARBOUR,model_vs_pdf,Low,2026-08-08 13:36:00,2026-08-08 12:55:23.663646786,-40.6056059,40.6056059,2.25,2.4572871465607466,0.20728714656074665,0.20728714656074665,False
DIAMOND HARBOUR,model_vs_pdf,High,2026-08-08 18:53:00,2026-08-08 18:40:58.080815094,-12.031986416666665,12.031986416666665,4.73,4.797705422633194,0.06770542263319346,0.06770542263319346,False
DIAMOND HARBOUR,model_vs_pdf,Low,2026-08-09 02:18:00,2026-08-09 01:58:14.226694698,-19.762888433333334,19.762888433333334,1.97,2.2415878425370432,0.27158784253704327,0.27158784253704327,False
DIAMOND HARBOUR,model_vs_pdf,High,2026-08-09 07:48:00,2026-08-09 07:57:10.264882008,9.171081366666666,9.171081366666666,5.22,5.21601011237518,-0.003989887624819666,0.003989887624819666,False
DIAMOND HARBOUR,model_vs_pdf,Low,2026-08-09 15:29:00,2026-08-09 15:16:23.909204484,-12.601513266666666,12.601513266666666,2.0,2.260428649543632,0.2604286495436319,0.2604286495436319,False
DIAMOND HARBOUR,model_vs_pdf,High,2026-08-09 20:27:00,2026-08-09 20:37:03.750994632,10.062516566666666,10.062516566666666,4.96,5.027604824744866,0.0676048247448664,0.0676048247448664,False
DIAMOND HARBOUR,model_vs_pdf,Low,2026-08-10 03:57:00,2026-08-10 03:51:46.410394362,-5.226493433333333,5.226493433333333,1.71,1.9404800011988477,0.2304800011988477,0.2304800011988477,False
DIAMOND HARBOUR,model_vs_pdf,High,2026-08-10 09:01:00,2026-08-10 09:19:12.340926138,18.2056821,18.2056821,5.61,5.566244014155541,-0.04375598584445939,0.04375598584445939,False
DIAMOND HARBOUR,model_vs_pdf,Low,2026-08-10 16:56:00,2026-08-10 16:44:49.345107912,-11.177581550000001,11.177581550000001,1.6,1.85426614372321,0.2542661437232099,0.2542661437232099,False
DIAMOND HARBOUR,model_vs_pdf,High,2026-08-10 21:35:00,2026-08-10 21:46:14.218410558,11.2369735,11.2369735,5.36,5.320756761609985,-0.0392432383900152,0.0392432383900152,False
DIAMOND HARBOUR,model_vs_pdf,Low,2026-08-11 05:17:00,2026-08-11 05:07:26.801282718,-9.553311966666666,9.553311966666666,1.38,1.5862584956519954,0.2062584956519955,0.2062584956519955,False
DIAMOND HARBOUR,model_vs_pdf,High,2026-08-11 09:54:00,2026-08-11 10:09:38.112227442,15.635203783333333,15.635203783333333,6.03,5.999726816036659,-0.030273183963341666,0.030273183963341666,False
DIAMOND HARBOUR,model_vs_pdf,Low,2026-08-11 18:02:00,2026-08-11 17:51:00.258061014,-10.995698983333334,10.995698983333334,1.24,1.435980133210775,0.1959801332107749,0.1959801332107749,False
DIAMOND HARBOUR,model_vs_pdf,High,2026-08-11 22:24:00,2026-08-11 22:33:19.470162942,9.3245027,9.3245027,5.77,5.692081086125872,-0.07791891387412786,0.07791891387412786,False
DIAMOND HARBOUR,model_vs_pdf,Low,2026-08-12 06:22:00,2026-08-12 06:06:32.174773326,-15.463753783333335,15.463753783333335,1.1,1.234623403934485,0.1346234039344849,0.1346234039344849,False
DIAMOND HARBOUR,model_vs_pdf,High,2026-08-12 10:36:00,2026-08-12 10:47:41.629424364,11.693823733333334,11.693823733333334,6.37,6.378237164871274,0.008237164871274238,0.008237164871274238,False
DIAMOND HARBOUR,model_vs_pdf,Low,2026-08-12 18:55:00,2026-08-12 18:41:22.276639968,-13.628722683333333,13.628722683333333,0.98,1.1310556122778779,0.1510556122778779,0.1510556122778779,False
DIAMOND HARBOUR,model_vs_pdf,High,2026-08-12 23:04:00,2026-08-12 23:11:40.506355974,7.675105916666666,7.675105916666666,6.1,6.0611102070413665,-0.03888979295863315,0.03888979295863315,False
DIAMOND HARBOUR,model_vs_pdf,Low,2026-08-13 07:13:00,2026-08-13 06:55:12.533718198,-17.7911047,17.7911047,0.95,0.9834586411845458,0.03345864118454589,0.03345864118454589,False
DIAMOND HARBOUR,model_vs_pdf,High,2026-08-13 11:12:00,2026-08-13 11:21:16.363451010,9.272724183333334,9.272724183333334,6.56,6.596805411524434,0.036805411524434284,0.036805411524434284,False
DIAMOND HARBOUR,model_vs_pdf,Low,2026-08-13 19:38:00,2026-08-13 19:24:24.690970134,-13.588483833333333,13.588483833333333,0.86,0.9598320727840683,0.09983207278406836,0.09983207278406836,False
DIAMOND HARBOUR,model_vs_pdf,High,2026-08-13 23:37:00,2026-08-13 23:44:55.075021278,7.917917016666666,7.917917016666666,6.29,6.275312465772687,-0.014687534227313392,0.014687534227313392,False
DIAMOND HARBOUR,model_vs_pdf,Low,2026-08-14 07:54:00,2026-08-14 07:35:50.419145388,-18.159680916666666,18.159680916666666,0.93,0.9095107664228694,-0.020489233577130617,0.020489233577130617,False
DIAMOND HARBOUR,model_vs_pdf,High,2026-08-14 11:45:00,2026-08-14 11:52:57.720265302,7.962004416666667,7.962004416666667,6.57,6.6296933951339625,0.05969339513396221,0.05969339513396221,False
DIAMOND HARBOUR,model_vs_pdf,Low,2026-08-14 20:13:00,2026-08-14 20:00:08.523335652,-12.857944416666667,12.857944416666667,0.88,0.9122798398041224,0.03227983980412241,0.03227983980412241,False
DIAMOND HARBOUR,model_vs_pdf,High,2026-08-15 00:09:00,2026-08-15 00:14:39.564223962,5.6594037166666675,5.6594037166666675,6.31,6.349399639819053,0.039399639819053256,0.039399639819053256,False
DIAMOND HARBOUR,model_vs_pdf,Low,2026-08-15 08:28:00,2026-08-15 08:10:08.708948532,-17.854850866666666,17.854850866666666,1.03,0.9396929634935499,-0.09030703650645011,0.09030703650645011,False
DIAMOND HARBOUR,model_vs_pdf,High,2026-08-15 12:22:00,2026-08-15 12:23:07.862839884,1.1310473166666666,1.1310473166666666,6.41,6.533749132350949,0.12374913235094898,0.12374913235094898,False
DIAMOND HARBOUR,model_vs_pdf,Low,2026-08-15 20:44:00,2026-08-15 20:31:56.293281054,-12.06177865,12.06177865,1.01,0.9737103355647284,-0.036289664435271596,0.036289664435271596,False
DIAMOND HARBOUR,model_vs_pdf,High,2026-08-16 00:43:00,2026-08-16 00:45:17.392731036,2.28987885,2.28987885,6.19,6.279746763849946,0.08974676384994584,0.08974676384994584,False
DIAMOND HARBOUR,model_vs_pdf,Low,2026-08-16 08:57:00,2026-08-16 08:42:31.604378135,-14.473260366666667,14.473260366666667,1.22,1.0272964990612543,-0.19270350093874566,0.19270350093874566,False
DIAMOND HARBOUR,model_vs_pdf,High,2026-08-16 12:59:00,2026-08-16 12:57:33.929864706,-1.4345022666666667,1.4345022666666667,6.14,6.26918591510985,0.12918591510985067,0.12918591510985067,False
DIAMOND HARBOUR,model_vs_pdf,Low,2026-08-16 21:08:00,2026-08-16 21:01:51.881421672,-6.13530965,6.13530965,1.19,1.063670186496303,-0.12632981350369699,0.12632981350369699,False
DIAMOND HARBOUR,model_vs_pdf,High,2026-08-17 01:20:00,2026-08-17 01:21:05.339850726,1.0889975,1.0889975,5.98,6.071579549656587,0.09157954965658632,0.09157954965658632,False
DIAMOND HARBOUR,model_vs_pdf,Low,2026-08-17 09:19:00,2026-08-17 09:11:43.932447042,-7.267792549999999,7.267792549999999,1.42,1.1636374193889414,-0.25636258061105854,0.25636258061105854,False
DIAMOND HARBOUR,model_vs_pdf,High,2026-08-17 13:36:00,2026-08-17 13:35:48.897962538,-0.18503396666666666,0.18503396666666666,5.83,5.938763386872173,0.10876338687217313,0.10876338687217313,False
DIAMOND HARBOUR,model_vs_pdf,Low,2026-08-17 21:28:00,2026-08-17 21:27:52.172174346,-0.13046376666666668,0.13046376666666668,1.37,1.2121261033180817,-0.15787389668191842,0.15787389668191842,False
DIAMOND HARBOUR,model_vs_pdf,High,2026-08-18 01:55:00,2026-08-18 01:58:28.881551148,3.4813591833333333,3.4813591833333333,5.74,5.777404953635025,0.03740495363502472,0.03740495363502472,False
DIAMOND HARBOUR,model_vs_pdf,Low,2026-08-18 09:37:00,2026-08-18 09:35:42.264824988,-1.2955862666666667,1.2955862666666667,1.63,1.3977503842670091,-0.23224961573299074,0.23224961573299074,False
DIAMOND HARBOUR,model_vs_pdf,High,2026-08-18 14:10:00,2026-08-18 14:14:10.971204264,4.1828534,4.1828534,5.5,5.545908624377324,0.0459086243773239,0.0459086243773239,False
DIAMOND HARBOUR,model_vs_pdf,Low,2026-08-18 21:46:00,2026-08-18 21:48:32.892015012,2.54820025,2.54820025,1.56,1.4615614238367978,-0.09843857616320228,0.09843857616320228,False
DIAMOND HARBOUR,model_vs_pdf,High,2026-08-19 02:30:00,2026-08-19 02:39:42.980766708,9.7163461,9.7163461,5.46,5.472754789941779,0.01275478994177881,0.01275478994177881,False
DIAMOND HARBOUR,model_vs_pdf,Low,2026-08-19 09:53:00,2026-08-19 09:58:06.827543214,5.113792383333333,5.113792383333333,1.86,1.725030201226628,-0.134969798773372,0.134969798773372,False
DIAMOND HARBOUR,model_vs_pdf,High,2026-08-19 14:41:00,2026-08-19 14:55:19.017126330,14.3169521,14.3169521,5.17,5.221437285888831,0.051437285888830786,0.051437285888830786,False
DIAMOND HARBOUR,model_vs_pdf,Low,2026-08-19 22:02:00,2026-08-19 22:09:09.153688032,7.152561466666667,7.152561466666667,1.79,1.749311403576597,-0.040688596423402945,0.040688596423402945,False
DIAMOND HARBOUR,model_vs_pdf,High,2026-08-20 03:03:00,2026-08-20 03:23:47.170498404,20.786174966666668,20.786174966666668,5.13,5.1781636005095715,0.04816360050957158,0.04816360050957158,False
DIAMOND HARBOUR,model_vs_pdf,Low,2026-08-20 10:15:00,2026-08-20 10:22:39.033710154,7.650561833333333,7.650561833333333,2.15,2.088602502653965,-0.061397497346034946,0.061397497346034946,False
DIAMOND HARBOUR,model_vs_pdf,High,2026-08-20 15:12:00,2026-08-20 15:37:13.332159792,25.22220265,25.22220265,4.79,4.851905683116091,0.061905683116091126,0.061905683116091126,False
DIAMOND HARBOUR,model_vs_pdf,Low,2026-08-20 22:26:00,2026-08-20 22:37:49.013084142,11.816884733333334,11.816884733333334,2.09,2.0948729599015015,0.004872959901501606,0.004872959901501606,False
DIAMOND HARBOUR,model_vs_pdf,High,2026-08-21 03:48:00,2026-08-21 04:07:12.761019480,19.21268365,19.21268365,4.76,4.8308549031659345,0.07085490316593468,0.07085490316593468,False
DIAMOND HARBOUR,model_vs_pdf,Low,2026-08-21 10:57:00,2026-08-21 10:58:02.417683638,1.0402947166666665,1.0402947166666665,2.47,2.5246691369792633,0.05466913697926312,0.05466913697926312,False
DIAMOND HARBOUR,model_vs_pdf,High,2026-08-21 16:01:00,2026-08-21 16:26:40.416252090,25.6736042,25.6736042,4.4,4.440878726100412,0.04087872610041199,0.04087872610041199,False
DIAMOND HARBOUR,model_vs_pdf,Low,2026-08-21 23:26:00,2026-08-21 23:22:02.029234734,-3.966179433333333,3.966179433333333,2.39,2.45388623087133,0.06388623087132972,0.06388623087132972,False
DIAMOND HARBOUR,model_vs_pdf,High,2026-08-22 05:55:00,2026-08-22 05:24:20.505732180,-30.6582378,30.6582378,4.49,4.530937971822124,0.040937971822123664,0.040937971822123664,False
DIAMOND HARBOUR,model_vs_pdf,Low,2026-08-22 13:06:00,2026-08-22 12:07:38.786316198,-58.3535614,58.3535614,2.63,2.756268583739287,0.12626858373928718,0.12626858373928718,False
DIAMOND HARBOUR,model_vs_pdf,High,2026-08-22 18:44:00,2026-08-22 18:12:57.690071982,-31.038498816666667,31.038498816666667,4.18,4.1859935987562364,0.005993598756236729,0.005993598756236729,False
DIAMOND HARBOUR,model_vs_pdf,Low,2026-08-23 01:51:00,2026-08-23 00:39:04.554274326,-71.92409543333333,71.92409543333333,2.42,2.619189361653213,0.19918936165321321,0.19918936165321321,False
DIAMOND HARBOUR,model_vs_pdf,High,2026-08-23 08:04:00,2026-08-23 07:28:14.426953818,-35.75955078333333,35.75955078333333,4.68,4.5823719820710656,-0.09762801792893416,0.09762801792893416,False
DIAMOND HARBOUR,model_vs_pdf,Low,2026-08-23 15:12:00,2026-08-23 13:43:08.125753146,-88.86457078333333,88.86457078333333,2.36,2.7077827292565346,0.34778272925653475,0.34778272925653475,False
DIAMOND HARBOUR,model_vs_pdf,High,2026-08-23 20:48:00,2026-08-23 20:00:48.941817318,-47.184303050000004,47.184303050000004,4.44,4.3830609403543255,-0.056939059645674917,0.056939059645674917,False
DIAMOND HARBOUR,model_vs_pdf,Low,2026-08-24 03:29:00,2026-08-24 02:44:43.352221068,-44.27746298333333,44.27746298333333,2.12,2.4545446852678907,0.3345446852678906,0.3345446852678906,False
DIAMOND HARBOUR,model_vs_pdf,High,2026-08-24 09:02:00,2026-08-24 08:43:10.274500266,-18.828758333333333,18.828758333333333,5.03,4.992588647336286,-0.03741135266371387,0.03741135266371387,False
DIAMOND HARBOUR,model_vs_pdf,Low,2026-08-24 16:20:00,2026-08-24 16:01:30.271276284,-18.495478733333336,18.495478733333336,2.0,2.3107743364905597,0.31077433649055974,0.31077433649055974,False
DIAMOND HARBOUR,model_vs_pdf,High,2026-08-24 21:36:00,2026-08-24 21:14:01.935164010,-21.967747266666667,21.967747266666667,4.79,4.8069597332114675,0.016959733211467487,0.016959733211467487,False
DIAMOND HARBOUR,model_vs_pdf,Low,2026-08-25 04:36:00,2026-08-25 04:11:54.646366446,-24.089227233333336,24.089227233333336,1.8,2.0646343570793197,0.2646343570793197,0.2646343570793197,False
DIAMOND HARBOUR,model_vs_pdf,High,2026-08-25 09:46:00,2026-08-25 09:40:49.076458494,-5.182059033333333,5.182059033333333,5.38,5.426256936406339,0.04625693640633877,0.04625693640633877,False
DIAMOND HARBOUR,model_vs_pdf,Low,2026-08-25 17:14:00,2026-08-25 17:06:37.071431129,-7.382142816666667,7.382142816666667,1.69,1.942149619461559,0.2521496194615591,0.2521496194615591,False
DIAMOND HARBOUR,model_vs_pdf,High,2026-08-25 22:14:00,2026-08-25 22:03:29.671558794,-10.505474033333334,10.505474033333334,5.12,5.212980307777018,0.09298030777701793,0.09298030777701793,False
DIAMOND HARBOUR,model_vs_pdf,Low,2026-08-26 05:31:00,2026-08-26 05:16:08.110864854,-14.864818933333334,14.864818933333334,1.54,1.7302077337130979,0.19020773371309785,0.19020773371309785,False
DIAMOND HARBOUR,model_vs_pdf,High,2026-08-26 10:21:00,2026-08-26 10:19:22.078968762,-1.6320172,1.6320172,5.7,5.804128762727349,0.10412876272734906,0.10412876272734906,False
DIAMOND HARBOUR,model_vs_pdf,Low,2026-08-26 18:01:00,2026-08-26 17:55:39.377701182,-5.343704983333334,5.343704983333334,1.44,1.601699513097619,0.1616995130976191,0.1616995130976191,False
DIAMOND HARBOUR,model_vs_pdf,High,2026-08-26 22:42:00,2026-08-26 22:37:59.532968328,-4.007783866666666,4.007783866666666,5.45,5.5987780369779445,0.14877803697794434,0.14877803697794434,False
DIAMOND HARBOUR,model_vs_pdf,Low,2026-08-27 06:17:00,2026-08-27 06:03:19.594654752,-13.673422433333334,13.673422433333334,1.35,1.4209046611744236,0.07090466117442351,0.07090466117442351,False
DIAMOND HARBOUR,model_vs_pdf,High,2026-08-27 10:47:00,2026-08-27 10:47:56.194575558,0.93657625,0.93657625,5.97,6.168938809850085,0.19893880985008483,0.19893880985008483,False
DIAMOND HARBOUR,model_vs_pdf,Low,2026-08-27 18:39:00,2026-08-27 18:34:12.727062192,-4.787882300000001,4.787882300000001,1.25,1.305162280590897,0.055162280590896895,0.055162280590896895,False
DIAMOND HARBOUR,model_vs_pdf,High,2026-08-27 23:03:00,2026-08-27 23:05:18.843299628,2.3140549833333335,2.3140549833333335,5.77,5.969455470574338,0.1994554705743381,0.1994554705743381,False
DIAMOND HARBOUR,model_vs_pdf,Low,2026-08-28 06:54:00,2026-08-28 06:43:06.893977800,-10.885100383333334,10.885100383333334,1.21,1.1911432445863825,-0.01885675541361742,0.01885675541361742,False
DIAMOND HARBOUR,model_vs_pdf,High,2026-08-28 11:08:00,2026-08-28 11:11:57.927008424,3.9654501333333334,3.9654501333333334,6.2,6.421133217118158,0.22113321711815814,0.22113321711815814,False
DIAMOND HARBOUR,model_vs_pdf,Low,2026-08-28 19:11:00,2026-08-28 19:08:33.668465039,-2.4388589166666668,2.4388589166666668,1.09,1.1109683281313654,0.020968328131365288,0.020968328131365288,False
DIAMOND HARBOUR,model_vs_pdf,High,2026-08-28 23:21:00,2026-08-28 23:26:58.448270208,5.974137833333333,5.974137833333333,6.06,6.275816389008844,0.21581638900884403,0.21581638900884403,False
DIAMOND HARBOUR,model_vs_pdf,Low,2026-08-29 07:25:00,2026-08-29 07:17:53.312203206,-7.111463283333333,7.111463283333333,1.1,1.0358973535226843,-0.06410264647731578,0.06410264647731578,False
DIAMOND HARBOUR,model_vs_pdf,High,2026-08-29 11:28:00,2026-08-29 11:29:51.609833706,1.8601638833333332,1.8601638833333332,6.35,6.590932313066044,0.24093231306604412,0.24093231306604412,False
DIAMOND HARBOUR,model_vs_pdf,Low,2026-08-29 19:41:00,2026-08-29 19:38:30.193239798,-2.4967793499999997,2.4967793499999997,0.98,1.005832889686267,0.025832889686266958,0.025832889686266958,False
DIAMOND HARBOUR,model_vs_pdf,High,2026-08-29 23:42:00,2026-08-29 23:44:59.210553540,2.98684255,2.98684255,6.27,6.5203429641053905,0.2503429641053909,0.2503429641053909,False
DIAMOND HARBOUR,model_vs_pdf,Low,2026-08-30 07:57:00,2026-08-30 07:49:22.206667668,-7.629888883333334,7.629888883333334,1.04,0.9865812185308767,-0.05341878146912338,0.05341878146912338,False
DIAMOND HARBOUR,model_vs_pdf,High,2026-08-30 11:55:00,2026-08-30 11:52:40.125672930,-2.3312388,2.3312388,6.39,6.643506204038683,0.2535062040386835,0.2535062040386835,False
DIAMOND HARBOUR,model_vs_pdf,Low,2026-08-30 20:12:00,2026-08-30 20:08:48.080306609,-3.1986615666666665,3.1986615666666665,0.93,0.9776780982447538,0.047678098244753775,0.047678098244753775,False
DIAMOND HARBOUR,model_vs_pdf,High,2026-08-31 00:11:00,2026-08-31 00:10:02.475132012,-0.9587477999999999,0.9587477999999999,6.35,6.575293358127399,0.22529335812739948,0.22529335812739948,False
DIAMOND HARBOUR,model_vs_pdf,Low,2026-08-31 08:29:00,2026-08-31 08:22:02.301771636,-6.9616371500000005,6.9616371500000005,1.06,1.0072831409665568,-0.05271685903344325,0.05271685903344325,False
DIAMOND HARBOUR,model_vs_pdf,High,2026-08-31 12:29:00,2026-08-31 12:23:05.090766360,-5.915153900000001,5.915153900000001,6.29,6.52041288091943,0.23041288091943013,0.23041288091943013,False
DIAMOND HARBOUR,model_vs_pdf,Low,2026-08-31 20:44:00,2026-08-31 20:39:02.904448140,-4.951592533333334,4.951592533333334,0.96,1.0085389703264895,0.04853897032648957,0.04853897032648957,False
