time_utc,sensor,value
2026-10-02 00:24,RAD,6.69
2026-10-02 00:25,RAD,6.69
2026-10-02 00:26,RAD,6.7
2026-10-02 00:27,RAD,6.7
2026-10-02 00:28,RAD,6.7
2026-10-02 00:29,RAD,6.7
2026-10-02 00:30,RAD,6.7
2026-10-02 00:31,RAD,6.7
2026-10-02 00:32,RAD,6.7
2026-10-02 00:54,RAD,6.65
2026-10-02 00:55,RAD,6.64
2026-10-02 00:56,RAD,6.64
2026-10-02 00:57,RAD,6.64
2026-10-02 00:58,RAD,6.63
2026-10-02 00:59,RAD,6.63
2026-10-02 01:09,RAD,6.58
2026-10-02 01:10,RAD,6.57
2026-10-02 01:11,RAD,6.57
2026-10-02 01:12,RAD,6.56
2026-10-02 01:13,RAD,6.55
2026-10-02 01:14,RAD,6.54
2026-10-02 01:15,RAD,6.54
2026-10-02 01:16,RAD,6.53
2026-10-02 01:17,RAD,6.52
2026-10-02 02:00,RAD,6.04
2026-10-02 02:01,RAD,6.03
2026-10-02 02:02,RAD,6.02
2026-10-02 02:03,RAD,6.0
2026-10-02 02:04,RAD,5.98
2026-10-02 02:05,RAD,5.97
2026-10-02 02:09,RAD,5.91
2026-10-02 02:10,RAD,5.89
2026-10-02 02:11,RAD,5.88
2026-10-02 02:12,RAD,5.86
2026-10-02 02:13,RAD,5.84
2026-10-02 02:14,RAD,5.83
2026-10-02 02:57,RAD,5.03
2026-10-02 02:58,RAD,5.01
2026-10-02 02:59,RAD,4.99
2026-10-02 03:00,RAD,4.97
2026-10-02 03:01,RAD,4.95
2026-10-02 03:02,RAD,4.94
2026-10-02 03:15,RAD,4.69
2026-10-02 03:16,RAD,4.67
2026-10-02 03:17,RAD,4.65
2026-10-02 03:18,RAD,4.64
2026-10-02 03:19,RAD,4.62
2026-10-02 03:20,RAD,4.6
2026-10-02 04:15,RAD,3.56
2026-10-02 04:16,RAD,3.53
2026-10-02 04:17,RAD,3.52
2026-10-02 04:18,RAD,3.5
2026-10-02 04:19,RAD,3.49
2026-10-02 04:20,RAD,3.47
2026-10-02 05:45,RAD,2.27
2026-10-02 05:46,RAD,2.26
2026-10-02 05:47,RAD,2.25
2026-10-02 05:48,RAD,2.24
2026-10-02 05:49,RAD,2.24
2026-10-02 05:50,RAD,2.23
2026-10-02 06:03,RAD,2.12
2026-10-02 06:04,RAD,2.11
2026-10-02 06:05,RAD,2.1
2026-10-02 06:06,RAD,2.09
2026-10-02 06:07,RAD,2.08
2026-10-02 06:08,RAD,2.08
2026-10-02 08:00,RAD,2.37
2026-10-02 08:01,RAD,2.38
2026-10-02 08:02,RAD,2.4
2026-10-02 08:03,RAD,2.42
2026-10-02 08:04,RAD,2.44
2026-10-02 08:05,RAD,2.45
2026-10-02 08:06,RAD,2.46
2026-10-02 08:07,RAD,2.48
2026-10-02 08:08,RAD,2.5
2026-10-02 08:09,RAD,2.51
2026-10-02 08:10,RAD,2.53
2026-10-02 08:11,RAD,2.55
2026-10-02 08:12,RAD,2.57
2026-10-02 08:13,RAD,2.59
2026-10-02 08:14,RAD,2.61
2026-10-02 08:24,RAD,2.8
2026-10-02 08:25,RAD,2.81
2026-10-02 08:26,RAD,2.83
2026-10-02 08:27,RAD,2.86
2026-10-02 08:28,RAD,2.88
2026-10-02 08:29,RAD,2.9
2026-10-02 08:36,RAD,3.04
2026-10-02 08:37,RAD,3.06
2026-10-02 08:38,RAD,3.08
2026-10-02 08:39,RAD,3.11
2026-10-02 08:40,RAD,3.13
2026-10-02 08:41,RAD,3.15
2026-10-02 09:06,RAD,3.7
2026-10-02 09:07,RAD,3.72
2026-10-02 09:08,RAD,3.73
2026-10-02 09:09,RAD,3.76
2026-10-02 09:10,RAD,3.78
2026-10-02 09:11,RAD,3.8
2026-10-02 09:15,RAD,3.89
2026-10-02 09:16,RAD,3.91
2026-10-02 09:17,RAD,3.93
2026-10-02 09:18,RAD,3.95
2026-10-02 09:19,RAD,3.97
2026-10-02 09:20,RAD,3.99
