state,time_utc,height_m,source
High,2023-12-31 20:08:00+00:00,4.84,soi_api
Low,2024-01-01 03:26:00+00:00,1.32,soi_api
High,2024-01-01 08:40:00+00:00,4.51,soi_api
Low,2024-01-01 15:17:00+00:00,1.4,soi_api
High,2024-01-01 20:44:00+00:00,4.7,soi_api
Low,2024-01-02 03:56:00+00:00,1.36,soi_api
High,2024-01-02 09:15:00+00:00,4.41,soi_api
Low,2024-01-02 15:48:00+00:00,1.56,soi_api
High,2024-01-02 21:19:00+00:00,4.52,soi_api
Low,2024-01-03 04:26:00+00:00,1.44,soi_api
High,2024-01-03 09:53:00+00:00,4.29,soi_api
Low,2024-01-03 16:23:00+00:00,1.75,soi_api
High,2024-01-03 21:58:00+00:00,4.32,soi_api
Low,2024-01-04 05:01:00+00:00,1.55,soi_api
High,2024-01-04 10:42:00+00:00,4.17,soi_api
Low,2024-01-04 17:11:00+00:00,1.93,soi_api
High,2024-01-04 22:50:00+00:00,4.11,soi_api
Low,2024-01-05 05:48:00+00:00,1.66,soi_api
High,2024-01-05 11:51:00+00:00,4.1,soi_api
Low,2024-01-05 18:19:00+00:00,2.06,soi_api
High,2024-01-06 00:02:00+00:00,3.94,soi_api
Low,2024-01-06 06:58:00+00:00,1.73,soi_api
High,2024-01-06 13:09:00+00:00,4.17,soi_api
Low,2024-01-06 19:53:00+00:00,2.03,soi_api
High,2024-01-07 01:22:00+00:00,3.9,soi_api
Low,2024-01-07 08:28:00+00:00,1.67,soi_api
High,2024-01-07 14:19:00+00:00,4.36,soi_api
Low,2024-01-07 21:22:00+00:00,1.86,soi_api
High,2024-01-08 02:36:00+00:00,3.98,soi_api
Low,2024-01-08 09:50:00+00:00,1.5,soi_api
High,2024-01-08 15:17:00+00:00,4.63,soi_api
Low,2024-01-08 22:34:00+00:00,1.62,soi_api
High,2024-01-09 03:37:00+00:00,4.18,soi_api
Low,2024-01-09 10:57:00+00:00,1.26,soi_api
High,2024-01-09 16:06:00+00:00,4.95,soi_api
Low,2024-01-09 23:35:00+00:00,1.35,soi_api
High,2024-01-10 04:31:00+00:00,4.46,soi_api
Low,2024-01-10 11:55:00+00:00,1.01,soi_api
High,2024-01-10 16:48:00+00:00,5.27,soi_api
Low,2024-01-11 00:29:00+00:00,1.09,soi_api
High,2024-01-11 05:18:00+00:00,4.76,soi_api
Low,2024-01-11 12:46:00+00:00,0.78,soi_api
High,2024-01-11 17:29:00+00:00,5.54,soi_api
Low,2024-01-12 01:18:00+00:00,0.86,soi_api
High,2024-01-12 06:02:00+00:00,5.02,soi_api
Low,2024-01-12 13:32:00+00:00,0.62,soi_api
High,2024-01-12 18:10:00+00:00,5.69,soi_api
Low,2024-01-13 02:05:00+00:00,0.68,soi_api
High,2024-01-13 06:48:00+00:00,5.18,soi_api
Low,2024-01-13 14:16:00+00:00,0.56,soi_api
High,2024-01-13 18:57:00+00:00,5.69,soi_api
Low,2024-01-14 02:53:00+00:00,0.6,soi_api
High,2024-01-14 07:35:00+00:00,5.21,soi_api
Low,2024-01-14 14:58:00+00:00,0.63,soi_api
High,2024-01-14 19:46:00+00:00,5.55,soi_api
Low,2024-01-15 03:37:00+00:00,0.62,soi_api
High,2024-01-15 08:24:00+00:00,5.12,soi_api
Low,2024-01-15 15:36:00+00:00,0.79,soi_api
High,2024-01-15 20:36:00+00:00,5.3,soi_api
Low,2024-01-16 04:16:00+00:00,0.71,soi_api
High,2024-01-16 09:12:00+00:00,4.96,soi_api
Low,2024-01-16 16:14:00+00:00,1.01,soi_api
High,2024-01-16 21:26:00+00:00,5.0,soi_api
Low,2024-01-17 04:51:00+00:00,0.86,soi_api
High,2024-01-17 09:58:00+00:00,4.76,soi_api
Low,2024-01-17 16:52:00+00:00,1.26,soi_api
High,2024-01-17 22:17:00+00:00,4.67,soi_api
Low,2024-01-18 05:27:00+00:00,1.06,soi_api
High,2024-01-18 10:50:00+00:00,4.53,soi_api
Low,2024-01-18 17:38:00+00:00,1.54,soi_api
High,2024-01-18 23:13:00+00:00,4.32,soi_api
Low,2024-01-19 06:11:00+00:00,1.31,soi_api
High,2024-01-19 11:55:00+00:00,4.31,soi_api
Low,2024-01-19 18:45:00+00:00,1.79,soi_api
High,2024-01-20 00:25:00+00:00,4.02,soi_api
Low,2024-01-20 07:15:00+00:00,1.55,soi_api
High,2024-01-20 13:22:00+00:00,4.2,soi_api
Low,2024-01-20 20:16:00+00:00,1.9,soi_api
High,2024-01-21 01:54:00+00:00,3.85,soi_api
Low,2024-01-21 08:40:00+00:00,1.67,soi_api
High,2024-01-21 14:46:00+00:00,4.26,soi_api
Low,2024-01-21 22:01:00+00:00,1.81,soi_api
High,2024-01-22 03:18:00+00:00,3.88,soi_api
Low,2024-01-22 10:14:00+00:00,1.6,soi_api
High,2024-01-22 15:50:00+00:00,4.42,soi_api
Low,2024-01-22 23:16:00+00:00,1.6,soi_api
High,2024-01-23 04:20:00+00:00,4.02,soi_api
Low,2024-01-23 11:27:00+00:00,1.42,soi_api
High,2024-01-23 16:39:00+00:00,4.62,soi_api
Low,2024-01-24 00:09:00+00:00,1.38,soi_api
High,2024-01-24 05:08:00+00:00,4.2,soi_api
Low,2024-01-24 12:18:00+00:00,1.22,soi_api
High,2024-01-24 17:18:00+00:00,4.81,soi_api
Low,2024-01-25 00:50:00+00:00,1.2,soi_api
High,2024-01-25 05:45:00+00:00,4.39,soi_api
Low,2024-01-25 12:56:00+00:00,1.06,soi_api
High,2024-01-25 17:50:00+00:00,4.97,soi_api
Low,2024-01-26 01:22:00+00:00,1.06,soi_api
High,2024-01-26 06:16:00+00:00,4.55,soi_api
Low,2024-01-26 13:27:00+00:00,0.96,soi_api
High,2024-01-26 18:17:00+00:00,5.06,soi_api
Low,2024-01-27 01:49:00+00:00,0.98,soi_api
High,2024-01-27 06:43:00+00:00,4.67,soi_api
Low,2024-01-27 13:53:00+00:00,0.91,soi_api
High,2024-01-27 18:43:00+00:00,5.09,soi_api
Low,2024-01-28 02:15:00+00:00,0.92,soi_api
High,2024-01-28 07:11:00+00:00,4.75,soi_api
Low,2024-01-28 14:16:00+00:00,0.9,soi_api
High,2024-01-28 19:09:00+00:00,5.06,soi_api
Low,2024-01-29 02:42:00+00:00,0.88,soi_api
High,2024-01-29 07:39:00+00:00,4.78,soi_api
Low,2024-01-29 14:42:00+00:00,0.92,soi_api
High,2024-01-29 19:40:00+00:00,4.98,soi_api
Low,2024-01-30 03:11:00+00:00,0.86,soi_api
High,2024-01-30 08:11:00+00:00,4.76,soi_api
Low,2024-01-30 15:09:00+00:00,0.99,soi_api
High,2024-01-30 20:12:00+00:00,4.84,soi_api
Low,2024-01-31 03:37:00+00:00,0.9,soi_api
High,2024-01-31 08:42:00+00:00,4.68,soi_api
Low,2024-01-31 15:34:00+00:00,1.14,soi_api
High,2024-01-31 20:42:00+00:00,4.65,soi_api
Low,2024-02-01 04:00:00+00:00,1.0,soi_api
High,2024-02-01 09:11:00+00:00,4.55,soi_api
Low,2024-02-01 15:55:00+00:00,1.34,soi_api
High,2024-02-01 21:12:00+00:00,4.44,soi_api
Low,2024-02-02 04:19:00+00:00,1.16,soi_api
High,2024-02-02 09:42:00+00:00,4.37,soi_api
Low,2024-02-02 16:23:00+00:00,1.58,soi_api
High,2024-02-02 21:44:00+00:00,4.19,soi_api
Low,2024-02-03 04:46:00+00:00,1.35,soi_api
High,2024-02-03 10:25:00+00:00,4.16,soi_api
Low,2024-02-03 17:06:00+00:00,1.83,soi_api
High,2024-02-03 22:33:00+00:00,3.91,soi_api
Low,2024-02-04 05:34:00+00:00,1.57,soi_api
High,2024-02-04 11:43:00+00:00,3.98,soi_api
Low,2024-02-04 18:24:00+00:00,2.02,soi_api
High,2024-02-04 23:58:00+00:00,3.66,soi_api
Low,2024-02-05 07:10:00+00:00,1.72,soi_api
High,2024-02-05 13:28:00+00:00,4.02,soi_api
Low,2024-02-05 20:28:00+00:00,1.98,soi_api
High,2024-02-06 01:51:00+00:00,3.65,soi_api
Low,2024-02-06 09:08:00+00:00,1.6,soi_api
High,2024-02-06 14:52:00+00:00,4.32,soi_api
Low,2024-02-06 22:10:00+00:00,1.68,soi_api
High,2024-02-07 03:22:00+00:00,3.92,soi_api
Low,2024-02-07 10:35:00+00:00,1.29,soi_api
High,2024-02-07 15:53:00+00:00,4.76,soi_api
Low,2024-02-07 23:29:00+00:00,1.27,soi_api
High,2024-02-08 04:24:00+00:00,4.36,soi_api
Low,2024-02-08 11:46:00+00:00,0.93,soi_api
High,2024-02-08 16:40:00+00:00,5.23,soi_api
Low,2024-02-09 00:30:00+00:00,0.84,soi_api
High,2024-02-09 05:10:00+00:00,4.84,soi_api
Low,2024-02-09 12:43:00+00:00,0.58,soi_api
High,2024-02-09 17:18:00+00:00,5.64,soi_api
Low,2024-02-10 01:18:00+00:00,0.47,soi_api
High,2024-02-10 05:51:00+00:00,5.25,soi_api
Low,2024-02-10 13:30:00+00:00,0.33,soi_api
High,2024-02-10 17:56:00+00:00,5.89,soi_api
Low,2024-02-11 02:01:00+00:00,0.21,soi_api
High,2024-02-11 06:30:00+00:00,5.51,soi_api
Low,2024-02-11 14:13:00+00:00,0.22,soi_api
High,2024-02-11 18:37:00+00:00,5.92,soi_api
Low,2024-02-12 02:42:00+00:00,0.12,soi_api
High,2024-02-12 07:13:00+00:00,5.57,soi_api
Low,2024-02-12 14:52:00+00:00,0.28,soi_api
High,2024-02-12 19:21:00+00:00,5.75,soi_api
Low,2024-02-13 03:20:00+00:00,0.18,soi_api
High,2024-02-13 07:56:00+00:00,5.45,soi_api
Low,2024-02-13 15:27:00+00:00,0.46,soi_api
High,2024-02-13 20:07:00+00:00,5.42,soi_api
Low,2024-02-14 03:52:00+00:00,0.37,soi_api
High,2024-02-14 08:40:00+00:00,5.22,soi_api
Low,2024-02-14 15:56:00+00:00,0.74,soi_api
High,2024-02-14 20:52:00+00:00,5.02,soi_api
Low,2024-02-15 04:19:00+00:00,0.63,soi_api
High,2024-02-15 09:20:00+00:00,4.9,soi_api
Low,2024-02-15 16:23:00+00:00,1.07,soi_api
High,2024-02-15 21:35:00+00:00,4.58,soi_api
Low,2024-02-16 04:42:00+00:00,0.95,soi_api
High,2024-02-16 09:59:00+00:00,4.54,soi_api
Low,2024-02-16 16:53:00+00:00,1.45,soi_api
High,2024-02-16 22:17:00+00:00,4.13,soi_api
Low,2024-02-17 05:14:00+00:00,1.32,soi_api
High,2024-02-17 10:48:00+00:00,4.15,soi_api
Low,2024-02-17 17:43:00+00:00,1.85,soi_api
High,2024-02-17 23:21:00+00:00,3.7,soi_api
Low,2024-02-18 06:10:00+00:00,1.71,soi_api
High,2024-02-18 12:36:00+00:00,3.85,soi_api
Low,2024-02-18 19:36:00+00:00,2.09,soi_api
High,2024-02-19 01:26:00+00:00,3.45,soi_api
Low,2024-02-19 08:07:00+00:00,1.9,soi_api
High,2024-02-19 14:37:00+00:00,3.92,soi_api
Low,2024-02-19 21:54:00+00:00,1.93,soi_api
High,2024-02-20 03:21:00+00:00,3.6,soi_api
Low,2024-02-20 10:07:00+00:00,1.74,soi_api
High,2024-02-20 15:47:00+00:00,4.2,soi_api
Low,2024-02-20 23:06:00+00:00,1.6,soi_api
High,2024-02-21 04:22:00+00:00,3.9,soi_api
Low,2024-02-21 11:17:00+00:00,1.45,soi_api
High,2024-02-21 16:33:00+00:00,4.5,soi_api
Low,2024-02-21 23:58:00+00:00,1.29,soi_api
High,2024-02-22 05:02:00+00:00,4.19,soi_api
Low,2024-02-22 12:07:00+00:00,1.18,soi_api
High,2024-02-22 17:08:00+00:00,4.77,soi_api
Low,2024-02-23 00:38:00+00:00,1.04,soi_api
High,2024-02-23 05:32:00+00:00,4.46,soi_api
Low,2024-02-23 12:45:00+00:00,0.97,soi_api
High,2024-02-23 17:35:00+00:00,4.97,soi_api
Low,2024-02-24 01:07:00+00:00,0.85,soi_api
High,2024-02-24 05:56:00+00:00,4.68,soi_api
Low,2024-02-24 13:12:00+00:00,0.83,soi_api
High,2024-02-24 17:56:00+00:00,5.1,soi_api
Low,2024-02-25 01:30:00+00:00,0.72,soi_api
High,2024-02-25 06:16:00+00:00,4.85,soi_api
Low,2024-02-25 13:34:00+00:00,0.75,soi_api
High,2024-02-25 18:15:00+00:00,5.16,soi_api
Low,2024-02-26 01:52:00+00:00,0.63,soi_api
High,2024-02-26 06:37:00+00:00,4.98,soi_api
Low,2024-02-26 13:58:00+00:00,0.71,soi_api
High,2024-02-26 18:37:00+00:00,5.15,soi_api
Low,2024-02-27 02:16:00+00:00,0.58,soi_api
High,2024-02-27 07:04:00+00:00,5.05,soi_api
Low,2024-02-27 14:23:00+00:00,0.7,soi_api
High,2024-02-27 19:05:00+00:00,5.08,soi_api
Low,2024-02-28 02:44:00+00:00,0.57,soi_api
High,2024-02-28 07:35:00+00:00,5.04,soi_api
Low,2024-02-28 14:49:00+00:00,0.77,soi_api
High,2024-02-28 19:35:00+00:00,4.94,soi_api
Low,2024-02-29 03:09:00+00:00,0.64,soi_api
High,2024-02-29 08:05:00+00:00,4.95,soi_api
Low,2024-02-29 15:11:00+00:00,0.92,soi_api
High,2024-02-29 20:05:00+00:00,4.75,soi_api
Low,2024-03-01 03:29:00+00:00,0.78,soi_api
High,2024-03-01 08:33:00+00:00,4.8,soi_api
Low,2024-03-01 15:29:00+00:00,1.13,soi_api
High,2024-03-01 20:31:00+00:00,4.54,soi_api
Low,2024-03-02 03:43:00+00:00,0.97,soi_api
High,2024-03-02 09:00:00+00:00,4.61,soi_api
Low,2024-03-02 15:46:00+00:00,1.39,soi_api
High,2024-03-02 21:02:00+00:00,4.3,soi_api
Low,2024-03-03 04:01:00+00:00,1.19,soi_api
High,2024-03-03 09:36:00+00:00,4.36,soi_api
Low,2024-03-03 16:19:00+00:00,1.69,soi_api
High,2024-03-03 21:43:00+00:00,3.99,soi_api
Low,2024-03-04 04:41:00+00:00,1.48,soi_api
High,2024-03-04 10:40:00+00:00,4.06,soi_api
Low,2024-03-04 17:30:00+00:00,1.98,soi_api
High,2024-03-04 23:02:00+00:00,3.63,soi_api
Low,2024-03-05 06:13:00+00:00,1.76,soi_api
High,2024-03-05 12:49:00+00:00,3.97,soi_api
Low,2024-03-05 19:53:00+00:00,2.02,soi_api
High,2024-03-06 01:28:00+00:00,3.57,soi_api
Low,2024-03-06 08:40:00+00:00,1.69,soi_api
High,2024-03-06 14:30:00+00:00,4.3,soi_api
Low,2024-03-06 21:55:00+00:00,1.63,soi_api
High,2024-03-07 03:14:00+00:00,3.97,soi_api
Low,2024-03-07 10:20:00+00:00,1.32,soi_api
High,2024-03-07 15:35:00+00:00,4.83,soi_api
Low,2024-03-07 23:20:00+00:00,1.1,soi_api
High,2024-03-08 04:13:00+00:00,4.56,soi_api
Low,2024-03-08 11:34:00+00:00,0.87,soi_api
High,2024-03-08 16:20:00+00:00,5.35,soi_api
Low,2024-03-09 00:17:00+00:00,0.59,soi_api
High,2024-03-09 04:53:00+00:00,5.13,soi_api
Low,2024-03-09 12:30:00+00:00,0.48,soi_api
High,2024-03-09 16:57:00+00:00,5.78,soi_api
Low,2024-03-10 01:01:00+00:00,0.2,soi_api
High,2024-03-10 05:26:00+00:00,5.59,soi_api
Low,2024-03-10 13:14:00+00:00,0.21,soi_api
High,2024-03-10 17:33:00+00:00,6.01,soi_api
Low,2024-03-11 01:40:00+00:00,-0.03,soi_api
High,2024-03-11 06:00:00+00:00,5.85,soi_api
Low,2024-03-11 13:52:00+00:00,0.12,soi_api
High,2024-03-11 18:10:00+00:00,6.02,soi_api
Low,2024-03-12 02:15:00+00:00,-0.06,soi_api
High,2024-03-12 06:39:00+00:00,5.88,soi_api
Low,2024-03-12 14:29:00+00:00,0.2,soi_api
High,2024-03-12 18:52:00+00:00,5.8,soi_api
Low,2024-03-13 02:48:00+00:00,0.09,soi_api
High,2024-03-13 07:21:00+00:00,5.71,soi_api
Low,2024-03-13 15:02:00+00:00,0.43,soi_api
High,2024-03-13 19:36:00+00:00,5.42,soi_api
Low,2024-03-14 03:17:00+00:00,0.35,soi_api
High,2024-03-14 08:04:00+00:00,5.39,soi_api
Low,2024-03-14 15:30:00+00:00,0.76,soi_api
High,2024-03-14 20:17:00+00:00,4.97,soi_api
Low,2024-03-15 03:41:00+00:00,0.69,soi_api
High,2024-03-15 08:42:00+00:00,4.99,soi_api
Low,2024-03-15 15:52:00+00:00,1.14,soi_api
High,2024-03-15 20:55:00+00:00,4.49,soi_api
Low,2024-03-16 04:00:00+00:00,1.07,soi_api
High,2024-03-16 09:16:00+00:00,4.57,soi_api
Low,2024-03-16 16:14:00+00:00,1.56,soi_api
High,2024-03-16 21:30:00+00:00,4.03,soi_api
Low,2024-03-17 04:24:00+00:00,1.49,soi_api
High,2024-03-17 09:56:00+00:00,4.12,soi_api
Low,2024-03-17 16:53:00+00:00,1.98,soi_api
High,2024-03-17 22:20:00+00:00,3.58,soi_api
Low,2024-03-18 05:11:00+00:00,1.91,soi_api
High,2024-03-18 11:51:00+00:00,3.75,soi_api
Low,2024-03-18 19:08:00+00:00,2.25,soi_api
High,2024-03-19 00:53:00+00:00,3.33,soi_api
Low,2024-03-19 07:37:00+00:00,2.13,soi_api
High,2024-03-19 14:13:00+00:00,3.85,soi_api
Low,2024-03-19 21:27:00+00:00,2.01,soi_api
High,2024-03-20 03:07:00+00:00,3.58,soi_api
Low,2024-03-20 09:39:00+00:00,1.9,soi_api
High,2024-03-20 15:21:00+00:00,4.18,soi_api
Low,2024-03-20 22:34:00+00:00,1.66,soi_api
High,2024-03-21 04:01:00+00:00,3.97,soi_api
Low,2024-03-21 10:46:00+00:00,1.57,soi_api
High,2024-03-21 16:03:00+00:00,4.51,soi_api
Low,2024-03-21 23:23:00+00:00,1.32,soi_api
High,2024-03-22 04:36:00+00:00,4.34,soi_api
Low,2024-03-22 11:35:00+00:00,1.28,soi_api
High,2024-03-22 16:38:00+00:00,4.8,soi_api
Low,2024-03-23 00:03:00+00:00,1.04,soi_api
High,2024-03-23 05:03:00+00:00,4.67,soi_api
Low,2024-03-23 12:12:00+00:00,1.04,soi_api
High,2024-03-23 17:03:00+00:00,5.01,soi_api
Low,2024-03-24 00:35:00+00:00,0.82,soi_api
High,2024-03-24 05:24:00+00:00,4.94,soi_api
Low,2024-03-24 12:42:00+00:00,0.89,soi_api
High,2024-03-24 17:24:00+00:00,5.13,soi_api
Low,2024-03-25 00:59:00+00:00,0.67,soi_api
High,2024-03-25 05:41:00+00:00,5.13,soi_api
Low,2024-03-25 13:05:00+00:00,0.79,soi_api
High,2024-03-25 17:41:00+00:00,5.19,soi_api
Low,2024-03-26 01:20:00+00:00,0.58,soi_api
High,2024-03-26 05:59:00+00:00,5.26,soi_api
Low,2024-03-26 13:28:00+00:00,0.74,soi_api
High,2024-03-26 18:03:00+00:00,5.19,soi_api
Low,2024-03-27 01:43:00+00:00,0.54,soi_api
High,2024-03-27 06:25:00+00:00,5.31,soi_api
Low,2024-03-27 13:54:00+00:00,0.75,soi_api
High,2024-03-27 18:29:00+00:00,5.12,soi_api
Low,2024-03-28 02:10:00+00:00,0.56,soi_api
High,2024-03-28 06:57:00+00:00,5.28,soi_api
Low,2024-03-28 14:21:00+00:00,0.82,soi_api
High,2024-03-28 19:00:00+00:00,5.0,soi_api
Low,2024-03-29 02:36:00+00:00,0.66,soi_api
High,2024-03-29 07:29:00+00:00,5.18,soi_api
Low,2024-03-29 14:46:00+00:00,0.98,soi_api
High,2024-03-29 19:30:00+00:00,4.82,soi_api
Low,2024-03-30 02:56:00+00:00,0.82,soi_api
High,2024-03-30 08:01:00+00:00,5.02,soi_api
Low,2024-03-30 15:05:00+00:00,1.19,soi_api
High,2024-03-30 20:01:00+00:00,4.62,soi_api
Low,2024-03-31 03:13:00+00:00,1.02,soi_api
High,2024-03-31 08:32:00+00:00,4.82,soi_api
Low,2024-03-31 15:25:00+00:00,1.44,soi_api
High,2024-03-31 20:37:00+00:00,4.38,soi_api
Low,2024-04-01 03:34:00+00:00,1.27,soi_api
High,2024-04-01 09:13:00+00:00,4.57,soi_api
Low,2024-04-01 16:00:00+00:00,1.73,soi_api
High,2024-04-01 21:27:00+00:00,4.06,soi_api
Low,2024-04-02 04:18:00+00:00,1.59,soi_api
High,2024-04-02 10:22:00+00:00,4.26,soi_api
Low,2024-04-02 17:16:00+00:00,2.0,soi_api
High,2024-04-02 23:00:00+00:00,3.73,soi_api
Low,2024-04-03 05:57:00+00:00,1.89,soi_api
High,2024-04-03 12:25:00+00:00,4.2,soi_api
Low,2024-04-03 19:38:00+00:00,1.96,soi_api
High,2024-04-04 01:19:00+00:00,3.79,soi_api
Low,2024-04-04 08:19:00+00:00,1.79,soi_api
High,2024-04-04 14:04:00+00:00,4.52,soi_api
Low,2024-04-04 21:29:00+00:00,1.55,soi_api
High,2024-04-05 02:57:00+00:00,4.29,soi_api
Low,2024-04-05 09:57:00+00:00,1.4,soi_api
High,2024-04-05 15:08:00+00:00,5.0,soi_api
Low,2024-04-05 22:50:00+00:00,1.04,soi_api
High,2024-04-06 03:49:00+00:00,4.9,soi_api
Low,2024-04-06 11:09:00+00:00,0.96,soi_api
High,2024-04-06 15:53:00+00:00,5.44,soi_api
Low,2024-04-06 23:47:00+00:00,0.59,soi_api
High,2024-04-07 04:24:00+00:00,5.45,soi_api
Low,2024-04-07 12:03:00+00:00,0.61,soi_api
High,2024-04-07 16:29:00+00:00,5.77,soi_api
Low,2024-04-08 00:30:00+00:00,0.28,soi_api
High,2024-04-08 04:53:00+00:00,5.85,soi_api
Low,2024-04-08 12:43:00+00:00,0.4,soi_api
High,2024-04-08 17:05:00+00:00,5.93,soi_api
Low,2024-04-09 01:07:00+00:00,0.14,soi_api
High,2024-04-09 05:26:00+00:00,6.05,soi_api
Low,2024-04-09 13:20:00+00:00,0.35,soi_api
High,2024-04-09 17:43:00+00:00,5.9,soi_api
Low,2024-04-10 01:38:00+00:00,0.16,soi_api
High,2024-04-10 06:03:00+00:00,6.04,soi_api
Low,2024-04-10 13:56:00+00:00,0.47,soi_api
High,2024-04-10 18:23:00+00:00,5.68,soi_api
Low,2024-04-11 02:09:00+00:00,0.34,soi_api
High,2024-04-11 06:46:00+00:00,5.82,soi_api
Low,2024-04-11 14:29:00+00:00,0.72,soi_api
High,2024-04-11 19:05:00+00:00,5.32,soi_api
Low,2024-04-12 02:39:00+00:00,0.63,soi_api
High,2024-04-12 07:30:00+00:00,5.46,soi_api
Low,2024-04-12 14:58:00+00:00,1.05,soi_api
High,2024-04-12 19:47:00+00:00,4.9,soi_api
Low,2024-04-13 03:04:00+00:00,0.98,soi_api
High,2024-04-13 08:10:00+00:00,5.05,soi_api
Low,2024-04-13 15:22:00+00:00,1.41,soi_api
High,2024-04-13 20:24:00+00:00,4.47,soi_api
Low,2024-04-14 03:24:00+00:00,1.35,soi_api
High,2024-04-14 08:46:00+00:00,4.64,soi_api
Low,2024-04-14 15:46:00+00:00,1.78,soi_api
High,2024-04-14 21:00:00+00:00,4.07,soi_api
Low,2024-04-15 03:46:00+00:00,1.72,soi_api
High,2024-04-15 09:27:00+00:00,4.25,soi_api
Low,2024-04-15 16:22:00+00:00,2.12,soi_api
High,2024-04-15 21:51:00+00:00,3.71,soi_api
Low,2024-04-16 04:28:00+00:00,2.09,soi_api
High,2024-04-16 11:05:00+00:00,3.94,soi_api
Low,2024-04-16 18:20:00+00:00,2.33,soi_api
High,2024-04-16 23:57:00+00:00,3.51,soi_api
Low,2024-04-17 06:36:00+00:00,2.32,soi_api
High,2024-04-17 13:03:00+00:00,3.97,soi_api
Low,2024-04-17 20:15:00+00:00,2.16,soi_api
High,2024-04-18 02:08:00+00:00,3.71,soi_api
Low,2024-04-18 08:36:00+00:00,2.16,soi_api
High,2024-04-18 14:24:00+00:00,4.23,soi_api
Low,2024-04-18 21:28:00+00:00,1.85,soi_api
High,2024-04-19 03:11:00+00:00,4.11,soi_api
Low,2024-04-19 09:50:00+00:00,1.85,soi_api
High,2024-04-19 15:13:00+00:00,4.53,soi_api
Low,2024-04-19 22:24:00+00:00,1.53,soi_api
High,2024-04-20 03:51:00+00:00,4.53,soi_api
Low,2024-04-20 10:44:00+00:00,1.55,soi_api
High,2024-04-20 15:50:00+00:00,4.79,soi_api
Low,2024-04-20 23:10:00+00:00,1.24,soi_api
High,2024-04-21 04:21:00+00:00,4.9,soi_api
Low,2024-04-21 11:27:00+00:00,1.31,soi_api
High,2024-04-21 16:23:00+00:00,4.98,soi_api
Low,2024-04-21 23:48:00+00:00,1.02,soi_api
High,2024-04-22 04:44:00+00:00,5.18,soi_api
Low,2024-04-22 11:59:00+00:00,1.14,soi_api
High,2024-04-22 16:46:00+00:00,5.09,soi_api
Low,2024-04-23 00:18:00+00:00,0.87,soi_api
High,2024-04-23 05:03:00+00:00,5.37,soi_api
Low,2024-04-23 12:27:00+00:00,1.04,soi_api
High,2024-04-23 17:08:00+00:00,5.14,soi_api
Low,2024-04-24 00:43:00+00:00,0.78,soi_api
High,2024-04-24 05:24:00+00:00,5.48,soi_api
Low,2024-04-24 12:52:00+00:00,1.0,soi_api
High,2024-04-24 17:31:00+00:00,5.16,soi_api
Low,2024-04-25 01:09:00+00:00,0.75,soi_api
High,2024-04-25 05:50:00+00:00,5.52,soi_api
Low,2024-04-25 13:21:00+00:00,1.0,soi_api
High,2024-04-25 18:00:00+00:00,5.13,soi_api
Low,2024-04-26 01:37:00+00:00,0.77,soi_api
High,2024-04-26 06:22:00+00:00,5.48,soi_api
Low,2024-04-26 13:51:00+00:00,1.08,soi_api
High,2024-04-26 18:31:00+00:00,5.04,soi_api
Low,2024-04-27 02:05:00+00:00,0.88,soi_api
High,2024-04-27 06:59:00+00:00,5.37,soi_api
Low,2024-04-27 14:20:00+00:00,1.21,soi_api
High,2024-04-27 19:06:00+00:00,4.89,soi_api
Low,2024-04-28 02:29:00+00:00,1.04,soi_api
High,2024-04-28 07:37:00+00:00,5.21,soi_api
Low,2024-04-28 14:47:00+00:00,1.39,soi_api
High,2024-04-28 19:46:00+00:00,4.7,soi_api
Low,2024-04-29 02:53:00+00:00,1.24,soi_api
High,2024-04-29 08:19:00+00:00,5.02,soi_api
Low,2024-04-29 15:17:00+00:00,1.6,soi_api
High,2024-04-29 20:31:00+00:00,4.48,soi_api
Low,2024-04-30 03:24:00+00:00,1.49,soi_api
High,2024-04-30 09:08:00+00:00,4.8,soi_api
Low,2024-04-30 16:04:00+00:00,1.81,soi_api
High,2024-04-30 21:35:00+00:00,4.22,soi_api
Low,2024-05-01 04:19:00+00:00,1.79,soi_api
High,2024-05-01 10:25:00+00:00,4.6,soi_api
Low,2024-05-01 17:26:00+00:00,1.95,soi_api
High,2024-05-01 23:11:00+00:00,4.07,soi_api
Low,2024-05-02 05:58:00+00:00,1.99,soi_api
High,2024-05-02 12:05:00+00:00,4.59,soi_api
Low,2024-05-02 19:15:00+00:00,1.83,soi_api
High,2024-05-03 00:59:00+00:00,4.23,soi_api
Low,2024-05-03 07:50:00+00:00,1.87,soi_api
High,2024-05-03 13:29:00+00:00,4.81,soi_api
Low,2024-05-03 20:44:00+00:00,1.51,soi_api
High,2024-05-04 02:24:00+00:00,4.68,soi_api
Low,2024-05-04 09:20:00+00:00,1.56,soi_api
High,2024-05-04 14:33:00+00:00,5.13,soi_api
Low,2024-05-04 22:01:00+00:00,1.16,soi_api
High,2024-05-05 03:15:00+00:00,5.19,soi_api
Low,2024-05-05 10:33:00+00:00,1.23,soi_api
High,2024-05-05 15:21:00+00:00,5.4,soi_api
Low,2024-05-05 23:02:00+00:00,0.87,soi_api
High,2024-05-06 03:51:00+00:00,5.62,soi_api
Low,2024-05-06 11:27:00+00:00,0.97,soi_api
High,2024-05-06 16:01:00+00:00,5.59,soi_api
Low,2024-05-06 23:48:00+00:00,0.67,soi_api
High,2024-05-07 04:23:00+00:00,5.91,soi_api
Low,2024-05-07 12:09:00+00:00,0.83,soi_api
High,2024-05-07 16:39:00+00:00,5.66,soi_api
Low,2024-05-08 00:25:00+00:00,0.59,soi_api
High,2024-05-08 04:57:00+00:00,6.04,soi_api
Low,2024-05-08 12:45:00+00:00,0.82,soi_api
High,2024-05-08 17:17:00+00:00,5.62,soi_api
Low,2024-05-09 01:00:00+00:00,0.63,soi_api
High,2024-05-09 05:34:00+00:00,5.99,soi_api
Low,2024-05-09 13:21:00+00:00,0.93,soi_api
High,2024-05-09 17:59:00+00:00,5.46,soi_api
Low,2024-05-10 01:34:00+00:00,0.78,soi_api
High,2024-05-10 06:17:00+00:00,5.79,soi_api
Low,2024-05-10 13:55:00+00:00,1.14,soi_api
High,2024-05-10 18:42:00+00:00,5.2,soi_api
Low,2024-05-11 02:05:00+00:00,1.02,soi_api
High,2024-05-11 07:03:00+00:00,5.48,soi_api
Low,2024-05-11 14:30:00+00:00,1.42,soi_api
High,2024-05-11 19:24:00+00:00,4.89,soi_api
Low,2024-05-12 02:33:00+00:00,1.31,soi_api
High,2024-05-12 07:46:00+00:00,5.14,soi_api
Low,2024-05-12 14:59:00+00:00,1.68,soi_api
High,2024-05-12 20:04:00+00:00,4.58,soi_api
Low,2024-05-13 02:57:00+00:00,1.6,soi_api
High,2024-05-13 08:28:00+00:00,4.82,soi_api
Low,2024-05-13 15:28:00+00:00,1.92,soi_api
High,2024-05-13 20:45:00+00:00,4.3,soi_api
Low,2024-05-14 03:22:00+00:00,1.88,soi_api
High,2024-05-14 09:10:00+00:00,4.55,soi_api
Low,2024-05-14 16:03:00+00:00,2.12,soi_api
High,2024-05-14 21:35:00+00:00,4.07,soi_api
Low,2024-05-15 03:59:00+00:00,2.15,soi_api
High,2024-05-15 10:14:00+00:00,4.34,soi_api
Low,2024-05-15 17:03:00+00:00,2.25,soi_api
High,2024-05-15 22:57:00+00:00,3.94,soi_api
Low,2024-05-16 05:11:00+00:00,2.37,soi_api
High,2024-05-16 11:39:00+00:00,4.27,soi_api
Low,2024-05-16 18:44:00+00:00,2.22,soi_api
High,2024-05-17 00:26:00+00:00,4.01,soi_api
Low,2024-05-17 07:10:00+00:00,2.37,soi_api
High,2024-05-17 12:54:00+00:00,4.35,soi_api
Low,2024-05-17 20:00:00+00:00,2.04,soi_api
High,2024-05-18 01:51:00+00:00,4.29,soi_api
Low,2024-05-18 08:33:00+00:00,2.17,soi_api
High,2024-05-18 14:00:00+00:00,4.53,soi_api
Low,2024-05-18 21:06:00+00:00,1.79,soi_api
High,2024-05-19 02:48:00+00:00,4.66,soi_api
Low,2024-05-19 09:38:00+00:00,1.9,soi_api
High,2024-05-19 14:53:00+00:00,4.72,soi_api
Low,2024-05-19 22:04:00+00:00,1.55,soi_api
High,2024-05-20 03:29:00+00:00,5.01,soi_api
Low,2024-05-20 10:31:00+00:00,1.66,soi_api
High,2024-05-20 15:34:00+00:00,4.87,soi_api
Low,2024-05-20 22:52:00+00:00,1.34,soi_api
High,2024-05-21 04:01:00+00:00,5.28,soi_api
Low,2024-05-21 11:12:00+00:00,1.48,soi_api
High,2024-05-21 16:07:00+00:00,4.98,soi_api
Low,2024-05-21 23:32:00+00:00,1.2,soi_api
High,2024-05-22 04:27:00+00:00,5.47,soi_api
Low,2024-05-22 11:47:00+00:00,1.37,soi_api
High,2024-05-22 16:35:00+00:00,5.06,soi_api
Low,2024-05-23 00:04:00+00:00,1.1,soi_api
High,2024-05-23 04:52:00+00:00,5.59,soi_api
Low,2024-05-23 12:18:00+00:00,1.31,soi_api
High,2024-05-23 17:04:00+00:00,5.12,soi_api
Low,2024-05-24 00:36:00+00:00,1.05,soi_api
High,2024-05-24 05:22:00+00:00,5.66,soi_api
Low,2024-05-24 12:50:00+00:00,1.3,soi_api
High,2024-05-24 17:37:00+00:00,5.15,soi_api
Low,2024-05-25 01:10:00+00:00,1.04,soi_api
High,2024-05-25 05:57:00+00:00,5.66,soi_api
Low,2024-05-25 13:27:00+00:00,1.33,soi_api
High,2024-05-25 18:14:00+00:00,5.13,soi_api
Low,2024-05-26 01:42:00+00:00,1.1,soi_api
High,2024-05-26 06:39:00+00:00,5.58,soi_api
Low,2024-05-26 14:05:00+00:00,1.41,soi_api
High,2024-05-26 18:57:00+00:00,5.04,soi_api
Low,2024-05-27 02:14:00+00:00,1.23,soi_api
High,2024-05-27 07:24:00+00:00,5.45,soi_api
Low,2024-05-27 14:44:00+00:00,1.51,soi_api
High,2024-05-27 19:42:00+00:00,4.9,soi_api
Low,2024-05-28 02:47:00+00:00,1.41,soi_api
High,2024-05-28 08:13:00+00:00,5.3,soi_api
Low,2024-05-28 15:26:00+00:00,1.62,soi_api
High,2024-05-28 20:37:00+00:00,4.74,soi_api
Low,2024-05-29 03:27:00+00:00,1.62,soi_api
High,2024-05-29 09:11:00+00:00,5.14,soi_api
Low,2024-05-29 16:18:00+00:00,1.71,soi_api
High,2024-05-29 21:42:00+00:00,4.61,soi_api
Low,2024-05-30 04:24:00+00:00,1.84,soi_api
High,2024-05-30 10:18:00+00:00,5.01,soi_api
Low,2024-05-30 17:25:00+00:00,1.75,soi_api
High,2024-05-30 22:58:00+00:00,4.57,soi_api
Low,2024-05-31 05:44:00+00:00,1.97,soi_api
High,2024-05-31 11:35:00+00:00,4.95,soi_api
Low,2024-05-31 18:40:00+00:00,1.68,soi_api
High,2024-06-01 00:23:00+00:00,4.69,soi_api
Low,2024-06-01 07:13:00+00:00,1.92,soi_api
High,2024-06-01 12:51:00+00:00,4.99,soi_api
Low,2024-06-01 19:53:00+00:00,1.56,soi_api
High,2024-06-02 01:40:00+00:00,4.97,soi_api
Low,2024-06-02 08:34:00+00:00,1.76,soi_api
High,2024-06-02 13:56:00+00:00,5.1,soi_api
Low,2024-06-02 21:04:00+00:00,1.41,soi_api
High,2024-06-03 02:37:00+00:00,5.3,soi_api
Low,2024-06-03 09:49:00+00:00,1.57,soi_api
High,2024-06-03 14:50:00+00:00,5.21,soi_api
Low,2024-06-03 22:10:00+00:00,1.27,soi_api
High,2024-06-04 03:21:00+00:00,5.57,soi_api
Low,2024-06-04 10:50:00+00:00,1.4,soi_api
High,2024-06-04 15:37:00+00:00,5.28,soi_api
Low,2024-06-04 23:06:00+00:00,1.16,soi_api
High,2024-06-05 03:59:00+00:00,5.75,soi_api
Low,2024-06-05 11:38:00+00:00,1.3,soi_api
High,2024-06-05 16:18:00+00:00,5.32,soi_api
Low,2024-06-05 23:51:00+00:00,1.1,soi_api
High,2024-06-06 04:37:00+00:00,5.84,soi_api
Low,2024-06-06 12:18:00+00:00,1.28,soi_api
High,2024-06-06 17:00:00+00:00,5.31,soi_api
Low,2024-06-07 00:32:00+00:00,1.1,soi_api
High,2024-06-07 05:17:00+00:00,5.83,soi_api
Low,2024-06-07 12:56:00+00:00,1.34,soi_api
High,2024-06-07 17:44:00+00:00,5.26,soi_api
Low,2024-06-08 01:08:00+00:00,1.18,soi_api
High,2024-06-08 06:00:00+00:00,5.72,soi_api
Low,2024-06-08 13:33:00+00:00,1.46,soi_api
High,2024-06-08 18:27:00+00:00,5.15,soi_api
Low,2024-06-09 01:42:00+00:00,1.31,soi_api
High,2024-06-09 06:44:00+00:00,5.54,soi_api
Low,2024-06-09 14:09:00+00:00,1.61,soi_api
High,2024-06-09 19:08:00+00:00,5.0,soi_api
Low,2024-06-10 02:12:00+00:00,1.48,soi_api
High,2024-06-10 07:28:00+00:00,5.34,soi_api
Low,2024-06-10 14:42:00+00:00,1.75,soi_api
High,2024-06-10 19:48:00+00:00,4.85,soi_api
Low,2024-06-11 02:39:00+00:00,1.66,soi_api
High,2024-06-11 08:07:00+00:00,5.14,soi_api
Low,2024-06-11 15:11:00+00:00,1.85,soi_api
High,2024-06-11 20:27:00+00:00,4.7,soi_api
Low,2024-06-12 03:05:00+00:00,1.84,soi_api
High,2024-06-12 08:44:00+00:00,4.96,soi_api
Low,2024-06-12 15:43:00+00:00,1.93,soi_api
High,2024-06-12 21:08:00+00:00,4.56,soi_api
Low,2024-06-13 03:36:00+00:00,2.04,soi_api
High,2024-06-13 09:27:00+00:00,4.79,soi_api
Low,2024-06-13 16:19:00+00:00,2.0,soi_api
High,2024-06-13 21:59:00+00:00,4.45,soi_api
Low,2024-06-14 04:21:00+00:00,2.24,soi_api
High,2024-06-14 10:20:00+00:00,4.63,soi_api
Low,2024-06-14 17:08:00+00:00,2.07,soi_api
High,2024-06-14 23:07:00+00:00,4.4,soi_api
Low,2024-06-15 05:27:00+00:00,2.38,soi_api
High,2024-06-15 11:29:00+00:00,4.53,soi_api
Low,2024-06-15 18:17:00+00:00,2.09,soi_api
High,2024-06-16 00:23:00+00:00,4.48,soi_api
Low,2024-06-16 07:00:00+00:00,2.37,soi_api
High,2024-06-16 12:40:00+00:00,4.52,soi_api
Low,2024-06-16 19:38:00+00:00,2.01,soi_api
High,2024-06-17 01:34:00+00:00,4.69,soi_api
Low,2024-06-17 08:24:00+00:00,2.21,soi_api
High,2024-06-17 13:46:00+00:00,4.59,soi_api
Low,2024-06-17 20:50:00+00:00,1.86,soi_api
High,2024-06-18 02:32:00+00:00,4.96,soi_api
Low,2024-06-18 09:29:00+00:00,2.0,soi_api
High,2024-06-18 14:43:00+00:00,4.7,soi_api
Low,2024-06-18 21:52:00+00:00,1.68,soi_api
High,2024-06-19 03:18:00+00:00,5.21,soi_api
Low,2024-06-19 10:24:00+00:00,1.81,soi_api
High,2024-06-19 15:29:00+00:00,4.82,soi_api
Low,2024-06-19 22:46:00+00:00,1.52,soi_api
High,2024-06-20 03:55:00+00:00,5.44,soi_api
Low,2024-06-20 11:11:00+00:00,1.65,soi_api
High,2024-06-20 16:08:00+00:00,4.97,soi_api
Low,2024-06-20 23:32:00+00:00,1.37,soi_api
High,2024-06-21 04:30:00+00:00,5.64,soi_api
Low,2024-06-21 11:52:00+00:00,1.53,soi_api
High,2024-06-21 16:45:00+00:00,5.13,soi_api
Low,2024-06-22 00:13:00+00:00,1.24,soi_api
High,2024-06-22 05:03:00+00:00,5.81,soi_api
Low,2024-06-22 12:32:00+00:00,1.42,soi_api
High,2024-06-22 17:22:00+00:00,5.27,soi_api
Low,2024-06-23 00:51:00+00:00,1.15,soi_api
High,2024-06-23 05:42:00+00:00,5.92,soi_api
Low,2024-06-23 13:16:00+00:00,1.35,soi_api
High,2024-06-23 18:04:00+00:00,5.36,soi_api
Low,2024-06-24 01:31:00+00:00,1.14,soi_api
High,2024-06-24 06:24:00+00:00,5.93,soi_api
Low,2024-06-24 14:01:00+00:00,1.33,soi_api
High,2024-06-24 18:49:00+00:00,5.37,soi_api
Low,2024-06-25 02:11:00+00:00,1.2,soi_api
High,2024-06-25 07:12:00+00:00,5.84,soi_api
Low,2024-06-25 14:48:00+00:00,1.34,soi_api
High,2024-06-25 19:38:00+00:00,5.31,soi_api
Low,2024-06-26 02:50:00+00:00,1.33,soi_api
High,2024-06-26 08:03:00+00:00,5.7,soi_api
Low,2024-06-26 15:31:00+00:00,1.38,soi_api
High,2024-06-26 20:31:00+00:00,5.22,soi_api
Low,2024-06-27 03:31:00+00:00,1.5,soi_api
High,2024-06-27 08:56:00+00:00,5.52,soi_api
Low,2024-06-27 16:15:00+00:00,1.44,soi_api
High,2024-06-27 21:25:00+00:00,5.11,soi_api
Low,2024-06-28 04:18:00+00:00,1.69,soi_api
High,2024-06-28 09:53:00+00:00,5.32,soi_api
Low,2024-06-28 17:01:00+00:00,1.51,soi_api
High,2024-06-28 22:24:00+00:00,5.02,soi_api
Low,2024-06-29 05:17:00+00:00,1.86,soi_api
High,2024-06-29 10:56:00+00:00,5.12,soi_api
Low,2024-06-29 17:56:00+00:00,1.6,soi_api
High,2024-06-29 23:37:00+00:00,4.98,soi_api
Low,2024-06-30 06:28:00+00:00,1.97,soi_api
High,2024-06-30 12:09:00+00:00,4.96,soi_api
Low,2024-06-30 19:02:00+00:00,1.68,soi_api
High,2024-07-01 00:55:00+00:00,5.03,soi_api
Low,2024-07-01 07:48:00+00:00,1.98,soi_api
High,2024-07-01 13:22:00+00:00,4.89,soi_api
Low,2024-07-01 20:14:00+00:00,1.7,soi_api
High,2024-07-02 02:04:00+00:00,5.18,soi_api
Low,2024-07-02 09:13:00+00:00,1.89,soi_api
High,2024-07-02 14:29:00+00:00,4.91,soi_api
Low,2024-07-02 21:31:00+00:00,1.66,soi_api
High,2024-07-03 03:01:00+00:00,5.35,soi_api
Low,2024-07-03 10:26:00+00:00,1.75,soi_api
High,2024-07-03 15:25:00+00:00,4.97,soi_api
Low,2024-07-03 22:40:00+00:00,1.55,soi_api
High,2024-07-04 03:50:00+00:00,5.51,soi_api
Low,2024-07-04 11:24:00+00:00,1.61,soi_api
High,2024-07-04 16:14:00+00:00,5.05,soi_api
Low,2024-07-04 23:36:00+00:00,1.44,soi_api
High,2024-07-05 04:35:00+00:00,5.64,soi_api
Low,2024-07-05 12:09:00+00:00,1.52,soi_api
High,2024-07-05 16:57:00+00:00,5.15,soi_api
Low,2024-07-06 00:21:00+00:00,1.36,soi_api
High,2024-07-06 05:14:00+00:00,5.73,soi_api
Low,2024-07-06 12:47:00+00:00,1.48,soi_api
High,2024-07-06 17:37:00+00:00,5.22,soi_api
Low,2024-07-07 00:57:00+00:00,1.33,soi_api
High,2024-07-07 05:52:00+00:00,5.74,soi_api
Low,2024-07-07 13:22:00+00:00,1.48,soi_api
High,2024-07-07 18:14:00+00:00,5.25,soi_api
Low,2024-07-08 01:29:00+00:00,1.36,soi_api
High,2024-07-08 06:27:00+00:00,5.7,soi_api
Low,2024-07-08 13:52:00+00:00,1.52,soi_api
High,2024-07-08 18:49:00+00:00,5.24,soi_api
Low,2024-07-09 01:58:00+00:00,1.43,soi_api
High,2024-07-09 07:02:00+00:00,5.6,soi_api
Low,2024-07-09 14:22:00+00:00,1.56,soi_api
High,2024-07-09 19:24:00+00:00,5.2,soi_api
Low,2024-07-10 02:23:00+00:00,1.52,soi_api
High,2024-07-10 07:35:00+00:00,5.48,soi_api
Low,2024-07-10 14:49:00+00:00,1.58,soi_api
High,2024-07-10 19:56:00+00:00,5.14,soi_api
Low,2024-07-11 02:48:00+00:00,1.63,soi_api
High,2024-07-11 08:08:00+00:00,5.33,soi_api
Low,2024-07-11 15:16:00+00:00,1.61,soi_api
High,2024-07-11 20:30:00+00:00,5.04,soi_api
Low,2024-07-12 03:15:00+00:00,1.78,soi_api
High,2024-07-12 08:42:00+00:00,5.14,soi_api
Low,2024-07-12 15:44:00+00:00,1.69,soi_api
High,2024-07-12 21:07:00+00:00,4.91,soi_api
Low,2024-07-13 03:46:00+00:00,1.99,soi_api
High,2024-07-13 09:18:00+00:00,4.92,soi_api
Low,2024-07-13 16:15:00+00:00,1.83,soi_api
High,2024-07-13 21:51:00+00:00,4.74,soi_api
Low,2024-07-14 04:25:00+00:00,2.21,soi_api
High,2024-07-14 10:04:00+00:00,4.68,soi_api
Low,2024-07-14 16:56:00+00:00,1.99,soi_api
High,2024-07-14 22:55:00+00:00,4.61,soi_api
Low,2024-07-15 05:27:00+00:00,2.39,soi_api
High,2024-07-15 11:11:00+00:00,4.48,soi_api
Low,2024-07-15 18:03:00+00:00,2.12,soi_api
High,2024-07-16 00:20:00+00:00,4.6,soi_api
Low,2024-07-16 07:00:00+00:00,2.42,soi_api
High,2024-07-16 12:37:00+00:00,4.39,soi_api
Low,2024-07-16 19:39:00+00:00,2.11,soi_api
High,2024-07-17 01:38:00+00:00,4.77,soi_api
Low,2024-07-17 08:33:00+00:00,2.26,soi_api
High,2024-07-17 13:56:00+00:00,4.47,soi_api
Low,2024-07-17 21:02:00+00:00,1.94,soi_api
High,2024-07-18 02:43:00+00:00,5.04,soi_api
Low,2024-07-18 09:46:00+00:00,2.02,soi_api
High,2024-07-18 15:00:00+00:00,4.67,soi_api
Low,2024-07-18 22:09:00+00:00,1.71,soi_api
High,2024-07-19 03:32:00+00:00,5.37,soi_api
Low,2024-07-19 10:47:00+00:00,1.77,soi_api
High,2024-07-19 15:51:00+00:00,4.94,soi_api
Low,2024-07-19 23:08:00+00:00,1.45,soi_api
High,2024-07-20 04:13:00+00:00,5.72,soi_api
Low,2024-07-20 11:39:00+00:00,1.51,soi_api
High,2024-07-20 16:32:00+00:00,5.26,soi_api
Low,2024-07-20 23:59:00+00:00,1.21,soi_api
High,2024-07-21 04:51:00+00:00,6.04,soi_api
Low,2024-07-21 12:27:00+00:00,1.26,soi_api
High,2024-07-21 17:12:00+00:00,5.56,soi_api
Low,2024-07-22 00:44:00+00:00,1.02,soi_api
High,2024-07-22 05:27:00+00:00,6.28,soi_api
Low,2024-07-22 13:13:00+00:00,1.06,soi_api
High,2024-07-22 17:52:00+00:00,5.78,soi_api
Low,2024-07-23 01:28:00+00:00,0.91,soi_api
High,2024-07-23 06:08:00+00:00,6.36,soi_api
Low,2024-07-23 13:57:00+00:00,0.95,soi_api
High,2024-07-23 18:35:00+00:00,5.88,soi_api
Low,2024-07-24 02:10:00+00:00,0.92,soi_api
High,2024-07-24 06:52:00+00:00,6.28,soi_api
Low,2024-07-24 14:40:00+00:00,0.93,soi_api
High,2024-07-24 19:20:00+00:00,5.85,soi_api
Low,2024-07-25 02:48:00+00:00,1.04,soi_api
High,2024-07-25 07:40:00+00:00,6.07,soi_api
Low,2024-07-25 15:19:00+00:00,1.01,soi_api
High,2024-07-25 20:06:00+00:00,5.72,soi_api
Low,2024-07-26 03:25:00+00:00,1.24,soi_api
High,2024-07-26 08:28:00+00:00,5.78,soi_api
Low,2024-07-26 15:54:00+00:00,1.15,soi_api
High,2024-07-26 20:53:00+00:00,5.52,soi_api
Low,2024-07-27 04:01:00+00:00,1.48,soi_api
High,2024-07-27 09:18:00+00:00,5.44,soi_api
Low,2024-07-27 16:28:00+00:00,1.35,soi_api
High,2024-07-27 21:41:00+00:00,5.28,soi_api
Low,2024-07-28 04:43:00+00:00,1.77,soi_api
High,2024-07-28 10:11:00+00:00,5.08,soi_api
Low,2024-07-28 17:09:00+00:00,1.61,soi_api
High,2024-07-28 22:43:00+00:00,5.02,soi_api
Low,2024-07-29 05:42:00+00:00,2.05,soi_api
High,2024-07-29 11:23:00+00:00,4.74,soi_api
Low,2024-07-29 18:10:00+00:00,1.87,soi_api
High,2024-07-30 00:16:00+00:00,4.85,soi_api
Low,2024-07-30 07:11:00+00:00,2.2,soi_api
High,2024-07-30 12:58:00+00:00,4.56,soi_api
Low,2024-07-30 19:39:00+00:00,2.0,soi_api
High,2024-07-31 01:49:00+00:00,4.91,soi_api
Low,2024-07-31 08:57:00+00:00,2.13,soi_api
High,2024-07-31 14:27:00+00:00,4.61,soi_api
Low,2024-07-31 21:16:00+00:00,1.93,soi_api
High,2024-08-01 03:01:00+00:00,5.11,soi_api
Low,2024-08-01 10:21:00+00:00,1.89,soi_api
High,2024-08-01 15:33:00+00:00,4.79,soi_api
Low,2024-08-01 22:35:00+00:00,1.72,soi_api
High,2024-08-02 03:55:00+00:00,5.35,soi_api
Low,2024-08-02 11:20:00+00:00,1.66,soi_api
High,2024-08-02 16:21:00+00:00,5.01,soi_api
Low,2024-08-02 23:33:00+00:00,1.51,soi_api
High,2024-08-03 04:37:00+00:00,5.57,soi_api
Low,2024-08-03 12:06:00+00:00,1.46,soi_api
High,2024-08-03 16:59:00+00:00,5.21,soi_api
Low,2024-08-04 00:18:00+00:00,1.35,soi_api
High,2024-08-04 05:11:00+00:00,5.74,soi_api
Low,2024-08-04 12:40:00+00:00,1.33,soi_api
High,2024-08-04 17:29:00+00:00,5.37,soi_api
Low,2024-08-05 00:50:00+00:00,1.25,soi_api
High,2024-08-05 05:39:00+00:00,5.84,soi_api
Low,2024-08-05 13:08:00+00:00,1.27,soi_api
High,2024-08-05 17:55:00+00:00,5.48,soi_api
Low,2024-08-06 01:17:00+00:00,1.23,soi_api
High,2024-08-06 06:05:00+00:00,5.86,soi_api
Low,2024-08-06 13:32:00+00:00,1.25,soi_api
High,2024-08-06 18:21:00+00:00,5.54,soi_api
Low,2024-08-07 01:40:00+00:00,1.25,soi_api
High,2024-08-07 06:31:00+00:00,5.81,soi_api
Low,2024-08-07 13:55:00+00:00,1.24,soi_api
High,2024-08-07 18:49:00+00:00,5.56,soi_api
Low,2024-08-08 02:03:00+00:00,1.28,soi_api
High,2024-08-08 06:59:00+00:00,5.71,soi_api
Low,2024-08-08 14:20:00+00:00,1.24,soi_api
High,2024-08-08 19:19:00+00:00,5.52,soi_api
Low,2024-08-09 02:27:00+00:00,1.36,soi_api
High,2024-08-09 07:29:00+00:00,5.56,soi_api
Low,2024-08-09 14:47:00+00:00,1.29,soi_api
High,2024-08-09 19:50:00+00:00,5.41,soi_api
Low,2024-08-10 02:52:00+00:00,1.51,soi_api
High,2024-08-10 08:00:00+00:00,5.35,soi_api
Low,2024-08-10 15:11:00+00:00,1.41,soi_api
High,2024-08-10 20:22:00+00:00,5.23,soi_api
Low,2024-08-11 03:15:00+00:00,1.73,soi_api
High,2024-08-11 08:28:00+00:00,5.09,soi_api
Low,2024-08-11 15:31:00+00:00,1.62,soi_api
High,2024-08-11 20:51:00+00:00,5.0,soi_api
Low,2024-08-12 03:39:00+00:00,2.0,soi_api
High,2024-08-12 08:58:00+00:00,4.81,soi_api
Low,2024-08-12 15:56:00+00:00,1.86,soi_api
High,2024-08-12 21:31:00+00:00,4.75,soi_api
Low,2024-08-13 04:18:00+00:00,2.28,soi_api
High,2024-08-13 09:42:00+00:00,4.51,soi_api
Low,2024-08-13 16:42:00+00:00,2.12,soi_api
High,2024-08-13 22:47:00+00:00,4.52,soi_api
Low,2024-08-14 05:36:00+00:00,2.49,soi_api
High,2024-08-14 11:12:00+00:00,4.25,soi_api
Low,2024-08-14 18:25:00+00:00,2.27,soi_api
High,2024-08-15 00:50:00+00:00,4.56,soi_api
Low,2024-08-15 07:46:00+00:00,2.42,soi_api
High,2024-08-15 13:18:00+00:00,4.27,soi_api
Low,2024-08-15 20:24:00+00:00,2.1,soi_api
High,2024-08-16 02:17:00+00:00,4.89,soi_api
Low,2024-08-16 09:20:00+00:00,2.09,soi_api
High,2024-08-16 14:47:00+00:00,4.59,soi_api
Low,2024-08-16 21:47:00+00:00,1.77,soi_api
High,2024-08-17 03:15:00+00:00,5.35,soi_api
Low,2024-08-17 10:36:00+00:00,1.69,soi_api
High,2024-08-17 15:42:00+00:00,5.03,soi_api
Low,2024-08-17 22:54:00+00:00,1.4,soi_api
High,2024-08-18 03:59:00+00:00,5.84,soi_api
Low,2024-08-18 11:35:00+00:00,1.28,soi_api
High,2024-08-18 16:22:00+00:00,5.52,soi_api
Low,2024-08-18 23:51:00+00:00,1.04,soi_api
High,2024-08-19 04:36:00+00:00,6.27,soi_api
Low,2024-08-19 12:22:00+00:00,0.91,soi_api
High,2024-08-19 16:57:00+00:00,5.96,soi_api
Low,2024-08-20 00:37:00+00:00,0.76,soi_api
High,2024-08-20 05:10:00+00:00,6.57,soi_api
Low,2024-08-20 13:03:00+00:00,0.64,soi_api
High,2024-08-20 17:32:00+00:00,6.27,soi_api
Low,2024-08-21 01:21:00+00:00,0.61,soi_api
High,2024-08-21 05:47:00+00:00,6.68,soi_api
Low,2024-08-21 13:44:00+00:00,0.51,soi_api
High,2024-08-21 18:10:00+00:00,6.39,soi_api
Low,2024-08-22 01:59:00+00:00,0.61,soi_api
High,2024-08-22 06:29:00+00:00,6.55,soi_api
Low,2024-08-22 14:21:00+00:00,0.55,soi_api
High,2024-08-22 18:53:00+00:00,6.31,soi_api
Low,2024-08-23 02:37:00+00:00,0.77,soi_api
High,2024-08-23 07:14:00+00:00,6.25,soi_api
Low,2024-08-23 14:56:00+00:00,0.72,soi_api
High,2024-08-23 19:37:00+00:00,6.07,soi_api
Low,2024-08-24 03:10:00+00:00,1.03,soi_api
High,2024-08-24 07:59:00+00:00,5.83,soi_api
Low,2024-08-24 15:26:00+00:00,0.99,soi_api
High,2024-08-24 20:21:00+00:00,5.72,soi_api
Low,2024-08-25 03:39:00+00:00,1.38,soi_api
High,2024-08-25 08:43:00+00:00,5.36,soi_api
Low,2024-08-25 15:53:00+00:00,1.33,soi_api
High,2024-08-25 21:02:00+00:00,5.32,soi_api
Low,2024-08-26 04:11:00+00:00,1.77,soi_api
High,2024-08-26 09:29:00+00:00,4.89,soi_api
Low,2024-08-26 16:25:00+00:00,1.72,soi_api
High,2024-08-26 21:51:00+00:00,4.88,soi_api
Low,2024-08-27 05:00:00+00:00,2.17,soi_api
High,2024-08-27 10:36:00+00:00,4.44,soi_api
Low,2024-08-27 17:24:00+00:00,2.11,soi_api
High,2024-08-27 23:49:00+00:00,4.54,soi_api
Low,2024-08-28 06:53:00+00:00,2.4,soi_api
High,2024-08-28 12:51:00+00:00,4.24,soi_api
Low,2024-08-28 19:25:00+00:00,2.27,soi_api
High,2024-08-29 01:51:00+00:00,4.64,soi_api
Low,2024-08-29 09:00:00+00:00,2.21,soi_api
High,2024-08-29 14:40:00+00:00,4.44,soi_api
Low,2024-08-29 21:18:00+00:00,2.05,soi_api
High,2024-08-30 03:04:00+00:00,4.95,soi_api
Low,2024-08-30 10:15:00+00:00,1.86,soi_api
High,2024-08-30 15:41:00+00:00,4.78,soi_api
Low,2024-08-30 22:31:00+00:00,1.74,soi_api
High,2024-08-31 03:51:00+00:00,5.27,soi_api
Low,2024-08-31 11:09:00+00:00,1.56,soi_api
High,2024-08-31 16:20:00+00:00,5.09,soi_api
Low,2024-08-31 23:24:00+00:00,1.46,soi_api
High,2024-09-01 04:29:00+00:00,5.54,soi_api
Low,2024-09-01 11:53:00+00:00,1.31,soi_api
High,2024-09-01 16:50:00+00:00,5.35,soi_api
Low,2024-09-02 00:04:00+00:00,1.26,soi_api
High,2024-09-02 04:58:00+00:00,5.73,soi_api
Low,2024-09-02 12:23:00+00:00,1.14,soi_api
High,2024-09-02 17:12:00+00:00,5.56,soi_api
Low,2024-09-03 00:34:00+00:00,1.15,soi_api
High,2024-09-03 05:21:00+00:00,5.85,soi_api
Low,2024-09-03 12:47:00+00:00,1.04,soi_api
High,2024-09-03 17:32:00+00:00,5.7,soi_api
Low,2024-09-04 00:57:00+00:00,1.09,soi_api
High,2024-09-04 05:41:00+00:00,5.88,soi_api
Low,2024-09-04 13:07:00+00:00,0.99,soi_api
High,2024-09-04 17:52:00+00:00,5.78,soi_api
Low,2024-09-05 01:18:00+00:00,1.08,soi_api
High,2024-09-05 06:02:00+00:00,5.85,soi_api
Low,2024-09-05 13:27:00+00:00,0.97,soi_api
High,2024-09-05 18:15:00+00:00,5.8,soi_api
Low,2024-09-06 01:41:00+00:00,1.1,soi_api
High,2024-09-06 06:27:00+00:00,5.76,soi_api
Low,2024-09-06 13:53:00+00:00,0.99,soi_api
High,2024-09-06 18:45:00+00:00,5.75,soi_api
Low,2024-09-07 02:07:00+00:00,1.17,soi_api
High,2024-09-07 06:56:00+00:00,5.6,soi_api
Low,2024-09-07 14:19:00+00:00,1.09,soi_api
High,2024-09-07 19:17:00+00:00,5.61,soi_api
Low,2024-09-08 02:31:00+00:00,1.32,soi_api
High,2024-09-08 07:26:00+00:00,5.38,soi_api
Low,2024-09-08 14:41:00+00:00,1.26,soi_api
High,2024-09-08 19:45:00+00:00,5.41,soi_api
Low,2024-09-09 02:51:00+00:00,1.56,soi_api
High,2024-09-09 07:53:00+00:00,5.12,soi_api
Low,2024-09-09 14:56:00+00:00,1.49,soi_api
High,2024-09-09 20:12:00+00:00,5.16,soi_api
Low,2024-09-10 03:07:00+00:00,1.84,soi_api
High,2024-09-10 08:19:00+00:00,4.84,soi_api
Low,2024-09-10 15:11:00+00:00,1.76,soi_api
High,2024-09-10 20:44:00+00:00,4.88,soi_api
Low,2024-09-11 03:36:00+00:00,2.15,soi_api
High,2024-09-11 08:57:00+00:00,4.52,soi_api
Low,2024-09-11 15:46:00+00:00,2.05,soi_api
High,2024-09-11 21:44:00+00:00,4.57,soi_api
Low,2024-09-12 04:45:00+00:00,2.43,soi_api
High,2024-09-12 10:18:00+00:00,4.18,soi_api
Low,2024-09-12 17:23:00+00:00,2.31,soi_api
High,2024-09-13 00:07:00+00:00,4.46,soi_api
Low,2024-09-13 07:15:00+00:00,2.42,soi_api
High,2024-09-13 12:56:00+00:00,4.16,soi_api
Low,2024-09-13 19:57:00+00:00,2.18,soi_api
High,2024-09-14 01:54:00+00:00,4.82,soi_api
Low,2024-09-14 09:05:00+00:00,2.01,soi_api
High,2024-09-14 14:40:00+00:00,4.61,soi_api
Low,2024-09-14 21:31:00+00:00,1.76,soi_api
High,2024-09-15 02:57:00+00:00,5.35,soi_api
Low,2024-09-15 10:24:00+00:00,1.5,soi_api
High,2024-09-15 15:31:00+00:00,5.2,soi_api
Low,2024-09-15 22:43:00+00:00,1.3,soi_api
High,2024-09-16 03:42:00+00:00,5.88,soi_api
Low,2024-09-16 11:22:00+00:00,1.02,soi_api
High,2024-09-16 16:09:00+00:00,5.78,soi_api
Low,2024-09-16 23:40:00+00:00,0.89,soi_api
High,2024-09-17 04:19:00+00:00,6.32,soi_api
Low,2024-09-17 12:09:00+00:00,0.62,soi_api
High,2024-09-17 16:39:00+00:00,6.27,soi_api
Low,2024-09-18 00:25:00+00:00,0.59,soi_api
High,2024-09-18 04:53:00+00:00,6.6,soi_api
Low,2024-09-18 12:47:00+00:00,0.37,soi_api
High,2024-09-18 17:10:00+00:00,6.58,soi_api
Low,2024-09-19 01:04:00+00:00,0.45,soi_api
High,2024-09-19 05:29:00+00:00,6.68,soi_api
Low,2024-09-19 13:23:00+00:00,0.29,soi_api
High,2024-09-19 17:44:00+00:00,6.66,soi_api
Low,2024-09-20 01:42:00+00:00,0.48,soi_api
High,2024-09-20 06:09:00+00:00,6.51,soi_api
Low,2024-09-20 13:57:00+00:00,0.4,soi_api
High,2024-09-20 18:27:00+00:00,6.5,soi_api
Low,2024-09-21 02:19:00+00:00,0.69,soi_api
High,2024-09-21 06:52:00+00:00,6.15,soi_api
Low,2024-09-21 14:29:00+00:00,0.66,soi_api
High,2024-09-21 19:11:00+00:00,6.15,soi_api
Low,2024-09-22 02:52:00+00:00,1.02,soi_api
High,2024-09-22 07:36:00+00:00,5.67,soi_api
Low,2024-09-22 14:57:00+00:00,1.02,soi_api
High,2024-09-22 19:53:00+00:00,5.69,soi_api
Low,2024-09-23 03:20:00+00:00,1.42,soi_api
High,2024-09-23 08:19:00+00:00,5.15,soi_api
Low,2024-09-23 15:24:00+00:00,1.44,soi_api
High,2024-09-23 20:33:00+00:00,5.18,soi_api
Low,2024-09-24 03:48:00+00:00,1.86,soi_api
High,2024-09-24 09:01:00+00:00,4.64,soi_api
Low,2024-09-24 15:52:00+00:00,1.89,soi_api
High,2024-09-24 21:18:00+00:00,4.68,soi_api
Low,2024-09-25 04:32:00+00:00,2.28,soi_api
High,2024-09-25 10:06:00+00:00,4.18,soi_api
Low,2024-09-25 16:46:00+00:00,2.31,soi_api
High,2024-09-25 23:30:00+00:00,4.3,soi_api
Low,2024-09-26 06:53:00+00:00,2.47,soi_api
High,2024-09-26 12:43:00+00:00,4.02,soi_api
Low,2024-09-26 19:19:00+00:00,2.45,soi_api
High,2024-09-27 01:41:00+00:00,4.43,soi_api
Low,2024-09-27 08:42:00+00:00,2.21,soi_api
High,2024-09-27 14:38:00+00:00,4.32,soi_api
Low,2024-09-27 21:04:00+00:00,2.16,soi_api
High,2024-09-28 02:48:00+00:00,4.76,soi_api
Low,2024-09-28 09:49:00+00:00,1.86,soi_api
High,2024-09-28 15:28:00+00:00,4.72,soi_api
Low,2024-09-28 22:09:00+00:00,1.82,soi_api
High,2024-09-29 03:32:00+00:00,5.09,soi_api
Low,2024-09-29 10:41:00+00:00,1.55,soi_api
High,2024-09-29 16:03:00+00:00,5.08,soi_api
Low,2024-09-29 23:00:00+00:00,1.53,soi_api
High,2024-09-30 04:06:00+00:00,5.36,soi_api
Low,2024-09-30 11:24:00+00:00,1.29,soi_api
High,2024-09-30 16:30:00+00:00,5.39,soi_api
Low,2024-09-30 23:40:00+00:00,1.3,soi_api
High,2024-10-01 04:37:00+00:00,5.55,soi_api
Low,2024-10-01 11:57:00+00:00,1.09,soi_api
High,2024-10-01 16:51:00+00:00,5.63,soi_api
Low,2024-10-02 00:11:00+00:00,1.15,soi_api
High,2024-10-02 05:00:00+00:00,5.66,soi_api
Low,2024-10-02 12:23:00+00:00,0.96,soi_api
High,2024-10-02 17:08:00+00:00,5.79,soi_api
Low,2024-10-03 00:34:00+00:00,1.07,soi_api
High,2024-10-03 05:20:00+00:00,5.69,soi_api
Low,2024-10-03 12:43:00+00:00,0.9,soi_api
High,2024-10-03 17:26:00+00:00,5.86,soi_api
Low,2024-10-04 00:55:00+00:00,1.04,soi_api
High,2024-10-04 05:41:00+00:00,5.66,soi_api
Low,2024-10-04 13:04:00+00:00,0.89,soi_api
High,2024-10-04 17:48:00+00:00,5.86,soi_api
Low,2024-10-05 01:20:00+00:00,1.05,soi_api
High,2024-10-05 06:05:00+00:00,5.58,soi_api
Low,2024-10-05 13:29:00+00:00,0.93,soi_api
High,2024-10-05 18:18:00+00:00,5.78,soi_api
Low,2024-10-06 01:47:00+00:00,1.14,soi_api
High,2024-10-06 06:34:00+00:00,5.43,soi_api
Low,2024-10-06 13:55:00+00:00,1.06,soi_api
High,2024-10-06 18:51:00+00:00,5.62,soi_api
Low,2024-10-07 02:14:00+00:00,1.3,soi_api
High,2024-10-07 07:04:00+00:00,5.23,soi_api
Low,2024-10-07 14:18:00+00:00,1.24,soi_api
High,2024-10-07 19:23:00+00:00,5.41,soi_api
Low,2024-10-08 02:35:00+00:00,1.52,soi_api
High,2024-10-08 07:33:00+00:00,5.0,soi_api
Low,2024-10-08 14:36:00+00:00,1.47,soi_api
High,2024-10-08 19:54:00+00:00,5.18,soi_api
Low,2024-10-09 02:55:00+00:00,1.77,soi_api
High,2024-10-09 08:06:00+00:00,4.74,soi_api
Low,2024-10-09 14:53:00+00:00,1.71,soi_api
High,2024-10-09 20:31:00+00:00,4.92,soi_api
Low,2024-10-10 03:26:00+00:00,2.05,soi_api
High,2024-10-10 08:54:00+00:00,4.44,soi_api
Low,2024-10-10 15:32:00+00:00,2.0,soi_api
High,2024-10-10 21:34:00+00:00,4.62,soi_api
Low,2024-10-11 04:37:00+00:00,2.29,soi_api
High,2024-10-11 10:24:00+00:00,4.15,soi_api
Low,2024-10-11 17:08:00+00:00,2.28,soi_api
High,2024-10-11 23:39:00+00:00,4.5,soi_api
Low,2024-10-12 06:53:00+00:00,2.25,soi_api
High,2024-10-12 12:42:00+00:00,4.2,soi_api
Low,2024-10-12 19:34:00+00:00,2.17,soi_api
High,2024-10-13 01:25:00+00:00,4.8,soi_api
Low,2024-10-13 08:37:00+00:00,1.85,soi_api
High,2024-10-13 14:21:00+00:00,4.69,soi_api
Low,2024-10-13 21:10:00+00:00,1.75,soi_api
High,2024-10-14 02:32:00+00:00,5.26,soi_api
Low,2024-10-14 09:56:00+00:00,1.37,soi_api
High,2024-10-14 15:13:00+00:00,5.3,soi_api
Low,2024-10-14 22:24:00+00:00,1.29,soi_api
High,2024-10-15 03:21:00+00:00,5.7,soi_api
Low,2024-10-15 10:57:00+00:00,0.93,soi_api
High,2024-10-15 15:49:00+00:00,5.86,soi_api
Low,2024-10-15 23:20:00+00:00,0.91,soi_api
High,2024-10-16 04:01:00+00:00,6.05,soi_api
Low,2024-10-16 11:45:00+00:00,0.59,soi_api
High,2024-10-16 16:19:00+00:00,6.3,soi_api
Low,2024-10-17 00:05:00+00:00,0.64,soi_api
High,2024-10-17 04:36:00+00:00,6.26,soi_api
Low,2024-10-17 12:25:00+00:00,0.4,soi_api
High,2024-10-17 16:49:00+00:00,6.55,soi_api
Low,2024-10-18 00:45:00+00:00,0.54,soi_api
High,2024-10-18 05:15:00+00:00,6.29,soi_api
Low,2024-10-18 12:59:00+00:00,0.37,soi_api
High,2024-10-18 17:24:00+00:00,6.57,soi_api
Low,2024-10-19 01:23:00+00:00,0.6,soi_api
High,2024-10-19 05:56:00+00:00,6.13,soi_api
Low,2024-10-19 13:33:00+00:00,0.51,soi_api
High,2024-10-19 18:07:00+00:00,6.36,soi_api
Low,2024-10-20 02:00:00+00:00,0.82,soi_api
High,2024-10-20 06:39:00+00:00,5.8,soi_api
Low,2024-10-20 14:07:00+00:00,0.8,soi_api
High,2024-10-20 18:52:00+00:00,5.97,soi_api
Low,2024-10-21 02:35:00+00:00,1.16,soi_api
High,2024-10-21 07:25:00+00:00,5.36,soi_api
Low,2024-10-21 14:38:00+00:00,1.17,soi_api
High,2024-10-21 19:38:00+00:00,5.49,soi_api
Low,2024-10-22 03:07:00+00:00,1.54,soi_api
High,2024-10-22 08:09:00+00:00,4.89,soi_api
Low,2024-10-22 15:06:00+00:00,1.58,soi_api
High,2024-10-22 20:22:00+00:00,4.99,soi_api
Low,2024-10-23 03:39:00+00:00,1.92,soi_api
High,2024-10-23 08:54:00+00:00,4.44,soi_api
Low,2024-10-23 15:34:00+00:00,1.99,soi_api
High,2024-10-23 21:09:00+00:00,4.55,soi_api
Low,2024-10-24 04:23:00+00:00,2.24,soi_api
High,2024-10-24 10:02:00+00:00,4.07,soi_api
Low,2024-10-24 16:23:00+00:00,2.35,soi_api
High,2024-10-24 22:53:00+00:00,4.23,soi_api
Low,2024-10-25 06:21:00+00:00,2.38,soi_api
High,2024-10-25 11:57:00+00:00,3.94,soi_api
Low,2024-10-25 18:37:00+00:00,2.52,soi_api
High,2024-10-26 00:40:00+00:00,4.24,soi_api
Low,2024-10-26 07:49:00+00:00,2.22,soi_api
High,2024-10-26 13:50:00+00:00,4.14,soi_api
Low,2024-10-26 20:15:00+00:00,2.32,soi_api
High,2024-10-27 02:02:00+00:00,4.46,soi_api
Low,2024-10-27 08:57:00+00:00,1.96,soi_api
High,2024-10-27 14:53:00+00:00,4.51,soi_api
Low,2024-10-27 21:25:00+00:00,2.02,soi_api
High,2024-10-28 02:53:00+00:00,4.73,soi_api
Low,2024-10-28 09:53:00+00:00,1.68,soi_api
High,2024-10-28 15:31:00+00:00,4.89,soi_api
Low,2024-10-28 22:20:00+00:00,1.72,soi_api
High,2024-10-29 03:34:00+00:00,4.97,soi_api
Low,2024-10-29 10:41:00+00:00,1.42,soi_api
High,2024-10-29 16:02:00+00:00,5.23,soi_api
Low,2024-10-29 23:05:00+00:00,1.46,soi_api
High,2024-10-30 04:08:00+00:00,5.15,soi_api
Low,2024-10-30 11:22:00+00:00,1.21,soi_api
High,2024-10-30 16:26:00+00:00,5.49,soi_api
Low,2024-10-30 23:41:00+00:00,1.28,soi_api
High,2024-10-31 04:38:00+00:00,5.25,soi_api
Low,2024-10-31 11:53:00+00:00,1.06,soi_api
High,2024-10-31 16:47:00+00:00,5.64,soi_api
Low,2024-11-01 00:08:00+00:00,1.17,soi_api
High,2024-11-01 05:02:00+00:00,5.28,soi_api
Low,2024-11-01 12:20:00+00:00,0.99,soi_api
High,2024-11-01 17:07:00+00:00,5.71,soi_api
Low,2024-11-02 00:35:00+00:00,1.14,soi_api
High,2024-11-02 05:26:00+00:00,5.27,soi_api
Low,2024-11-02 12:44:00+00:00,0.97,soi_api
High,2024-11-02 17:31:00+00:00,5.7,soi_api
Low,2024-11-03 01:02:00+00:00,1.16,soi_api
High,2024-11-03 05:51:00+00:00,5.23,soi_api
Low,2024-11-03 13:11:00+00:00,1.01,soi_api
High,2024-11-03 18:00:00+00:00,5.62,soi_api
Low,2024-11-04 01:31:00+00:00,1.23,soi_api
High,2024-11-04 06:23:00+00:00,5.13,soi_api
Low,2024-11-04 13:39:00+00:00,1.11,soi_api
High,2024-11-04 18:36:00+00:00,5.47,soi_api
Low,2024-11-05 02:03:00+00:00,1.36,soi_api
High,2024-11-05 06:56:00+00:00,4.99,soi_api
Low,2024-11-05 14:07:00+00:00,1.26,soi_api
High,2024-11-05 19:14:00+00:00,5.29,soi_api
Low,2024-11-06 02:32:00+00:00,1.53,soi_api
High,2024-11-06 07:34:00+00:00,4.8,soi_api
Low,2024-11-06 14:32:00+00:00,1.45,soi_api
High,2024-11-06 19:54:00+00:00,5.1,soi_api
Low,2024-11-07 03:03:00+00:00,1.71,soi_api
High,2024-11-07 08:17:00+00:00,4.6,soi_api
Low,2024-11-07 15:00:00+00:00,1.67,soi_api
High,2024-11-07 20:40:00+00:00,4.9,soi_api
Low,2024-11-08 03:44:00+00:00,1.87,soi_api
High,2024-11-08 09:15:00+00:00,4.4,soi_api
Low,2024-11-08 15:47:00+00:00,1.91,soi_api
High,2024-11-08 21:49:00+00:00,4.7,soi_api
Low,2024-11-09 04:53:00+00:00,1.99,soi_api
High,2024-11-09 10:38:00+00:00,4.26,soi_api
Low,2024-11-09 17:14:00+00:00,2.11,soi_api
High,2024-11-09 23:20:00+00:00,4.62,soi_api
Low,2024-11-10 06:31:00+00:00,1.92,soi_api
High,2024-11-10 12:20:00+00:00,4.35,soi_api
Low,2024-11-10 19:06:00+00:00,2.04,soi_api
High,2024-11-11 00:51:00+00:00,4.75,soi_api
Low,2024-11-11 07:58:00+00:00,1.65,soi_api
High,2024-11-11 13:47:00+00:00,4.73,soi_api
Low,2024-11-11 20:36:00+00:00,1.75,soi_api
High,2024-11-12 02:03:00+00:00,5.02,soi_api
Low,2024-11-12 09:14:00+00:00,1.32,soi_api
High,2024-11-12 14:47:00+00:00,5.22,soi_api
Low,2024-11-12 21:53:00+00:00,1.41,soi_api
High,2024-11-13 02:58:00+00:00,5.29,soi_api
Low,2024-11-13 10:20:00+00:00,1.02,soi_api
High,2024-11-13 15:28:00+00:00,5.65,soi_api
Low,2024-11-13 22:55:00+00:00,1.1,soi_api
High,2024-11-14 03:42:00+00:00,5.5,soi_api
Low,2024-11-14 11:15:00+00:00,0.79,soi_api
High,2024-11-14 16:02:00+00:00,5.97,soi_api
Low,2024-11-14 23:44:00+00:00,0.9,soi_api
High,2024-11-15 04:23:00+00:00,5.63,soi_api
Low,2024-11-15 11:59:00+00:00,0.66,soi_api
High,2024-11-15 16:35:00+00:00,6.14,soi_api
Low,2024-11-16 00:27:00+00:00,0.82,soi_api
High,2024-11-16 05:05:00+00:00,5.65,soi_api
Low,2024-11-16 12:39:00+00:00,0.65,soi_api
High,2024-11-16 17:13:00+00:00,6.13,soi_api
Low,2024-11-17 01:06:00+00:00,0.88,soi_api
High,2024-11-17 05:48:00+00:00,5.55,soi_api
Low,2024-11-17 13:18:00+00:00,0.76,soi_api
High,2024-11-17 17:57:00+00:00,5.94,soi_api
Low,2024-11-18 01:47:00+00:00,1.05,soi_api
High,2024-11-18 06:35:00+00:00,5.33,soi_api
Low,2024-11-18 13:54:00+00:00,0.98,soi_api
High,2024-11-18 18:46:00+00:00,5.62,soi_api
Low,2024-11-19 02:26:00+00:00,1.29,soi_api
High,2024-11-19 07:23:00+00:00,5.03,soi_api
Low,2024-11-19 14:29:00+00:00,1.27,soi_api
High,2024-11-19 19:34:00+00:00,5.24,soi_api
Low,2024-11-20 03:04:00+00:00,1.56,soi_api
High,2024-11-20 08:10:00+00:00,4.7,soi_api
Low,2024-11-20 14:59:00+00:00,1.58,soi_api
High,2024-11-20 20:21:00+00:00,4.87,soi_api
Low,2024-11-21 03:40:00+00:00,1.8,soi_api
High,2024-11-21 08:57:00+00:00,4.41,soi_api
Low,2024-11-21 15:29:00+00:00,1.87,soi_api
High,2024-11-21 21:10:00+00:00,4.56,soi_api
Low,2024-11-22 04:17:00+00:00,1.98,soi_api
High,2024-11-22 09:51:00+00:00,4.17,soi_api
Low,2024-11-22 16:05:00+00:00,2.13,soi_api
High,2024-11-22 22:10:00+00:00,4.33,soi_api
Low,2024-11-23 05:09:00+00:00,2.1,soi_api
High,2024-11-23 10:58:00+00:00,4.03,soi_api
Low,2024-11-23 17:07:00+00:00,2.33,soi_api
High,2024-11-23 23:23:00+00:00,4.2,soi_api
Low,2024-11-24 06:30:00+00:00,2.1,soi_api
High,2024-11-24 12:14:00+00:00,4.05,soi_api
Low,2024-11-24 18:53:00+00:00,2.36,soi_api
High,2024-11-25 00:34:00+00:00,4.2,soi_api
Low,2024-11-25 07:39:00+00:00,2.0,soi_api
High,2024-11-25 13:33:00+00:00,4.24,soi_api
Low,2024-11-25 20:16:00+00:00,2.2,soi_api
High,2024-11-26 01:45:00+00:00,4.3,soi_api
Low,2024-11-26 08:45:00+00:00,1.82,soi_api
High,2024-11-26 14:37:00+00:00,4.55,soi_api
Low,2024-11-26 21:24:00+00:00,1.95,soi_api
High,2024-11-27 02:46:00+00:00,4.45,soi_api
Low,2024-11-27 09:45:00+00:00,1.61,soi_api
High,2024-11-27 15:23:00+00:00,4.86,soi_api
Low,2024-11-27 22:20:00+00:00,1.7,soi_api
High,2024-11-28 03:34:00+00:00,4.59,soi_api
Low,2024-11-28 10:38:00+00:00,1.41,soi_api
High,2024-11-28 15:59:00+00:00,5.1,soi_api
Low,2024-11-28 23:06:00+00:00,1.5,soi_api
High,2024-11-29 04:13:00+00:00,4.69,soi_api
Low,2024-11-29 11:22:00+00:00,1.26,soi_api
High,2024-11-29 16:29:00+00:00,5.26,soi_api
Low,2024-11-29 23:44:00+00:00,1.37,soi_api
High,2024-11-30 04:45:00+00:00,4.75,soi_api
Low,2024-11-30 11:58:00+00:00,1.15,soi_api
High,2024-11-30 16:55:00+00:00,5.35,soi_api
Low,2024-12-01 00:18:00+00:00,1.3,soi_api
High,2024-12-01 05:16:00+00:00,4.8,soi_api
Low,2024-12-01 12:31:00+00:00,1.09,soi_api
High,2024-12-01 17:21:00+00:00,5.39,soi_api
Low,2024-12-02 00:50:00+00:00,1.28,soi_api
High,2024-12-02 05:46:00+00:00,4.84,soi_api
Low,2024-12-02 13:03:00+00:00,1.06,soi_api
High,2024-12-02 17:54:00+00:00,5.39,soi_api
Low,2024-12-03 01:25:00+00:00,1.28,soi_api
High,2024-12-03 06:21:00+00:00,4.85,soi_api
Low,2024-12-03 13:36:00+00:00,1.09,soi_api
High,2024-12-03 18:32:00+00:00,5.33,soi_api
Low,2024-12-04 02:05:00+00:00,1.32,soi_api
High,2024-12-04 07:01:00+00:00,4.81,soi_api
Low,2024-12-04 14:09:00+00:00,1.17,soi_api
High,2024-12-04 19:14:00+00:00,5.23,soi_api
Low,2024-12-05 02:44:00+00:00,1.38,soi_api
High,2024-12-05 07:44:00+00:00,4.73,soi_api
Low,2024-12-05 14:43:00+00:00,1.3,soi_api
High,2024-12-05 20:00:00+00:00,5.1,soi_api
Low,2024-12-06 03:24:00+00:00,1.44,soi_api
High,2024-12-06 08:33:00+00:00,4.64,soi_api
Low,2024-12-06 15:19:00+00:00,1.46,soi_api
High,2024-12-06 20:51:00+00:00,4.97,soi_api
Low,2024-12-07 04:08:00+00:00,1.48,soi_api
High,2024-12-07 09:28:00+00:00,4.55,soi_api
Low,2024-12-07 16:06:00+00:00,1.62,soi_api
High,2024-12-07 21:49:00+00:00,4.83,soi_api
Low,2024-12-08 05:02:00+00:00,1.5,soi_api
High,2024-12-08 10:31:00+00:00,4.49,soi_api
Low,2024-12-08 17:10:00+00:00,1.77,soi_api
High,2024-12-08 22:57:00+00:00,4.71,soi_api
Low,2024-12-09 06:05:00+00:00,1.49,soi_api
High,2024-12-09 11:45:00+00:00,4.51,soi_api
Low,2024-12-09 18:31:00+00:00,1.82,soi_api
High,2024-12-10 00:13:00+00:00,4.64,soi_api
Low,2024-12-10 07:15:00+00:00,1.43,soi_api
High,2024-12-10 13:05:00+00:00,4.66,soi_api
Low,2024-12-10 19:54:00+00:00,1.74,soi_api
High,2024-12-11 01:27:00+00:00,4.65,soi_api
Low,2024-12-11 08:27:00+00:00,1.34,soi_api
High,2024-12-11 14:13:00+00:00,4.91,soi_api
Low,2024-12-11 21:15:00+00:00,1.57,soi_api
High,2024-12-12 02:32:00+00:00,4.73,soi_api
Low,2024-12-12 09:39:00+00:00,1.22,soi_api
High,2024-12-12 15:06:00+00:00,5.17,soi_api
Low,2024-12-12 22:30:00+00:00,1.37,soi_api
High,2024-12-13 03:28:00+00:00,4.82,soi_api
Low,2024-12-13 10:46:00+00:00,1.09,soi_api
High,2024-12-13 15:51:00+00:00,5.38,soi_api
Low,2024-12-13 23:31:00+00:00,1.2,soi_api
High,2024-12-14 04:16:00+00:00,4.91,soi_api
Low,2024-12-14 11:43:00+00:00,0.98,soi_api
High,2024-12-14 16:33:00+00:00,5.51,soi_api
Low,2024-12-15 00:19:00+00:00,1.1,soi_api
High,2024-12-15 05:04:00+00:00,4.97,soi_api
Low,2024-12-15 12:31:00+00:00,0.92,soi_api
High,2024-12-15 17:14:00+00:00,5.55,soi_api
Low,2024-12-16 01:04:00+00:00,1.08,soi_api
High,2024-12-16 05:50:00+00:00,4.98,soi_api
Low,2024-12-16 13:14:00+00:00,0.94,soi_api
High,2024-12-16 18:00:00+00:00,5.49,soi_api
Low,2024-12-17 01:45:00+00:00,1.13,soi_api
High,2024-12-17 06:38:00+00:00,4.93,soi_api
Low,2024-12-17 13:52:00+00:00,1.04,soi_api
High,2024-12-17 18:45:00+00:00,5.34,soi_api
Low,2024-12-18 02:25:00+00:00,1.23,soi_api
High,2024-12-18 07:24:00+00:00,4.82,soi_api
Low,2024-12-18 14:28:00+00:00,1.19,soi_api
High,2024-12-18 19:32:00+00:00,5.13,soi_api
Low,2024-12-19 03:03:00+00:00,1.35,soi_api
High,2024-12-19 08:07:00+00:00,4.67,soi_api
Low,2024-12-19 14:58:00+00:00,1.36,soi_api
High,2024-12-19 20:15:00+00:00,4.91,soi_api
Low,2024-12-20 03:34:00+00:00,1.45,soi_api
High,2024-12-20 08:47:00+00:00,4.53,soi_api
Low,2024-12-20 15:23:00+00:00,1.53,soi_api
High,2024-12-20 20:52:00+00:00,4.71,soi_api
Low,2024-12-21 04:02:00+00:00,1.53,soi_api
High,2024-12-21 09:24:00+00:00,4.39,soi_api
Low,2024-12-21 15:49:00+00:00,1.7,soi_api
High,2024-12-21 21:30:00+00:00,4.51,soi_api
Low,2024-12-22 04:29:00+00:00,1.6,soi_api
High,2024-12-22 10:05:00+00:00,4.26,soi_api
Low,2024-12-22 16:23:00+00:00,1.88,soi_api
High,2024-12-22 22:13:00+00:00,4.31,soi_api
Low,2024-12-23 05:05:00+00:00,1.69,soi_api
High,2024-12-23 10:56:00+00:00,4.15,soi_api
Low,2024-12-23 17:13:00+00:00,2.07,soi_api
High,2024-12-23 23:10:00+00:00,4.11,soi_api
Low,2024-12-24 05:56:00+00:00,1.8,soi_api
High,2024-12-24 12:04:00+00:00,4.09,soi_api
Low,2024-12-24 18:31:00+00:00,2.18,soi_api
High,2024-12-25 00:21:00+00:00,3.97,soi_api
Low,2024-12-25 07:14:00+00:00,1.85,soi_api
High,2024-12-25 13:22:00+00:00,4.17,soi_api
Low,2024-12-25 20:10:00+00:00,2.12,soi_api
High,2024-12-26 01:37:00+00:00,3.94,soi_api
Low,2024-12-26 08:38:00+00:00,1.77,soi_api
High,2024-12-26 14:33:00+00:00,4.35,soi_api
Low,2024-12-26 21:27:00+00:00,1.93,soi_api
High,2024-12-27 02:50:00+00:00,4.0,soi_api
Low,2024-12-27 09:50:00+00:00,1.62,soi_api
High,2024-12-27 15:28:00+00:00,4.57,soi_api
Low,2024-12-27 22:31:00+00:00,1.73,soi_api
High,2024-12-28 03:47:00+00:00,4.11,soi_api
Low,2024-12-28 10:49:00+00:00,1.44,soi_api
High,2024-12-28 16:11:00+00:00,4.78,soi_api
Low,2024-12-28 23:22:00+00:00,1.55,soi_api
High,2024-12-29 04:31:00+00:00,4.26,soi_api
Low,2024-12-29 11:39:00+00:00,1.27,soi_api
High,2024-12-29 16:46:00+00:00,4.97,soi_api
Low,2024-12-30 00:07:00+00:00,1.39,soi_api
High,2024-12-30 05:08:00+00:00,4.43,soi_api
Low,2024-12-30 12:22:00+00:00,1.11,soi_api
High,2024-12-30 17:17:00+00:00,5.15,soi_api
Low,2024-12-31 00:48:00+00:00,1.24,soi_api
High,2024-12-31 05:43:00+00:00,4.62,soi_api
Low,2024-12-31 13:02:00+00:00,0.98,soi_api
High,2024-12-31 17:51:00+00:00,5.3,soi_api
