candidate,observed,matched,missed,extra,joint_pct,time_mae_min,time_p95_min,time_bias_min,height_mae_m,height_p95_m,height_bias_m,hourly_rmse_m
"A-wall-auto+shallow-side-notrend/ev:blend(mlp=0.75,et=0.25)",46451.0,46451.0,0.0,3.0,93.25525822910163,7.832017398838234,20.69018890415,-0.1515226390662067,0.12231069469264012,0.31587662701660557,-0.040288695087237085,0.17646346462450418
"A-wall-auto+shallow-side-notrend/lv:blend(mlp=0.75,lgbm-l31-m100-huber=0.25)/ev:blend(mlp=0.75,et=0.25)",46451.0,46451.0,0.0,3.0,93.25525822910163,7.832017398838234,20.69018890415,-0.1515226390662067,0.12231069469264012,0.31587662701660557,-0.040288695087237085,0.1635833964359726
"A-wall-auto+shallow-side-notrend/ev:blend(mlp=0.5,et=0.5)",46451.0,46451.0,0.0,3.0,93.1562291446901,7.7774522044761,20.622640874783333,-0.1505372797016648,0.12241867743166927,0.31562327324791495,-0.04190889891024716,0.17646346462450418
A-wall-auto+shallow-side-notrend/ev:mlp,46451.0,46451.0,0.0,3.0,93.11747863339863,7.942676932190275,20.934976859433334,-0.15250799843027993,0.12270198760201542,0.31798964919681705,-0.038668491264226994,0.17646346462450418
"A-wall-auto+shallow-side-notrend/ev:blend(mlp=0.25,et=0.75)",46451.0,46451.0,0.0,5.0,93.11317302103292,7.778450016746403,20.727264335850002,-0.14955192033773157,0.1230600179988359,0.31723864282037695,-0.04352910273325725,0.17646346462450418
A-wall-auto+shallow-side-notrend/ev:et,46451.0,46451.0,0.0,6.0,92.9021980151127,7.8380973288504014,20.818797243766667,-0.14856656097344922,0.12422540576129398,0.31925241491826045,-0.04514930655626732,0.17646346462450418
"A-wall-auto+shallow-side-notrend/lv:blend(mlp=0.75,lgbm-l31-m100-huber=0.25)",46451.0,46451.0,0.0,6.0,92.88928117801554,8.32549635168206,23.5,3.108809208656075,0.12021029310231322,0.3114354594264661,-0.038376789370002586,0.1635833964359726
A-wall-auto+shallow-side-notrend/lv:mlp,46451.0,46451.0,0.0,6.0,92.85698908527266,8.392618614791573,23.47213623333333,2.955228015570888,0.12033750057725295,0.3110463914747702,-0.0361316318545043,0.16400679277680016
A-wall-auto+shallow-side-notrend/ev:xgb-d4,46451.0,46451.0,0.0,6.0,92.79455770596974,7.6946349109768795,20.37101067936667,-0.13975091971526046,0.12448892001424817,0.3210810633367006,-0.04398124560211611,0.17646346462450418
A-wall-auto+shallow-side-notrend/ev:lgbm-l31-m100,46451.0,46451.0,0.0,6.0,92.71275107102107,7.516029787233796,20.143185547599998,-0.13648118764150213,0.12593860476567176,0.32594444828857116,-0.04427378427491265,0.17646346462450418
A-wall-auto+shallow-side-notrend/ev:lgbm-l15-m20,46451.0,46451.0,0.0,6.0,92.6955286215582,7.62916520087628,20.2022243451,-0.12599620964283448,0.12495795187383081,0.322580403696328,-0.04439143036184985,0.17646346462450418
A-wall-auto+shallow-side-notrend/ev:lgbm-l31-m40,46451.0,46451.0,0.0,6.0,92.6696949473639,7.520431147532573,20.020874913249997,-0.13092525469993865,0.12637736719334006,0.32687390716277037,-0.04468119563609749,0.17646346462450418
"A-wall-auto+shallow-side-notrend/lv:blend(mlp=0.5,lgbm-l31-m100-huber=0.5)",46451.0,46451.0,0.0,6.0,92.66108372263245,8.346355399576973,23.71010186666667,3.2602806516820593,0.12090105353233614,0.31304626666478313,-0.0406264714398,0.16417703399599995
A-wall-auto+shallow-side-notrend/ev:xgb-d6,46451.0,46451.0,0.0,6.0,92.63525004843814,7.523394180283752,20.103116284016668,-0.13643911165591574,0.12633298950710645,0.32738155272012937,-0.0445739442210274,0.17646346462450418
"A-wall-auto+shallow-side-notrend/lv:blend(mlp=0.25,lgbm-l31-m100-huber=0.75)",46451.0,46451.0,0.0,6.0,92.29725947772921,8.453336632918202,24.25,3.402591904399977,0.12242684241785684,0.3166774681196878,-0.042880290402090314,0.16577677998898913
A-wall-auto+shallow-side-notrend/ev:lgbm-l63-m40,46451.0,46451.0,0.0,6.0,92.28003702826635,7.536687365960012,20.282987986066665,-0.1277608916336171,0.1286949012812313,0.3314654167509386,-0.04510688320121576,0.17646346462450418
A-wall-auto+shallow-side-notrend/lv:lgbm-l31-m100-huber,46451.0,46451.0,0.0,6.0,91.82794772986588,8.646286119958308,24.780788191666666,3.5347419119347987,0.12473942587161953,0.322378734974747,-0.04513781246349017,0.16835395589326238
A-wall-auto+shallow-side-notrend/lv:xgb-d6,46451.0,46451.0,0.0,6.0,91.74398828873437,8.5070078665314,24.168239,3.3317430529220755,0.12519243133553973,0.3229784693952068,-0.04334403788554915,0.16878591479622776
A-wall-auto+shallow-side-notrend/lv:lgbm-l31-m100,46451.0,46451.0,0.0,6.0,91.72030742072292,8.600621579319068,24.5,3.3053711771820486,0.12500124800290358,0.3226104055472462,-0.04309081293055233,0.16911051850866196
A-wall-auto+shallow-side-notrend/lv:lgbm-l63-m400,46451.0,46451.0,0.0,6.0,91.64495920432283,8.468985207337841,24.0,3.405896461890666,0.12653619529879637,0.32736903733026124,-0.044226300480651994,0.17138305399742754
A-wall-auto+shallow-side-notrend,46451.0,46451.0,0.0,6.0,90.89578265268779,9.504259524816474,24.610799433333334,-2.964762942643144,0.13001246993305685,0.33059927772694153,-0.027679217600440193,0.17646346462450418
