start_ist,end_ist,hours,rules,min_height_m,max_height_m,mean_residual_m,max_abs_residual_m,context_residual_m
2000-03-29 18:00,2000-03-29 18:00,1,spike,4.75,4.75,0.88,0.88,0.09
2001-04-05 13:00,2001-04-05 13:00,1,spike,3.8,3.8,0.84,0.84,-0.11
2002-05-24 14:00,2002-05-24 14:00,1,spike,4.78,4.78,2.18,2.18,0.33
2003-06-24 09:00,2003-06-24 09:00,1,spike,4.6,4.6,0.44,0.44,-0.08
2003-09-06 23:00,2003-09-06 23:00,1,spike,4.8,4.8,1.18,1.18,0.27
2004-06-22 02:00,2004-06-22 02:00,1,spike,5.88,5.88,0.85,0.85,-0.05
2004-08-21 14:00,2004-08-21 14:00,1,spike,6.97,6.97,0.93,0.93,0.0
2004-11-04 18:00,2004-11-04 18:00,1,spike,3.96,3.96,0.66,0.66,-0.3
2005-03-11 16:00,2005-03-11 16:00,1,spike,2.0,2.0,-1.0,1.0,-0.16
2005-05-10 14:00,2005-05-10 14:00,1,spike,5.75,5.75,0.83,0.83,-0.17
2005-06-27 19:00,2005-06-27 19:00,1,spike,2.15,2.15,-1.01,1.01,-0.01
2005-08-17 08:00,2005-08-17 08:00,1,spike,7.45,7.45,2.18,2.18,0.03
2005-08-18 10:00,2005-08-18 10:00,1,spike,3.1,3.1,-3.01,3.01,-0.01
2005-10-05 13:00,2005-10-05 13:00,1,spike,4.54,4.54,-0.94,0.94,-0.11
2005-10-10 05:00,2005-10-10 05:00,1,spike,3.25,3.25,-0.92,0.92,-0.13
2005-10-16 01:00,2005-10-16 01:00,1,spike,4.75,4.75,0.88,0.88,-0.05
2005-11-25 04:00,2005-11-25 04:00,1,spike,1.2,1.2,-2.73,2.73,0.16
2006-01-22 20:00,2006-01-22 20:00,1,spike,3.55,3.55,0.91,0.91,-0.08
2006-02-09 03:00,2006-02-09 03:00,1,spike,2.94,2.94,0.84,0.84,-0.03
2006-02-15 02:00,2006-02-15 02:00,1,spike,5.88,5.88,1.11,1.11,0.12
2006-03-08 09:00,2006-03-08 09:00,1,spike,3.42,3.42,0.72,0.72,0.02
2006-03-24 06:00,2006-03-24 06:00,1,spike,2.76,2.76,-0.96,0.96,-0.11
2006-03-26 01:00,2006-03-26 01:00,1,spike,3.55,3.55,0.93,0.93,-0.03
2006-04-15 03:00,2006-04-15 03:00,1,spike,2.68,2.68,-0.9,0.9,0.06
2006-06-09 11:00,2006-06-09 11:00,1,spike,5.6,5.6,0.65,0.65,-0.15
2006-06-12 00:00,2006-06-12 00:00,1,spike,5.8,5.8,0.64,0.64,-0.06
2006-07-01 03:00,2006-07-01 03:00,1,spike,5.88,5.88,0.87,0.87,-0.13
2006-07-08 01:00,2006-07-08 01:00,1,spike,3.58,3.58,0.98,0.98,-0.13
2006-08-11 01:00,2006-08-11 01:00,1,spike,4.46,4.46,-1.39,1.39,-0.31
2006-09-03 04:00,2006-09-03 04:00,1,spike,2.74,2.74,-1.25,1.25,-0.32
2006-10-14 02:00,2006-10-14 02:00,1,spike,5.54,5.54,1.04,1.04,-0.15
2006-10-20 13:00,2006-10-20 13:00,1,spike,4.75,4.75,0.83,0.83,-0.08
2006-11-19 15:00,2006-11-19 15:00,1,spike,2.78,2.78,0.49,0.49,-0.29
2006-11-27 03:00,2006-11-27 03:00,1,spike,3.78,3.78,-1.21,1.21,-0.27
2006-12-05 15:00,2006-12-05 15:00,1,spike,3.57,3.57,0.63,0.63,-0.36
2007-02-12 09:00,2007-02-12 09:00,1,spike,3.3,3.3,0.61,0.61,-0.18
2007-02-13 13:00,2007-02-13 13:00,1,spike,4.86,4.86,2.65,2.65,-0.25
2007-03-18 15:00,2007-03-18 15:00,1,spike,3.68,3.68,0.93,0.93,-0.02
2007-03-27 21:00,2007-03-27 21:00,1,spike,2.0,2.0,-1.7,1.7,-0.45
2007-03-28 12:00,2007-03-28 12:00,1,spike,3.59,3.59,0.98,0.98,-0.21
2007-03-29 13:00,2007-03-29 13:00,1,spike,3.7,3.7,0.99,0.99,-0.23
2007-04-08 17:00,2007-04-08 17:00,1,range|rate,8.57,8.57,5.08,5.08,0.12
2007-05-11 19:00,2007-05-11 19:00,1,spike,5.85,5.85,1.1,1.1,0.07
2007-05-14 20:00,2007-05-14 20:00,1,spike,2.75,2.75,-2.63,2.63,-0.01
2007-05-17 02:00,2007-05-17 02:00,1,spike,6.36,6.36,2.76,2.76,0.07
2007-06-27 14:00,2007-06-27 14:00,1,spike,3.58,3.58,1.03,1.03,-0.04
2007-07-14 11:00,2007-07-14 11:00,1,spike,4.14,4.14,-1.91,1.91,-0.17
2007-09-12 13:00,2007-09-12 13:00,1,spike,4.2,4.2,-1.24,1.24,-0.27
2007-09-28 01:00,2007-09-28 01:00,1,spike,6.75,6.75,0.93,0.93,0.24
2007-11-17 02:00,2007-11-17 02:00,1,spike,5.94,5.94,1.21,1.21,0.07
2016-02-26 23:00,2016-02-26 23:00,1,spike,1.56,1.56,-2.23,2.23,0.17
2016-04-09 09:00,2016-04-09 09:00,1,spike,4.3,4.3,2.43,2.43,0.08
2023-03-11 23:00,2023-03-11 23:00,1,spike,1.0,1.0,-2.42,2.42,-0.12
