year,readings,flagged,flagged_pct,range,spike,rate,flat,manual
2000,8784,1,0.011,0,1,0,0,0
2001,8760,1,0.011,0,1,0,0,0
2002,8040,1,0.012,0,1,0,0,0
2003,8760,2,0.023,0,2,0,0,0
2004,8784,3,0.034,0,3,0,0,0
2005,8760,9,0.103,0,9,0,0,0
2006,8760,18,0.205,0,18,0,0,0
2007,8760,15,0.171,1,14,1,0,0
2008,8784,0,0.0,0,0,0,0,0
2009,8760,0,0.0,0,0,0,0,0
2010,8760,0,0.0,0,0,0,0,0
2011,8760,0,0.0,0,0,0,0,0
2012,8784,0,0.0,0,0,0,0,0
2013,8760,0,0.0,0,0,0,0,0
2014,8760,0,0.0,0,0,0,0,0
2015,8760,0,0.0,0,0,0,0,0
2016,8424,2,0.024,0,2,0,0,0
2021,1944,0,0.0,0,0,0,0,0
2022,3624,0,0.0,0,0,0,0,0
2023,2304,1,0.043,0,1,0,0,0
