time_utc,height_m
2025-12-31 18:30:00+00:00,2.966879011163488
2025-12-31 19:30:00+00:00,2.403490237096355
2025-12-31 20:30:00+00:00,1.936202739855041
2025-12-31 21:30:00+00:00,1.6054709484511611
2025-12-31 22:30:00+00:00,1.5518634228010129
2025-12-31 23:30:00+00:00,2.2621980116746547
2026-01-01 00:30:00+00:00,3.1358612742329295
2026-01-01 01:30:00+00:00,3.8915364255216343
2026-01-01 02:30:00+00:00,4.361143996852325
2026-01-01 03:30:00+00:00,4.4521127660392725
2026-01-01 04:30:00+00:00,4.091039001774728
2026-01-01 05:30:00+00:00,3.4577101619560993
2026-01-01 06:30:00+00:00,2.8383014543387595
2026-01-01 07:30:00+00:00,2.2750006893575887
2026-01-01 08:30:00+00:00,1.7773562081916636
2026-01-01 09:30:00+00:00,1.419738882452563
2026-01-01 10:30:00+00:00,1.253323128647687
2026-01-01 11:30:00+00:00,1.763444118152711
2026-01-01 12:30:00+00:00,2.9558726253791896
2026-01-01 13:30:00+00:00,3.998139003590451
2026-01-01 14:30:00+00:00,4.796643552941246
2026-01-01 15:30:00+00:00,5.158192998320857
2026-01-01 16:30:00+00:00,5.018213461930694
2026-01-01 17:30:00+00:00,4.416204606849789
2026-01-01 18:30:00+00:00,3.6803427145252816
2026-01-01 19:30:00+00:00,2.998041471745934
2026-01-01 20:30:00+00:00,2.3679872794542436
2026-01-01 21:30:00+00:00,1.8543887928905123
2026-01-01 22:30:00+00:00,1.4710253493898904
2026-01-01 23:30:00+00:00,1.3216355632445504
2026-01-02 00:30:00+00:00,2.0507956936240523
2026-01-02 01:30:00+00:00,3.0692065800039243
2026-01-02 02:30:00+00:00,3.9579867481077096
2026-01-02 03:30:00+00:00,4.520294085876263
2026-01-02 04:30:00+00:00,4.655349620456238
2026-01-02 05:30:00+00:00,4.266059503986614
2026-01-02 06:30:00+00:00,3.5675857435693104
2026-01-02 07:30:00+00:00,2.887785212811903
2026-01-02 08:30:00+00:00,2.2543062244207603
2026-01-02 09:30:00+00:00,1.7087635689328728
2026-01-02 10:30:00+00:00,1.3012428984226903
2026-01-02 11:30:00+00:00,1.0785140082588038
2026-01-02 12:30:00+00:00,1.6268698883998796
2026-01-02 13:30:00+00:00,3.0398925776943084
2026-01-02 14:30:00+00:00,4.219387458407391
2026-01-02 15:30:00+00:00,5.091888715834156
2026-01-02 16:30:00+00:00,5.416988271231075
2026-01-02 17:30:00+00:00,5.141233153446832
2026-01-02 18:30:00+00:00,4.41520294867837
2026-01-02 19:30:00+00:00,3.6344088104677414
2026-01-02 20:30:00+00:00,2.9034801383237507
2026-01-02 21:30:00+00:00,2.229259371655694
2026-01-02 22:30:00+00:00,1.6980617939983818
2026-01-02 23:30:00+00:00,1.2812894047379628
2026-01-03 00:30:00+00:00,1.1371872181129186
2026-01-03 01:30:00+00:00,2.018893377464492
2026-01-03 02:30:00+00:00,3.165102194712416
2026-01-03 03:30:00+00:00,4.148143497950941
2026-01-03 04:30:00+00:00,4.744205104116894
2026-01-03 05:30:00+00:00,4.829524242139391
2026-01-03 06:30:00+00:00,4.3277522045396255
2026-01-03 07:30:00+00:00,3.560140925650946
2026-01-03 08:30:00+00:00,2.835111764784697
2026-01-03 09:30:00+00:00,2.1558638485820834
2026-01-03 10:30:00+00:00,1.5922791633669335
2026-01-03 11:30:00+00:00,1.1532357880827424
2026-01-03 12:30:00+00:00,0.9305808606332069
2026-01-03 13:30:00+00:00,1.7518118059215624
2026-01-03 14:30:00+00:00,3.2948387992342467
2026-01-03 15:30:00+00:00,4.536909848732532
2026-01-03 16:30:00+00:00,5.371153292975653
2026-01-03 17:30:00+00:00,5.53590623153712
