final,test_year,horizon,observed,matched,missed,extra,joint_pct,time_mae_min,time_p95_min,time_bias_min,height_mae_m,height_p95_m,height_bias_m,hourly_rmse_m
False,2008,1,1414,1414,0,0,73.97454031117397,14.938092878630362,34.81423444999999,-9.549054865452616,0.18505707534248453,0.42935448149504113,-0.08581078810802549,0.2461241569342954
False,2009,1,1409,1409,0,0,81.19233498935415,14.916971875065057,33.64615384,-10.023676557534895,0.15415587507603978,0.3601039394699699,-0.010498936896393385,0.21422006398005
False,2009,2,1409,1409,0,0,79.13413768630234,14.835907426283418,33.86675190666665,-9.850149233191388,0.16733990661873419,0.3871408535441922,-0.06394961019311256,0.23221955707907865
False,2010,1,1410,1410,0,0,79.71631205673759,14.464509236560284,35.980434779999996,-9.093320543747046,0.1580195647831519,0.4095387411157512,-0.07103696527936694,0.23702694336316663
False,2010,2,1410,1410,0,0,79.07801418439716,14.411147685141845,35.980434779999996,-9.004313451548464,0.1630092428876007,0.41868356457540046,-0.08647146919367868,0.24373278533111942
False,2010,3,1410,1410,0,0,71.84397163120568,14.290761747576832,35.5161764625,-8.854313451548464,0.1927354738239755,0.4667961422400734,-0.1481985584791796,0.2790466769815368
False,2011,1,1410,1410,0,0,77.80141843971631,15.10720419718676,35.7217450275,-11.147048408888889,0.15319186906158638,0.38568946569804985,-0.03980566291111194,0.21518659329592815
False,2011,2,1410,1410,0,0,76.52482269503547,15.080384472080377,35.86764705166666,-11.017261174846334,0.15846413836987452,0.41244081979114045,-0.07602671664636042,0.2295413916926137
False,2011,3,1410,1410,0,0,75.0354609929078,14.998511742789596,36.06291207833333,-10.993502309598108,0.1629843368903727,0.42861224961273364,-0.0931478697919871,0.2386740473653853
False,2012,1,1414,1414,0,0,83.38048090523338,13.357986652911364,33.05526316249998,-7.661678828630362,0.14984300107646079,0.36131228159269635,-0.03727843040999361,0.19783029054801257
False,2012,2,1414,1414,0,0,82.31966053748232,13.447516009323433,32.73217669666666,-7.761749549988211,0.1561873789335695,0.3776025510812597,-0.05889793976377387,0.20702061819258896
False,2012,3,1414,1414,0,0,79.98585572842998,13.423038191407356,32.777511841666666,-7.674762279832625,0.16792304065777505,0.40235371704611,-0.09941186349393782,0.22503271152649224
False,2013,1,1409,1409,0,0,81.19233498935415,13.927545764099834,35.30909091333333,-7.438206371031464,0.15244062304670966,0.38037113836053976,-0.035270784542057294,0.21881557548500474
False,2013,2,1409,1409,0,0,80.97941802696948,13.928509561142654,36.0,-7.241967904033594,0.15668724991665453,0.39869355900734804,-0.05186981662893133,0.2246875720653326
False,2013,3,1409,1409,0,0,79.84386089425124,13.96627008603028,35.757575756666654,-7.343103461166311,0.16452649758288623,0.4150383927541888,-0.07628678650181231,0.23504096065264796
False,2014,1,1410,1410,0,0,77.16312056737588,15.971817571690305,37.234109302499995,-11.643198734503548,0.16304381274063645,0.413250824693643,0.07892787444430352,0.23031412248883837
False,2014,2,1410,1410,0,0,77.87234042553192,15.96994245899527,37.80714286249998,-11.490361855070923,0.1587240004943894,0.4107100853213011,0.0636224140615385,0.22665641013662205
False,2014,3,1410,1410,0,0,79.43262411347517,15.950694226938534,37.857317067499984,-11.343198734503547,0.15431076106693048,0.4053850981767505,0.04518094243876651,0.22231600938308085
False,2015,1,1410,1410,0,0,70.78014184397163,15.129690544172577,35.74173647666666,-11.675117942375888,0.18653222527006635,0.4537841090094319,0.08797183860689303,0.23803114777065962
False,2015,2,1410,1410,0,0,68.08510638297872,15.338017015070921,35.934677414999996,-11.841429999113476,0.1938806268750177,0.4748289479248792,0.10709771063931489,0.24847591669929195
False,2015,3,1410,1410,0,0,70.0,15.298119600839245,36.02894736166667,-11.687883899822696,0.18771863599095856,0.46108440425476854,0.09010065357327086,0.24259747516044572
False,2016,1,1353,1353,0,0,82.18773096821877,14.546035000160138,34.71999999999998,-10.01177169513427,0.14496905271541463,0.3444570657218874,-0.023620577821583548,0.21979063278966757
False,2016,2,1353,1353,0,0,81.81818181818181,14.642404791734418,35.101968129999996,-10.086420623441734,0.14526969603333717,0.35010951286541675,-0.004569863017058437,0.22131698207066272
False,2016,3,1353,1353,0,0,80.48780487804878,14.793741738149793,35.4474308166666,-10.251239544358215,0.14572405881343078,0.347504818112113,0.01638637000628931,0.22521129892237662
True,2021,1,311,311,0,0,65.91639871382637,22.616997552197212,44.457928800000005,-18.31735808392283,0.13963432621477911,0.34972963244107336,-0.04575027514072837,0.2752791415767098
True,2022,2,571,571,0,0,63.74781085814361,20.56567276544075,45.11764705833333,-16.74013681681261,0.1705213556600071,0.4184310668623641,0.05050339184874796,0.2735037716419338
True,2023,3,369,369,0,0,58.53658536585366,26.074901251174342,55.29999999999998,-20.990091578274615,0.14421826030079604,0.399804401471234,0.029249789559366492,0.32838553542248283
