state,time_utc,height_m
Low,2025-12-31 22:04:19.284257862+00:00,1.498318648721514
High,2026-01-01 03:20:02.543726298+00:00,4.448701823577442
Low,2026-01-01 10:19:02.304750858+00:00,1.1691753840185466
High,2026-01-01 15:48:08.367772278+00:00,5.138721951288831
Low,2026-01-01 23:08:24.073009518+00:00,1.2847704801028608
High,2026-01-02 04:18:32.844632184+00:00,4.650673506867142
Low,2026-01-02 11:19:51.566247174+00:00,0.9794309710940644
High,2026-01-02 16:33:59.075459184+00:00,5.370439142582697
Low,2026-01-03 00:04:09.084247920+00:00,1.1161392809381792
High,2026-01-03 05:07:26.451942498+00:00,4.845995966107924
Low,2026-01-03 12:11:50.975298804+00:00,0.8505528553013112
High,2026-01-03 17:16:38.621290368+00:00,5.526160987618545
