year,hours,sparse,mean_level_m,M2_amp_m,M2_phase_deg,S2_amp_m,S2_phase_deg,K1_amp_m,K1_phase_deg,O1_amp_m,O1_phase_deg,M4_amp_m,M4_phase_deg,mean_level_m_departure,mean_level_m_z,M2_amp_m_departure,M2_amp_m_z,S2_amp_m_departure,S2_amp_m_z,K1_amp_m_departure,K1_amp_m_z,O1_amp_m_departure,O1_amp_m_z,M4_amp_m_departure,M4_amp_m_z,M2_phase_deg_departure,M2_phase_deg_z,S2_phase_deg_departure,S2_phase_deg_z,K1_phase_deg_departure,K1_phase_deg_z,O1_phase_deg_departure,O1_phase_deg_z,M4_phase_deg_departure,M4_phase_deg_z,suspect
2000,8783,False,3.4515574844111514,1.648036018586642,167.44802034665753,0.7190484143003613,208.89284302259472,0.14932689385269204,283.1231047839275,0.06060411186456474,252.22821305108198,0.24017405453413648,251.24600470012052,0.09725655287184187,1.7702632346107368,-0.00629910780666787,-0.20669712963224698,0.0022698017552999494,0.13949361238376462,0.0003709536422377979,0.08332427313903544,-0.006876465083694813,-1.5105255818361036,-0.004480305727445039,-0.7175866268430353,-0.8249077810635299,-0.7693036948988485,-1.5936886285887653,-1.6554818008669492,-2.249919617596589,-1.1215439300442935,-7.928421569537875,-1.685404120107752,-2.1309196192620163,-0.7261538072485493,
2001,8759,False,3.424780686929958,1.6386072449417635,167.3759137426116,0.7147402020196716,208.91675381640323,0.14729460373438322,284.3048373257245,0.06531279973151141,261.53210577302127,0.24700232793084662,254.27134771026817,0.07047975539064844,1.282872115741479,-0.020442268273985764,-0.6707867693473172,-0.004192516665734558,-0.25765655230324985,-0.002332975358873071,-0.5240371137932219,-0.002167777216748143,-0.4761869509646541,0.004129050823115765,0.6613280058262381,-0.8970143851094576,-0.8365498503995545,-1.569777834780254,-1.6306438976001583,-1.0681870757995569,-0.5324717921676265,3.442537213903563,0.7318059910221844,1.7893218979356789,0.6097474990770309,
2002,8039,False,3.373349995806093,1.6125244484097774,168.60965454955198,0.7045526602920266,210.4443514970019,0.14798361608708796,286.11176981320625,0.05940284620415463,262.89550821667086,0.2458766969255919,255.43420470331097,0.019049064266783322,0.34673096186804025,-0.04652506480597185,-1.5266602265751166,-0.01438005839337958,-0.8837451495039986,-0.001643963006168328,-0.3692699220584225,-0.008077730744104922,-1.7744028048781106,0.003003419817861036,0.4810417027771601,0.6139564731032294,0.5725718608890228,0.20833785879700883,0.21641588418400776,1.5087633336626993,0.7520910282787691,4.805939657553154,1.0216346884164798,2.952178890978473,1.0060144559114061,
2003,8758,False,3.345483222280523,1.629845378143117,168.4263806967118,0.7031282486273327,211.06725482491774,0.15660515514214918,283.08461377896845,0.068568444211907,255.03926315078746,0.24231453061789054,252.4825009284969,-0.022751096021571326,-0.4141153232847823,-0.029204135072632198,-0.9582961711681953,-0.01580447005807345,-0.9712842168105451,0.007949900172259175,1.7857208501453337,0.002674382882069247,0.5874709912465038,-0.002339829643690977,-0.37475801062376196,0.4306826202630418,0.40165184363991213,0.8734213408944527,0.9072871001281908,-2.288410622555631,-1.1407309946111746,-5.117371469832392,-1.0878380877872635,-0.8939482747212253,-0.30463089142560074,
2004,8781,False,3.321325478735243,1.6971030892615264,168.11947555873033,0.7385831397617667,209.94331547104468,0.1537088044990724,287.5723894494707,0.07199324953783663,256.8106732220606,0.24765756803524078,252.48155069616809,-0.03723793856585589,-0.677804750726608,0.04276796286821649,1.4033757535823317,0.021804527216705394,1.3400255157421925,0.004752864288618153,1.067596909922545,0.0060991882079988805,1.3397842793473704,0.004784290927509927,0.7662743119241076,-0.029675086709147536,-0.027674795141776863,-0.756337542368982,-0.7856635319115256,2.969382969927125,1.480183300706606,-4.243513671662498,-0.902075572448454,-0.9835912503145039,-0.3351785420416722,
2005,8751,False,3.363118640798096,1.687758639849131,167.87192059416716,0.7375520042419416,210.52871180536508,0.1405937833867751,284.9011756333626,0.06848583096835502,260.9448053450649,0.24343202359757116,250.68586719547298,0.013372932755783662,0.24341404766505498,0.02258184475497571,0.7409942226601739,0.013889523302983375,0.8535986789584594,-0.012726143087818012,-2.858569109225875,0.002747239650234462,0.6034751461115391,0.0016032172952883117,0.25677874703394715,-0.4010075335538943,-0.37397704849813523,-0.1287610538669952,-0.13375359371549084,-1.0771458580833269,-0.5369375818840092,2.85523678594717,0.6069591280826743,-1.8848513601239745,-0.6423010886377958,
2006,8742,False,3.3253701954076056,1.6700630078448564,168.83157123006325,0.718817023070451,211.22020640861106,0.14992826433382053,285.84487316968557,0.06647532292816409,259.36846389617483,0.24134308198667515,254.67388660265283,-0.03319322189349316,-0.6041828403455557,0.0014818090299253406,0.048623659500555944,-0.014212948454252416,-0.8734751913371019,-0.003961449831825906,-0.8898279737122747,-0.0007943414661035139,-0.174489812812057,-0.0015301951210557052,-0.2450831755975304,0.8358731536145001,0.7795299308649196,0.5205533951973962,0.5407371657611043,0.3084907982742777,0.15377704144320686,1.2075666969777785,0.25670152230690296,2.403161484146949,0.8189257095257,
2007,8745,False,3.3540081938041015,1.6768718152864077,167.5721483365587,0.742282157570918,210.87059422146226,0.15293104845011385,282.7961666220948,0.06500185970807702,261.1635684423813,0.24015884028042656,252.658936182697,-0.02131996326332697,-0.3880658527765535,0.011695020192252326,0.3837570619399279,0.01861967663195979,1.1442963900899832,-0.000958665715532589,-0.2153372142356795,-0.0012625506660951177,-0.27733945512541897,-0.0022287125116965956,-0.35696097337162086,-0.42354973989003497,-0.3949997652474026,0.031448276214860016,0.03266764160100673,-3.940441548419699,-1.9642383068979692,2.123245103849314,0.4513541585345881,1.286052814538678,0.43824841592260233,
2008,8784,False,3.435666981833279,1.6602905823434544,167.2171544120429,0.7285079388074653,209.49248304159175,0.15407062383222048,286.17158910946,0.0647605735740327,256.75723818790385,0.2341176810029942,248.6416332540325,0.06033882476585051,1.0982869528941597,-0.008073736674458987,-0.264929295899772,0.006054356067489053,0.37207830883891746,0.00016339481468446992,0.03670203663762164,-0.0015038368001394423,-0.33034181514328637,-0.00826987178912894,-1.3245411725439473,-0.8931575422197398,-0.8329529835087137,-1.6610172732317352,-1.7254210248056778,-0.34319750003007243,-0.1710776998230159,-2.6825543483503225,-0.5702507253768706,-3.3079601843458306,-1.127254102114482,
2009,8760,False,3.387537673336761,1.6537265971936868,168.34870331435812,0.7182022493339081,211.1495800851297,0.15873919370705744,288.7524155662068,0.06605349782018019,259.5111211763335,0.25051278847419955,252.05989954084367,-0.05987100570846371,-1.0897717130127567,-0.009751509073525622,-0.319983241586523,-0.006438135976628123,-0.39566400118456785,0.005238357565890278,1.176649281530358,0.00031490650205963366,0.0691742518078801,0.01023603327971881,1.6394507518653656,0.6432423606786273,0.5998836914200658,-0.03923339143445048,-0.040754614383824994,2.074270986829532,1.0339862883771567,0.47079783780154116,0.10008103234787863,1.004049536704727,0.3421501154495826,
2010,8760,False,3.4615149702393477,1.645752094037833,167.8092171795271,0.7128840148360703,211.15742054451727,0.15488340958495816,287.301627231569,0.06498381065077297,258.7121827808891,0.24039467010853494,249.6450498061099,0.014106291194122988,0.2567626338821131,-0.017726012229379418,-0.5816563170677004,-0.014415025772413104,-0.8858941151595185,-0.00022304473463671814,-0.050100708754275386,-0.0015463830518752525,-0.339687780094169,0.0021481802220483237,0.3440625468810687,-0.1659868415678858,-0.15479826164099428,-0.4499283677544099,-0.4673737461318097,-0.4047442055265833,-0.20175761097360712,-1.6251620284682815,-0.3454728983063858,-2.304543632268434,-0.7853196889339622,
2011,8760,False,3.4591503762571705,1.6666656301909704,169.4011999762278,0.7260901424095015,213.565146247549,0.1561422848069693,287.1847000492946,0.06700688958511625,258.12947421610494,0.2456974526889288,251.839287335913,0.010559400220857107,0.19220214410802836,0.008340547756552685,0.2736843587619227,0.0010906265640602264,0.06702587079564132,0.0016652680983799684,0.37405551012270427,-0.00039614582170668933,-0.08701976823009133,0.007333047888388011,1.1744950944915953,1.3222397292851724,1.2331122734345947,1.953877105583544,2.0296361104668486,-1.0933480254696804,-0.5450140670809059,-2.7021189849877203,-0.5744097271287165,0.673131229308737,0.22938303280989855,
2012,8784,False,3.4709592961041524,1.656359582525381,167.60170472783187,0.7231906282115709,212.06511773941364,0.1469566093965727,288.3280533246319,0.07342339107991114,265.9359225196898,0.2355009336904357,250.27241267236488,0.04761527130718668,0.8666929035846236,-0.019664064703818207,-0.6452510190220201,-0.0032586447328357693,-0.20026424078543367,-0.00855623779939102,-1.9219174965856487,0.005543659790620173,1.2177535737923906,-0.010890225792243552,-1.744229270771553,-1.1415930700740091,-1.0646423600788155,-1.171703474137061,-1.2171347292376338,-0.16217587091978203,-0.08084171639163903,6.326289292563729,1.3448268290433432,-3.066695651535696,-1.0450383500652347,
2013,8760,False,3.4712439637911086,1.685381664267428,168.4625779193733,0.7361412660037305,212.9084961795524,0.16159703492107855,288.2280428248966,0.06875257299346568,262.1520652258518,0.23633413949254667,254.61831710695748,0.022533471275075545,0.4101541188590957,0.003018547241274594,0.09904974951696262,0.009691993059323889,0.5956340107177349,0.014390465098588337,3.2324121074510717,-0.00414702593630753,-0.9109606009901405,-0.006733609469358567,-1.07848624614973,-0.07999955202380704,-0.07460706805652938,-0.15462649824229402,-0.1606219365438896,-0.5799541762023637,-0.2890965885787589,-0.6699686729524501,-0.142420272665067,0.7297439214682129,0.2486749486468885,K1_amp_m
2014,8760,False,3.3569318499959144,1.6980606038613364,170.31000060134716,0.7268084034793117,215.6995828708485,0.1474565302484077,289.287940677566,0.07237580677963529,271.46493102655666,0.2470848662764297,261.2798216422522,-0.10340082325234468,-1.8821012099134886,0.022036956632137228,0.7231144189771512,-0.004307300727304286,-0.264710755761792,-0.0034634792423577226,-0.7779729258369004,0.0012878247429468775,0.28289131050128624,0.0066685086047214015,1.0680593885419147,2.0481430084826258,1.9100850061997174,2.9647852270521042,3.0797408595493225,1.0098926028017274,0.5034130596535794,10.534825774671418,2.2394670376090335,8.05101942081697,2.74354712951723,S2_phase_deg
2015,8760,False,3.356158546788093,1.7440536961788122,169.02401767643846,0.7440372920897246,214.84010248379343,0.14248117655949755,291.44855792036117,0.08373730851054748,259.7081452779187,0.26038726297575865,255.93785903506551,-0.10417412646016633,-1.8961768706025646,0.06803004894961306,2.232318651816289,0.017588019145317935,1.0808945404710015,-0.008688793357185393,-1.9516923639710324,0.01317311862399699,2.893686280948501,0.01997090530405035,3.1986331835232944,0.7621600835739315,0.7107855955024439,2.105304839997032,2.186935255338096,3.1705098455969107,1.5804413831785402,-4.335848594852138,-0.9217039005600132,2.7090568136302693,0.9231657081234838,M4_amp_m
2016,8422,False,3.4382706087748955,1.7387718382633268,168.06113726635576,0.7385150279292702,212.5610991080404,0.13228349046347485,291.8335978355706,0.07493588361782126,272.32357379925384,0.24043804523488166,256.6674808318817,-0.022062064473363563,-0.40157357487543405,0.06274819103412765,2.059001270408633,0.012065754984863508,0.7415166302722366,-0.018886479453208094,-4.242314924044009,0.004371693731270776,0.9603124769287508,-0.002608016163850216,-0.41771201244264805,-0.6821605315501245,-0.6361785274459145,-0.6757221055103031,-0.7019223379327117,3.555549760806315,1.7723767644919297,11.393468547368599,2.4219951807093913,3.4386786104464306,1.1717990403338607,K1_amp_m
2021,1944,True,3.173658354394695,1.5240811805583079,180.7360096683647,0.655868492422872,239.89287417771868,0.14355304045517045,302.51232578252734,0.05838677261449298,257.84098438448115,0.21384092079410083,268.5154321111967,-0.275052138121338,-5.006497488749187,-0.1676399535060743,-5.500889691824243,-0.0756063423186491,-4.646485881212189,-0.0036535293673197605,-0.8206623261266897,-0.014512826315280232,-3.1879745111998763,-0.029226828167804406,-4.6811048875041426,11.992711870458805,11.184326012668198,26.656052964167984,27.689606221387255,13.704328781428387,6.831358169391349,-6.203009488289666,-1.3186203151455593,13.237344040185178,4.510891769802337,mean_level_m|M2_amp_m|S2_amp_m|O1_amp_m|M4_amp_m|M2_phase_deg|S2_phase_deg|K1_phase_deg|M4_phase_deg
2022,3624,True,3.503146946978347,1.7610988666779193,173.2483360187352,0.7515058657644247,214.5514266198517,0.11654391991151228,281.10461502109075,0.06049031528571771,266.16527878718784,0.26151868394647926,258.30037192814825,0.05443645446231393,0.9908520414473426,0.06937773261353708,2.276541159754714,0.020031031022903545,1.2310330056938492,-0.030662649910977932,-6.8874994755035,-0.012409283644055503,-2.725897705937961,0.01845093498457402,2.955187659756205,4.505038220829306,4.201369690653466,1.3146054063009984,1.3655774951345137,-7.703381980008203,-3.8399955415828937,2.121284914417032,0.4509374663448018,3.022283857136756,1.0299041360395087,K1_amp_m|M2_phase_deg|K1_phase_deg
2023,2303,True,3.0968311667783883,1.6632142341270812,178.99007083837515,0.7413411678696091,237.4356178745042,0.13996776455602145,304.83404677189515,0.06217401053570911,248.02141924110626,0.23292487183077995,269.74675978990143,-0.3518793257376447,-6.404905530569325,-0.028506899937300934,-0.9354172960044507,0.00986633312808799,0.6063483058839771,-0.007238805266468765,-1.6259934356888557,-0.010725588394064102,-2.3560471044772737,-0.010142877131125286,-1.6245304293459835,10.246773040469265,9.556074681050701,24.198796660953505,25.13707304955971,16.02604977079619,7.9886937748577544,-16.022574631664554,-3.4060390283352966,14.468671718889937,4.930491492748075,mean_level_m|M2_phase_deg|S2_phase_deg|K1_phase_deg|O1_phase_deg|M4_phase_deg
