time_utc,height_m,qc_flag
2000-03-29 12:30:00+00:00,4.75,spike
2001-04-05 07:30:00+00:00,3.8,spike
2002-05-24 08:30:00+00:00,4.78,spike
2003-06-24 03:30:00+00:00,4.6,spike
2003-09-06 17:30:00+00:00,4.8,spike
2004-06-21 20:30:00+00:00,5.88,spike
2004-08-21 08:30:00+00:00,6.97,spike
2004-11-04 12:30:00+00:00,3.96,spike
2005-03-11 10:30:00+00:00,2.0,spike
2005-05-10 08:30:00+00:00,5.75,spike
2005-06-27 13:30:00+00:00,2.15,spike
2005-08-17 02:30:00+00:00,7.45,spike
2005-08-18 04:30:00+00:00,3.1,spike
2005-10-05 07:30:00+00:00,4.54,spike
2005-10-09 23:30:00+00:00,3.25,spike
2005-10-15 19:30:00+00:00,4.75,spike
2005-11-24 22:30:00+00:00,1.2,spike
2006-01-22 14:30:00+00:00,3.55,spike
2006-02-08 21:30:00+00:00,2.94,spike
2006-02-14 20:30:00+00:00,5.88,spike
2006-03-08 03:30:00+00:00,3.42,spike
2006-03-24 00:30:00+00:00,2.76,spike
2006-03-25 19:30:00+00:00,3.55,spike
2006-04-14 21:30:00+00:00,2.68,spike
2006-06-09 05:30:00+00:00,5.6,spike
2006-06-11 18:30:00+00:00,5.8,spike
2006-06-30 21:30:00+00:00,5.88,spike
2006-07-07 19:30:00+00:00,3.58,spike
2006-08-10 19:30:00+00:00,4.46,spike
2006-09-02 22:30:00+00:00,2.74,spike
2006-10-13 20:30:00+00:00,5.54,spike
2006-10-20 07:30:00+00:00,4.75,spike
2006-11-19 09:30:00+00:00,2.78,spike
2006-11-26 21:30:00+00:00,3.78,spike
2006-12-05 09:30:00+00:00,3.57,spike
2007-02-12 03:30:00+00:00,3.3,spike
2007-02-13 07:30:00+00:00,4.86,spike
2007-03-18 09:30:00+00:00,3.68,spike
2007-03-27 15:30:00+00:00,2.0,spike
2007-03-28 06:30:00+00:00,3.59,spike
2007-03-29 07:30:00+00:00,3.7,spike
2007-04-08 11:30:00+00:00,8.57,range|rate
2007-05-11 13:30:00+00:00,5.85,spike
2007-05-14 14:30:00+00:00,2.75,spike
2007-05-16 20:30:00+00:00,6.36,spike
2007-06-27 08:30:00+00:00,3.58,spike
2007-07-14 05:30:00+00:00,4.14,spike
2007-09-12 07:30:00+00:00,4.2,spike
2007-09-27 19:30:00+00:00,6.75,spike
2007-11-16 20:30:00+00:00,5.94,spike
2016-02-26 17:30:00+00:00,1.56,spike
2016-04-09 03:30:00+00:00,4.3,spike
2023-03-11 17:30:00+00:00,1.0,spike
